nohup: ignoring input
Starting a Gradle Daemon (subsequent builds will be faster)
Isolated Projects is an incubating feature.
Calculating task graph as no cached configuration is available for tasks: :swirlds-benchmarks:jmhJar
> Task :besu-native-patch:compileJava UP-TO-DATE
> Task :besu-native-patch:pluginDescriptors UP-TO-DATE
> Task :besu-native-patch:processResources UP-TO-DATE
> Task :besu-native-patch:classes UP-TO-DATE
> Task :besu-native-patch:jar UP-TO-DATE
> Task :hapi:protobufDummy UP-TO-DATE
> Task :swirlds-logging:generateMetaInfServices UP-TO-DATE
> Task :base-concurrent:generateMetaInfServices UP-TO-DATE
> Task :swirlds-config-processor:generateMetaInfServices UP-TO-DATE
> Task :base-crypto:generateMetaInfServices UP-TO-DATE
> Task :swirlds-metrics-api:processResources NO-SOURCE
> Task :swirlds-base:processResources NO-SOURCE
> Task :base-utility:processResources NO-SOURCE
> Task :swirlds-metrics-impl:processResources NO-SOURCE
> Task :swirlds-config-extensions:processResources NO-SOURCE
> Task :swirlds-config-api:processResources NO-SOURCE
> Task :swirlds-state-api:processResources NO-SOURCE
> Task :consensus-roster:processResources NO-SOURCE
> Task :consensus-model:processResources NO-SOURCE
> Task :swirlds-benchmarks:processResources NO-SOURCE
> Task :consensus-metrics:generateMetaInfServices UP-TO-DATE
> Task :swirlds-config-processor:processResources UP-TO-DATE
> Task :swirlds-common:processResources UP-TO-DATE
> Task :consensus-metrics:processResources UP-TO-DATE
> Task :swirlds-merkledb:generateMetaInfServices UP-TO-DATE
> Task :swirlds-virtualmap:generateMetaInfServices UP-TO-DATE
> Task :swirlds-config-impl:generateMetaInfServices UP-TO-DATE
> Task :swirlds-logging:processResources UP-TO-DATE
> Task :hapi:extractProto UP-TO-DATE
> Task :base-concurrent:processResources UP-TO-DATE
> Task :swirlds-merkledb:processResources UP-TO-DATE
> Task :base-crypto:processResources UP-TO-DATE
> Task :swirlds-virtualmap:processResources UP-TO-DATE
> Task :swirlds-config-impl:processResources UP-TO-DATE
> Task :hapi:extractIncludeProto UP-TO-DATE
> Task :swirlds-benchmarks:processJmhResources
> Task :hapi:processProtoResources UP-TO-DATE
> Task :consensus-utility:generateMetaInfServices FROM-CACHE
> Task :consensus-utility:processResources UP-TO-DATE
> Task :hapi:processResources UP-TO-DATE
> Task :hapi:generateProto UP-TO-DATE
> Task :swirlds-config-api:compileJava UP-TO-DATE
> Task :swirlds-base:compileJava UP-TO-DATE
> Task :swirlds-config-api:classes UP-TO-DATE
> Task :swirlds-base:classes UP-TO-DATE
> Task :swirlds-base:jar UP-TO-DATE
> Task :swirlds-config-api:jar UP-TO-DATE
> Task :swirlds-benchmarks:compileJava FROM-CACHE
> Task :swirlds-benchmarks:classes UP-TO-DATE
> Task :swirlds-metrics-api:compileJava UP-TO-DATE
> Task :swirlds-metrics-api:classes UP-TO-DATE
> Task :swirlds-config-extensions:compileJava UP-TO-DATE
> Task :swirlds-metrics-api:jar UP-TO-DATE
> Task :swirlds-config-extensions:classes UP-TO-DATE
> Task :swirlds-config-extensions:jar UP-TO-DATE
> Task :swirlds-config-processor:compileJava UP-TO-DATE
> Task :swirlds-config-processor:classes UP-TO-DATE
> Task :swirlds-metrics-impl:compileJava UP-TO-DATE
> Task :swirlds-metrics-impl:classes UP-TO-DATE
> Task :swirlds-config-processor:jar UP-TO-DATE
> Task :swirlds-metrics-impl:jar UP-TO-DATE
> Task :hapi:generatePbjSource UP-TO-DATE
> Task :swirlds-config-impl:compileJava UP-TO-DATE
> Task :swirlds-config-impl:classes UP-TO-DATE
> Task :swirlds-logging:compileJava UP-TO-DATE
> Task :swirlds-logging:classes UP-TO-DATE
> Task :swirlds-config-impl:jar UP-TO-DATE
> Task :swirlds-logging:jar UP-TO-DATE
> Task :base-utility:compileJava UP-TO-DATE
> Task :base-utility:classes UP-TO-DATE
> Task :base-utility:jar UP-TO-DATE
> Task :base-concurrent:compileJava UP-TO-DATE
> Task :base-concurrent:classes UP-TO-DATE
> Task :base-concurrent:jar UP-TO-DATE
> Task :base-crypto:compileJava UP-TO-DATE
> Task :base-crypto:classes UP-TO-DATE
> Task :base-crypto:jar UP-TO-DATE
> Task :swirlds-state-api:compileJava FROM-CACHE
> Task :swirlds-state-api:classes UP-TO-DATE
> Task :swirlds-state-api:jar
> Task :hapi:compileJava UP-TO-DATE
> Task :hapi:classes UP-TO-DATE
> Task :hapi:jar UP-TO-DATE
> Task :consensus-model:compileJava UP-TO-DATE
> Task :consensus-model:classes UP-TO-DATE
> Task :consensus-model:jar UP-TO-DATE
> Task :swirlds-common:compileJava UP-TO-DATE
> Task :swirlds-common:classes UP-TO-DATE
> Task :swirlds-common:jar UP-TO-DATE
> Task :consensus-metrics:compileJava UP-TO-DATE
> Task :consensus-metrics:classes UP-TO-DATE
> Task :consensus-metrics:jar UP-TO-DATE
> Task :swirlds-virtualmap:compileJava UP-TO-DATE
> Task :swirlds-virtualmap:classes UP-TO-DATE
> Task :swirlds-virtualmap:jar UP-TO-DATE
> Task :consensus-roster:compileJava FROM-CACHE
> Task :consensus-roster:classes UP-TO-DATE
> Task :consensus-roster:jar
> Task :consensus-utility:compileJava FROM-CACHE
> Task :consensus-utility:classes UP-TO-DATE
> Task :consensus-utility:jar

> Task :swirlds-merkledb:compileJava
Note: ConfigDataAnnotationProcessor: Config Data Annotation Processor started...
Note: ConfigDataAnnotationProcessor: handling: MerkleDbConfig.java in com.swirlds.merkledb.config
Note: ConfigDataAnnotationProcessor: generating config constants file: /home/nikita.lebedev/hiero-consensus-node/platform-sdk/swirlds-merkledb/build/generated/sources/annotationProcessor/java/main/com/swirlds/merkledb/config/MerkleDbConfig_.java
Note: ConfigDataAnnotationProcessor: generating config doc file: config.md

> Task :swirlds-merkledb:classes
> Task :swirlds-merkledb:jar

> Task :swirlds-benchmarks:compileJmhJava
Note: /home/nikita.lebedev/hiero-consensus-node/platform-sdk/swirlds-benchmarks/src/jmh/java/com/swirlds/benchmark/BaseBench.java uses or overrides a deprecated API that is marked for removal.
Note: Recompile with -Xlint:removal for details.

> Task :swirlds-benchmarks:jmhClasses
> Task :swirlds-benchmarks:jmhRunBytecodeGenerator
> Task :swirlds-benchmarks:jmhCompileGeneratedClasses
> Task :swirlds-benchmarks:jmhJar

[Incubating] Problems report is available at: file:///home/nikita.lebedev/hiero-consensus-node/build/reports/problems/problems-report.html

BUILD SUCCESSFUL in 20s
75 actionable tasks: 10 executed, 5 from cache, 60 up-to-date
Configuration cache entry stored.

Running merkledb-snapshot-block-A
WARNING: A terminally deprecated method in sun.misc.Unsafe has been called
WARNING: sun.misc.Unsafe::objectFieldOffset has been called by org.openjdk.jmh.util.Utils (file:/home/nikita.lebedev/hiero-consensus-node/platform-sdk/swirlds-benchmarks/build/libs/swirlds-benchmarks-0.79.0-SNAPSHOT-jmh.jar)
WARNING: Please consider reporting this to the maintainers of class org.openjdk.jmh.util.Utils
WARNING: sun.misc.Unsafe::objectFieldOffset will be removed in a future release
# JMH version: 1.37
# VM version: JDK 25.0.2, OpenJDK 64-Bit Server VM, 25.0.2+10-LTS
# VM invoker: /home/nikita.lebedev/.local/jdks/jdk-25.0.2+10/bin/java
# VM options: -Xms4g -Xmx32g -XX:MaxDirectMemorySize=16g
# Blackhole mode: compiler (auto-detected, use -Djmh.blackhole.autoDetect=false to disable)
# Warmup: 1 iterations, single-shot each
# Measurement: 3 iterations, single-shot each
# Timeout: 60 min per iteration
# Threads: 1 thread
# Benchmark mode: Single shot invocation time
# Benchmark: com.swirlds.benchmark.MerkleDbSnapshotBenchmark.snapshot
# Parameters: (keySize = 32, maxKey = 100000000, numFiles = 1000, numRecords = 100000, numThreads = 32, recordSize = 128, snapshotMode = FORCED, threadsPerLongList = 1, useDiskIndices = false)

# Run progress: 0.00% complete, ETA 00:00:00
# Fork: 1 of 1
WARNING: A terminally deprecated method in sun.misc.Unsafe has been called
WARNING: sun.misc.Unsafe::objectFieldOffset has been called by org.openjdk.jmh.util.Utils (file:/home/nikita.lebedev/hiero-consensus-node/platform-sdk/swirlds-benchmarks/build/libs/swirlds-benchmarks-0.79.0-SNAPSHOT-jmh.jar)
WARNING: Please consider reporting this to the maintainers of class org.openjdk.jmh.util.Utils
WARNING: sun.misc.Unsafe::objectFieldOffset will be removed in a future release
# Warmup Iteration   1: 2026-08-28 11:32:24.111 Benchmark configuration: BenchmarkConfig[benchmarkData=data,saveDataDirectory=true,verifyResult=true,enableSnapshots=false,printHistogram=false,csvOutputFolder=data,csvMetricsFileName=BenchmarkMetrics.csv,csvMetricNamesFileName=BenchmarkMetricNames.csv,csvWriteFrequency=0,csvAppend=true,deviceName=sda]
2026-08-28 11:32:24.113 Build: 3.15.0 (0a5e91a)
2026-08-28 11:32:24.114 Benchmark data directory: /home/nikita.lebedev/hiero-consensus-node/platform-sdk/swirlds-benchmarks/build/tmp/merkledb-snapshot-campaign/run.ydyLKD/data/MerkleDbSnapshotBenchmark
2026-08-28 11:40:46.115 Pre-created 100000000 records in 501941 ms
2026-08-28 11:40:46.116 Flushing map state...
2026-08-28 11:40:48.832 Flushed map in 2716 ms
2026-08-28 11:40:55.339 Loaded 262144 hash chunks into the snapshot source cache
2026-08-28 11:40:59.167 Forced snapshot files after return in 1122 ms
2704.808 ms/op
Iteration   1: 2026-08-28 11:41:03.165 Forced snapshot files after return in 1125 ms
2703.335 ms/op
Iteration   2: 2026-08-28 11:41:07.182 Forced snapshot files after return in 1132 ms
2717.875 ms/op
Iteration   3: 2026-08-28 11:41:11.198 Forced snapshot files after return in 1115 ms
2735.285 ms/op


Result "com.swirlds.benchmark.MerkleDbSnapshotBenchmark.snapshot":
  N = 3
  mean =   2718.832 ±(99.9%) 291.838 ms/op

  Histogram, ms/op:
    [2700.000, 2702.500) = 0 
    [2702.500, 2705.000) = 1 
    [2705.000, 2707.500) = 0 
    [2707.500, 2710.000) = 0 
    [2710.000, 2712.500) = 0 
    [2712.500, 2715.000) = 0 
    [2715.000, 2717.500) = 0 
    [2717.500, 2720.000) = 1 
    [2720.000, 2722.500) = 0 
    [2722.500, 2725.000) = 0 
    [2725.000, 2727.500) = 0 
    [2727.500, 2730.000) = 0 
    [2730.000, 2732.500) = 0 
    [2732.500, 2735.000) = 0 
    [2735.000, 2737.500) = 1 

  Percentiles, ms/op:
      p(0.0000) =   2703.335 ms/op
     p(50.0000) =   2717.875 ms/op
     p(90.0000) =   2735.285 ms/op
     p(95.0000) =   2735.285 ms/op
     p(99.0000) =   2735.285 ms/op
     p(99.9000) =   2735.285 ms/op
     p(99.9900) =   2735.285 ms/op
     p(99.9990) =   2735.285 ms/op
     p(99.9999) =   2735.285 ms/op
    p(100.0000) =   2735.285 ms/op


# JMH version: 1.37
# VM version: JDK 25.0.2, OpenJDK 64-Bit Server VM, 25.0.2+10-LTS
# VM invoker: /home/nikita.lebedev/.local/jdks/jdk-25.0.2+10/bin/java
# VM options: -Xms4g -Xmx32g -XX:MaxDirectMemorySize=16g
# Blackhole mode: compiler (auto-detected, use -Djmh.blackhole.autoDetect=false to disable)
# Warmup: 1 iterations, single-shot each
# Measurement: 3 iterations, single-shot each
# Timeout: 60 min per iteration
# Threads: 1 thread
# Benchmark mode: Single shot invocation time
# Benchmark: com.swirlds.benchmark.MerkleDbSnapshotBenchmark.snapshot
# Parameters: (keySize = 32, maxKey = 100000000, numFiles = 1000, numRecords = 100000, numThreads = 32, recordSize = 128, snapshotMode = FORCED, threadsPerLongList = 1, useDiskIndices = true)

# Run progress: 4.17% complete, ETA 03:23:15
# Fork: 1 of 1
WARNING: A terminally deprecated method in sun.misc.Unsafe has been called
WARNING: sun.misc.Unsafe::objectFieldOffset has been called by org.openjdk.jmh.util.Utils (file:/home/nikita.lebedev/hiero-consensus-node/platform-sdk/swirlds-benchmarks/build/libs/swirlds-benchmarks-0.79.0-SNAPSHOT-jmh.jar)
WARNING: Please consider reporting this to the maintainers of class org.openjdk.jmh.util.Utils
WARNING: sun.misc.Unsafe::objectFieldOffset will be removed in a future release
# Warmup Iteration   1: 2026-08-28 11:41:14.345 Benchmark configuration: BenchmarkConfig[benchmarkData=data,saveDataDirectory=true,verifyResult=true,enableSnapshots=false,printHistogram=false,csvOutputFolder=data,csvMetricsFileName=BenchmarkMetrics.csv,csvMetricNamesFileName=BenchmarkMetricNames.csv,csvWriteFrequency=0,csvAppend=true,deviceName=sda]
2026-08-28 11:41:14.347 Build: 3.15.0 (0a5e91a)
2026-08-28 11:41:14.347 Benchmark data directory: /home/nikita.lebedev/hiero-consensus-node/platform-sdk/swirlds-benchmarks/build/tmp/merkledb-snapshot-campaign/run.ydyLKD/data/MerkleDbSnapshotBenchmark
2026-08-28 11:41:16.530 Loaded 262144 hash chunks into the snapshot source cache
2026-08-28 11:41:21.482 Forced snapshot files after return in 1134 ms
3817.216 ms/op
Iteration   1: 2026-08-28 11:41:27.237 Forced snapshot files after return in 1859 ms
3714.515 ms/op
Iteration   2: 2026-08-28 11:41:31.782 Forced snapshot files after return in 1117 ms
3251.891 ms/op
Iteration   3: 2026-08-28 11:41:36.535 Forced snapshot files after return in 1132 ms
3447.279 ms/op


Result "com.swirlds.benchmark.MerkleDbSnapshotBenchmark.snapshot":
  N = 3
  mean =   3471.228 ±(99.9%) 4236.920 ms/op

  Histogram, ms/op:
    [3200.000, 3250.000) = 0 
    [3250.000, 3300.000) = 1 
    [3300.000, 3350.000) = 0 
    [3350.000, 3400.000) = 0 
    [3400.000, 3450.000) = 1 
    [3450.000, 3500.000) = 0 
    [3500.000, 3550.000) = 0 
    [3550.000, 3600.000) = 0 
    [3600.000, 3650.000) = 0 
    [3650.000, 3700.000) = 0 
    [3700.000, 3750.000) = 1 

  Percentiles, ms/op:
      p(0.0000) =   3251.891 ms/op
     p(50.0000) =   3447.279 ms/op
     p(90.0000) =   3714.515 ms/op
     p(95.0000) =   3714.515 ms/op
     p(99.0000) =   3714.515 ms/op
     p(99.9000) =   3714.515 ms/op
     p(99.9900) =   3714.515 ms/op
     p(99.9990) =   3714.515 ms/op
     p(99.9999) =   3714.515 ms/op
    p(100.0000) =   3714.515 ms/op


# JMH version: 1.37
# VM version: JDK 25.0.2, OpenJDK 64-Bit Server VM, 25.0.2+10-LTS
# VM invoker: /home/nikita.lebedev/.local/jdks/jdk-25.0.2+10/bin/java
# VM options: -Xms4g -Xmx32g -XX:MaxDirectMemorySize=16g
# Blackhole mode: compiler (auto-detected, use -Djmh.blackhole.autoDetect=false to disable)
# Warmup: 1 iterations, single-shot each
# Measurement: 3 iterations, single-shot each
# Timeout: 60 min per iteration
# Threads: 1 thread
# Benchmark mode: Single shot invocation time
# Benchmark: com.swirlds.benchmark.MerkleDbSnapshotBenchmark.snapshot
# Parameters: (keySize = 32, maxKey = 100000000, numFiles = 1000, numRecords = 100000, numThreads = 32, recordSize = 128, snapshotMode = FORCED, threadsPerLongList = 2, useDiskIndices = false)

# Run progress: 8.33% complete, ETA 01:41:38
# Fork: 1 of 1
WARNING: A terminally deprecated method in sun.misc.Unsafe has been called
WARNING: sun.misc.Unsafe::objectFieldOffset has been called by org.openjdk.jmh.util.Utils (file:/home/nikita.lebedev/hiero-consensus-node/platform-sdk/swirlds-benchmarks/build/libs/swirlds-benchmarks-0.79.0-SNAPSHOT-jmh.jar)
WARNING: Please consider reporting this to the maintainers of class org.openjdk.jmh.util.Utils
WARNING: sun.misc.Unsafe::objectFieldOffset will be removed in a future release
# Warmup Iteration   1: 2026-08-28 11:41:38.460 Benchmark configuration: BenchmarkConfig[benchmarkData=data,saveDataDirectory=true,verifyResult=true,enableSnapshots=false,printHistogram=false,csvOutputFolder=data,csvMetricsFileName=BenchmarkMetrics.csv,csvMetricNamesFileName=BenchmarkMetricNames.csv,csvWriteFrequency=0,csvAppend=true,deviceName=sda]
2026-08-28 11:41:38.462 Build: 3.15.0 (0a5e91a)
2026-08-28 11:41:38.462 Benchmark data directory: /home/nikita.lebedev/hiero-consensus-node/platform-sdk/swirlds-benchmarks/build/tmp/merkledb-snapshot-campaign/run.ydyLKD/data/MerkleDbSnapshotBenchmark
2026-08-28 11:41:39.950 Loaded 262144 hash chunks into the snapshot source cache
2026-08-28 11:41:43.860 Forced snapshot files after return in 1148 ms
2761.364 ms/op
Iteration   1: 2026-08-28 11:41:47.898 Forced snapshot files after return in 1155 ms
2699.421 ms/op
Iteration   2: 2026-08-28 11:41:52.252 Forced snapshot files after return in 1146 ms
3028.080 ms/op
Iteration   3: 2026-08-28 11:41:56.550 Forced snapshot files after return in 1120 ms
3002.115 ms/op


Result "com.swirlds.benchmark.MerkleDbSnapshotBenchmark.snapshot":
  N = 3
  mean =   2909.872 ±(99.9%) 3333.450 ms/op

  Histogram, ms/op:
    [2600.000, 2650.000) = 0 
    [2650.000, 2700.000) = 1 
    [2700.000, 2750.000) = 0 
    [2750.000, 2800.000) = 0 
    [2800.000, 2850.000) = 0 
    [2850.000, 2900.000) = 0 
    [2900.000, 2950.000) = 0 
    [2950.000, 3000.000) = 0 
    [3000.000, 3050.000) = 2 

  Percentiles, ms/op:
      p(0.0000) =   2699.421 ms/op
     p(50.0000) =   3002.115 ms/op
     p(90.0000) =   3028.080 ms/op
     p(95.0000) =   3028.080 ms/op
     p(99.0000) =   3028.080 ms/op
     p(99.9000) =   3028.080 ms/op
     p(99.9900) =   3028.080 ms/op
     p(99.9990) =   3028.080 ms/op
     p(99.9999) =   3028.080 ms/op
    p(100.0000) =   3028.080 ms/op


# JMH version: 1.37
# VM version: JDK 25.0.2, OpenJDK 64-Bit Server VM, 25.0.2+10-LTS
# VM invoker: /home/nikita.lebedev/.local/jdks/jdk-25.0.2+10/bin/java
# VM options: -Xms4g -Xmx32g -XX:MaxDirectMemorySize=16g
# Blackhole mode: compiler (auto-detected, use -Djmh.blackhole.autoDetect=false to disable)
# Warmup: 1 iterations, single-shot each
# Measurement: 3 iterations, single-shot each
# Timeout: 60 min per iteration
# Threads: 1 thread
# Benchmark mode: Single shot invocation time
# Benchmark: com.swirlds.benchmark.MerkleDbSnapshotBenchmark.snapshot
# Parameters: (keySize = 32, maxKey = 100000000, numFiles = 1000, numRecords = 100000, numThreads = 32, recordSize = 128, snapshotMode = FORCED, threadsPerLongList = 2, useDiskIndices = true)

# Run progress: 12.50% complete, ETA 01:06:57
# Fork: 1 of 1
WARNING: A terminally deprecated method in sun.misc.Unsafe has been called
WARNING: sun.misc.Unsafe::objectFieldOffset has been called by org.openjdk.jmh.util.Utils (file:/home/nikita.lebedev/hiero-consensus-node/platform-sdk/swirlds-benchmarks/build/libs/swirlds-benchmarks-0.79.0-SNAPSHOT-jmh.jar)
WARNING: Please consider reporting this to the maintainers of class org.openjdk.jmh.util.Utils
WARNING: sun.misc.Unsafe::objectFieldOffset will be removed in a future release
# Warmup Iteration   1: 2026-08-28 11:41:57.998 Benchmark configuration: BenchmarkConfig[benchmarkData=data,saveDataDirectory=true,verifyResult=true,enableSnapshots=false,printHistogram=false,csvOutputFolder=data,csvMetricsFileName=BenchmarkMetrics.csv,csvMetricNamesFileName=BenchmarkMetricNames.csv,csvWriteFrequency=0,csvAppend=true,deviceName=sda]
2026-08-28 11:41:58.000 Build: 3.15.0 (0a5e91a)
2026-08-28 11:41:58.001 Benchmark data directory: /home/nikita.lebedev/hiero-consensus-node/platform-sdk/swirlds-benchmarks/build/tmp/merkledb-snapshot-campaign/run.ydyLKD/data/MerkleDbSnapshotBenchmark
2026-08-28 11:42:00.151 Loaded 262144 hash chunks into the snapshot source cache
2026-08-28 11:42:05.019 Forced snapshot files after return in 1161 ms
3706.465 ms/op
Iteration   1: 2026-08-28 11:42:10.850 Forced snapshot files after return in 2209 ms
3437.523 ms/op
Iteration   2: 2026-08-28 11:42:16.116 Forced snapshot files after return in 1287 ms
3800.609 ms/op
Iteration   3: 2026-08-28 11:42:21.384 Forced snapshot files after return in 1439 ms
3655.426 ms/op


Result "com.swirlds.benchmark.MerkleDbSnapshotBenchmark.snapshot":
  N = 3
  mean =   3631.186 ±(99.9%) 3334.086 ms/op

  Histogram, ms/op:
    [3400.000, 3450.000) = 1 
    [3450.000, 3500.000) = 0 
    [3500.000, 3550.000) = 0 
    [3550.000, 3600.000) = 0 
    [3600.000, 3650.000) = 0 
    [3650.000, 3700.000) = 1 
    [3700.000, 3750.000) = 0 
    [3750.000, 3800.000) = 0 
    [3800.000, 3850.000) = 1 

  Percentiles, ms/op:
      p(0.0000) =   3437.523 ms/op
     p(50.0000) =   3655.426 ms/op
     p(90.0000) =   3800.609 ms/op
     p(95.0000) =   3800.609 ms/op
     p(99.0000) =   3800.609 ms/op
     p(99.9000) =   3800.609 ms/op
     p(99.9900) =   3800.609 ms/op
     p(99.9990) =   3800.609 ms/op
     p(99.9999) =   3800.609 ms/op
    p(100.0000) =   3800.609 ms/op


# JMH version: 1.37
# VM version: JDK 25.0.2, OpenJDK 64-Bit Server VM, 25.0.2+10-LTS
# VM invoker: /home/nikita.lebedev/.local/jdks/jdk-25.0.2+10/bin/java
# VM options: -Xms4g -Xmx32g -XX:MaxDirectMemorySize=16g
# Blackhole mode: compiler (auto-detected, use -Djmh.blackhole.autoDetect=false to disable)
# Warmup: 1 iterations, single-shot each
# Measurement: 3 iterations, single-shot each
# Timeout: 60 min per iteration
# Threads: 1 thread
# Benchmark mode: Single shot invocation time
# Benchmark: com.swirlds.benchmark.MerkleDbSnapshotBenchmark.snapshot
# Parameters: (keySize = 32, maxKey = 100000000, numFiles = 1000, numRecords = 100000, numThreads = 32, recordSize = 128, snapshotMode = FORCED, threadsPerLongList = 8, useDiskIndices = false)

# Run progress: 16.67% complete, ETA 00:49:56
# Fork: 1 of 1
WARNING: A terminally deprecated method in sun.misc.Unsafe has been called
WARNING: sun.misc.Unsafe::objectFieldOffset has been called by org.openjdk.jmh.util.Utils (file:/home/nikita.lebedev/hiero-consensus-node/platform-sdk/swirlds-benchmarks/build/libs/swirlds-benchmarks-0.79.0-SNAPSHOT-jmh.jar)
WARNING: Please consider reporting this to the maintainers of class org.openjdk.jmh.util.Utils
WARNING: sun.misc.Unsafe::objectFieldOffset will be removed in a future release
# Warmup Iteration   1: 2026-08-28 11:42:23.337 Benchmark configuration: BenchmarkConfig[benchmarkData=data,saveDataDirectory=true,verifyResult=true,enableSnapshots=false,printHistogram=false,csvOutputFolder=data,csvMetricsFileName=BenchmarkMetrics.csv,csvMetricNamesFileName=BenchmarkMetricNames.csv,csvWriteFrequency=0,csvAppend=true,deviceName=sda]
2026-08-28 11:42:23.339 Build: 3.15.0 (0a5e91a)
2026-08-28 11:42:23.340 Benchmark data directory: /home/nikita.lebedev/hiero-consensus-node/platform-sdk/swirlds-benchmarks/build/tmp/merkledb-snapshot-campaign/run.ydyLKD/data/MerkleDbSnapshotBenchmark
2026-08-28 11:42:24.822 Loaded 262144 hash chunks into the snapshot source cache
2026-08-28 11:42:29.856 Forced snapshot files after return in 1464 ms
3569.406 ms/op
Iteration   1: 2026-08-28 11:42:35.123 Forced snapshot files after return in 1573 ms
3510.018 ms/op
Iteration   2: 2026-08-28 11:42:40.314 Forced snapshot files after return in 1395 ms
3618.448 ms/op
Iteration   3: 2026-08-28 11:42:45.701 Forced snapshot files after return in 1443 ms
3772.730 ms/op


Result "com.swirlds.benchmark.MerkleDbSnapshotBenchmark.snapshot":
  N = 3
  mean =   3633.732 ±(99.9%) 2408.557 ms/op

  Histogram, ms/op:
    [3500.000, 3525.000) = 1 
    [3525.000, 3550.000) = 0 
    [3550.000, 3575.000) = 0 
    [3575.000, 3600.000) = 0 
    [3600.000, 3625.000) = 1 
    [3625.000, 3650.000) = 0 
    [3650.000, 3675.000) = 0 
    [3675.000, 3700.000) = 0 
    [3700.000, 3725.000) = 0 
    [3725.000, 3750.000) = 0 
    [3750.000, 3775.000) = 1 

  Percentiles, ms/op:
      p(0.0000) =   3510.018 ms/op
     p(50.0000) =   3618.448 ms/op
     p(90.0000) =   3772.730 ms/op
     p(95.0000) =   3772.730 ms/op
     p(99.0000) =   3772.730 ms/op
     p(99.9000) =   3772.730 ms/op
     p(99.9900) =   3772.730 ms/op
     p(99.9990) =   3772.730 ms/op
     p(99.9999) =   3772.730 ms/op
    p(100.0000) =   3772.730 ms/op


# JMH version: 1.37
# VM version: JDK 25.0.2, OpenJDK 64-Bit Server VM, 25.0.2+10-LTS
# VM invoker: /home/nikita.lebedev/.local/jdks/jdk-25.0.2+10/bin/java
# VM options: -Xms4g -Xmx32g -XX:MaxDirectMemorySize=16g
# Blackhole mode: compiler (auto-detected, use -Djmh.blackhole.autoDetect=false to disable)
# Warmup: 1 iterations, single-shot each
# Measurement: 3 iterations, single-shot each
# Timeout: 60 min per iteration
# Threads: 1 thread
# Benchmark mode: Single shot invocation time
# Benchmark: com.swirlds.benchmark.MerkleDbSnapshotBenchmark.snapshot
# Parameters: (keySize = 32, maxKey = 100000000, numFiles = 1000, numRecords = 100000, numThreads = 32, recordSize = 128, snapshotMode = FORCED, threadsPerLongList = 8, useDiskIndices = true)

# Run progress: 20.83% complete, ETA 00:39:27
# Fork: 1 of 1
WARNING: A terminally deprecated method in sun.misc.Unsafe has been called
WARNING: sun.misc.Unsafe::objectFieldOffset has been called by org.openjdk.jmh.util.Utils (file:/home/nikita.lebedev/hiero-consensus-node/platform-sdk/swirlds-benchmarks/build/libs/swirlds-benchmarks-0.79.0-SNAPSHOT-jmh.jar)
WARNING: Please consider reporting this to the maintainers of class org.openjdk.jmh.util.Utils
WARNING: sun.misc.Unsafe::objectFieldOffset will be removed in a future release
# Warmup Iteration   1: 2026-08-28 11:42:47.202 Benchmark configuration: BenchmarkConfig[benchmarkData=data,saveDataDirectory=true,verifyResult=true,enableSnapshots=false,printHistogram=false,csvOutputFolder=data,csvMetricsFileName=BenchmarkMetrics.csv,csvMetricNamesFileName=BenchmarkMetricNames.csv,csvWriteFrequency=0,csvAppend=true,deviceName=sda]
2026-08-28 11:42:47.204 Build: 3.15.0 (0a5e91a)
2026-08-28 11:42:47.204 Benchmark data directory: /home/nikita.lebedev/hiero-consensus-node/platform-sdk/swirlds-benchmarks/build/tmp/merkledb-snapshot-campaign/run.ydyLKD/data/MerkleDbSnapshotBenchmark
2026-08-28 11:42:49.310 Loaded 262144 hash chunks into the snapshot source cache
2026-08-28 11:42:55.273 Forced snapshot files after return in 1319 ms
4643.800 ms/op
Iteration   1: 2026-08-28 11:43:01.422 Forced snapshot files after return in 1154 ms
4811.940 ms/op
Iteration   2: 2026-08-28 11:43:06.013 Forced snapshot files after return in 1320 ms
3093.829 ms/op
Iteration   3: 2026-08-28 11:43:11.317 Forced snapshot files after return in 1372 ms
3759.313 ms/op


Result "com.swirlds.benchmark.MerkleDbSnapshotBenchmark.snapshot":
  N = 3
  mean =   3888.361 ±(99.9%) 15804.442 ms/op

  Histogram, ms/op:
    [3000.000, 3125.000) = 1 
    [3125.000, 3250.000) = 0 
    [3250.000, 3375.000) = 0 
    [3375.000, 3500.000) = 0 
    [3500.000, 3625.000) = 0 
    [3625.000, 3750.000) = 0 
    [3750.000, 3875.000) = 1 
    [3875.000, 4000.000) = 0 
    [4000.000, 4125.000) = 0 
    [4125.000, 4250.000) = 0 
    [4250.000, 4375.000) = 0 
    [4375.000, 4500.000) = 0 
    [4500.000, 4625.000) = 0 
    [4625.000, 4750.000) = 0 
    [4750.000, 4875.000) = 1 

  Percentiles, ms/op:
      p(0.0000) =   3093.829 ms/op
     p(50.0000) =   3759.313 ms/op
     p(90.0000) =   4811.940 ms/op
     p(95.0000) =   4811.940 ms/op
     p(99.0000) =   4811.940 ms/op
     p(99.9000) =   4811.940 ms/op
     p(99.9900) =   4811.940 ms/op
     p(99.9990) =   4811.940 ms/op
     p(99.9999) =   4811.940 ms/op
    p(100.0000) =   4811.940 ms/op


# JMH version: 1.37
# VM version: JDK 25.0.2, OpenJDK 64-Bit Server VM, 25.0.2+10-LTS
# VM invoker: /home/nikita.lebedev/.local/jdks/jdk-25.0.2+10/bin/java
# VM options: -Xms4g -Xmx32g -XX:MaxDirectMemorySize=16g
# Blackhole mode: compiler (auto-detected, use -Djmh.blackhole.autoDetect=false to disable)
# Warmup: 1 iterations, single-shot each
# Measurement: 3 iterations, single-shot each
# Timeout: 60 min per iteration
# Threads: 1 thread
# Benchmark mode: Single shot invocation time
# Benchmark: com.swirlds.benchmark.MerkleDbSnapshotBenchmark.snapshot
# Parameters: (keySize = 32, maxKey = 100000000, numFiles = 1000, numRecords = 100000, numThreads = 32, recordSize = 128, snapshotMode = UNFORCED, threadsPerLongList = 1, useDiskIndices = false)

# Run progress: 25.00% complete, ETA 00:32:27
# Fork: 1 of 1
WARNING: A terminally deprecated method in sun.misc.Unsafe has been called
WARNING: sun.misc.Unsafe::objectFieldOffset has been called by org.openjdk.jmh.util.Utils (file:/home/nikita.lebedev/hiero-consensus-node/platform-sdk/swirlds-benchmarks/build/libs/swirlds-benchmarks-0.79.0-SNAPSHOT-jmh.jar)
WARNING: Please consider reporting this to the maintainers of class org.openjdk.jmh.util.Utils
WARNING: sun.misc.Unsafe::objectFieldOffset will be removed in a future release
# Warmup Iteration   1: 2026-08-28 11:43:13.375 Benchmark configuration: BenchmarkConfig[benchmarkData=data,saveDataDirectory=true,verifyResult=true,enableSnapshots=false,printHistogram=false,csvOutputFolder=data,csvMetricsFileName=BenchmarkMetrics.csv,csvMetricNamesFileName=BenchmarkMetricNames.csv,csvWriteFrequency=0,csvAppend=true,deviceName=sda]
2026-08-28 11:43:13.377 Build: 3.15.0 (0a5e91a)
2026-08-28 11:43:13.378 Benchmark data directory: /home/nikita.lebedev/hiero-consensus-node/platform-sdk/swirlds-benchmarks/build/tmp/merkledb-snapshot-campaign/run.ydyLKD/data/MerkleDbSnapshotBenchmark
2026-08-28 11:43:14.883 Loaded 262144 hash chunks into the snapshot source cache
2026-08-28 11:43:19.738 Forced snapshot files after return in 3201 ms
1653.134 ms/op
Iteration   1: 2026-08-28 11:43:24.284 Forced snapshot files after return in 2792 ms
1571.808 ms/op
Iteration   2: 2026-08-28 11:43:28.830 Forced snapshot files after return in 2796 ms
1572.460 ms/op
Iteration   3: 2026-08-28 11:43:33.792 Forced snapshot files after return in 3220 ms
1568.003 ms/op


Result "com.swirlds.benchmark.MerkleDbSnapshotBenchmark.snapshot":
  N = 3
  mean =   1570.757 ±(99.9%) 43.909 ms/op

  Histogram, ms/op:
    [1568.000, 1568.500) = 1 
    [1568.500, 1569.000) = 0 
    [1569.000, 1569.500) = 0 
    [1569.500, 1570.000) = 0 
    [1570.000, 1570.500) = 0 
    [1570.500, 1571.000) = 0 
    [1571.000, 1571.500) = 0 
    [1571.500, 1572.000) = 1 
    [1572.000, 1572.500) = 1 

  Percentiles, ms/op:
      p(0.0000) =   1568.003 ms/op
     p(50.0000) =   1571.808 ms/op
     p(90.0000) =   1572.460 ms/op
     p(95.0000) =   1572.460 ms/op
     p(99.0000) =   1572.460 ms/op
     p(99.9000) =   1572.460 ms/op
     p(99.9900) =   1572.460 ms/op
     p(99.9990) =   1572.460 ms/op
     p(99.9999) =   1572.460 ms/op
    p(100.0000) =   1572.460 ms/op


# JMH version: 1.37
# VM version: JDK 25.0.2, OpenJDK 64-Bit Server VM, 25.0.2+10-LTS
# VM invoker: /home/nikita.lebedev/.local/jdks/jdk-25.0.2+10/bin/java
# VM options: -Xms4g -Xmx32g -XX:MaxDirectMemorySize=16g
# Blackhole mode: compiler (auto-detected, use -Djmh.blackhole.autoDetect=false to disable)
# Warmup: 1 iterations, single-shot each
# Measurement: 3 iterations, single-shot each
# Timeout: 60 min per iteration
# Threads: 1 thread
# Benchmark mode: Single shot invocation time
# Benchmark: com.swirlds.benchmark.MerkleDbSnapshotBenchmark.snapshot
# Parameters: (keySize = 32, maxKey = 100000000, numFiles = 1000, numRecords = 100000, numThreads = 32, recordSize = 128, snapshotMode = UNFORCED, threadsPerLongList = 1, useDiskIndices = true)

# Run progress: 29.17% complete, ETA 00:27:10
# Fork: 1 of 1
WARNING: A terminally deprecated method in sun.misc.Unsafe has been called
WARNING: sun.misc.Unsafe::objectFieldOffset has been called by org.openjdk.jmh.util.Utils (file:/home/nikita.lebedev/hiero-consensus-node/platform-sdk/swirlds-benchmarks/build/libs/swirlds-benchmarks-0.79.0-SNAPSHOT-jmh.jar)
WARNING: Please consider reporting this to the maintainers of class org.openjdk.jmh.util.Utils
WARNING: sun.misc.Unsafe::objectFieldOffset will be removed in a future release
# Warmup Iteration   1: 2026-08-28 11:43:35.267 Benchmark configuration: BenchmarkConfig[benchmarkData=data,saveDataDirectory=true,verifyResult=true,enableSnapshots=false,printHistogram=false,csvOutputFolder=data,csvMetricsFileName=BenchmarkMetrics.csv,csvMetricNamesFileName=BenchmarkMetricNames.csv,csvWriteFrequency=0,csvAppend=true,deviceName=sda]
2026-08-28 11:43:35.269 Build: 3.15.0 (0a5e91a)
2026-08-28 11:43:35.270 Benchmark data directory: /home/nikita.lebedev/hiero-consensus-node/platform-sdk/swirlds-benchmarks/build/tmp/merkledb-snapshot-campaign/run.ydyLKD/data/MerkleDbSnapshotBenchmark
2026-08-28 11:43:37.433 Loaded 262144 hash chunks into the snapshot source cache
2026-08-28 11:43:42.666 Forced snapshot files after return in 2992 ms
2240.661 ms/op
Iteration   1: 2026-08-28 11:43:48.642 Forced snapshot files after return in 3612 ms
2181.031 ms/op
Iteration   2: 2026-08-28 11:43:53.761 Forced snapshot files after return in 2808 ms
2132.002 ms/op
Iteration   3: 2026-08-28 11:43:58.865 Forced snapshot files after return in 2814 ms
2116.832 ms/op


Result "com.swirlds.benchmark.MerkleDbSnapshotBenchmark.snapshot":
  N = 3
  mean =   2143.288 ±(99.9%) 612.154 ms/op

  Histogram, ms/op:
    [2110.000, 2115.000) = 0 
    [2115.000, 2120.000) = 1 
    [2120.000, 2125.000) = 0 
    [2125.000, 2130.000) = 0 
    [2130.000, 2135.000) = 1 
    [2135.000, 2140.000) = 0 
    [2140.000, 2145.000) = 0 
    [2145.000, 2150.000) = 0 
    [2150.000, 2155.000) = 0 
    [2155.000, 2160.000) = 0 
    [2160.000, 2165.000) = 0 
    [2165.000, 2170.000) = 0 
    [2170.000, 2175.000) = 0 
    [2175.000, 2180.000) = 0 
    [2180.000, 2185.000) = 1 

  Percentiles, ms/op:
      p(0.0000) =   2116.832 ms/op
     p(50.0000) =   2132.002 ms/op
     p(90.0000) =   2181.031 ms/op
     p(95.0000) =   2181.031 ms/op
     p(99.0000) =   2181.031 ms/op
     p(99.9000) =   2181.031 ms/op
     p(99.9900) =   2181.031 ms/op
     p(99.9990) =   2181.031 ms/op
     p(99.9999) =   2181.031 ms/op
    p(100.0000) =   2181.031 ms/op


# JMH version: 1.37
# VM version: JDK 25.0.2, OpenJDK 64-Bit Server VM, 25.0.2+10-LTS
# VM invoker: /home/nikita.lebedev/.local/jdks/jdk-25.0.2+10/bin/java
# VM options: -Xms4g -Xmx32g -XX:MaxDirectMemorySize=16g
# Blackhole mode: compiler (auto-detected, use -Djmh.blackhole.autoDetect=false to disable)
# Warmup: 1 iterations, single-shot each
# Measurement: 3 iterations, single-shot each
# Timeout: 60 min per iteration
# Threads: 1 thread
# Benchmark mode: Single shot invocation time
# Benchmark: com.swirlds.benchmark.MerkleDbSnapshotBenchmark.snapshot
# Parameters: (keySize = 32, maxKey = 100000000, numFiles = 1000, numRecords = 100000, numThreads = 32, recordSize = 128, snapshotMode = UNFORCED, threadsPerLongList = 2, useDiskIndices = false)

# Run progress: 33.33% complete, ETA 00:23:13
# Fork: 1 of 1
WARNING: A terminally deprecated method in sun.misc.Unsafe has been called
WARNING: sun.misc.Unsafe::objectFieldOffset has been called by org.openjdk.jmh.util.Utils (file:/home/nikita.lebedev/hiero-consensus-node/platform-sdk/swirlds-benchmarks/build/libs/swirlds-benchmarks-0.79.0-SNAPSHOT-jmh.jar)
WARNING: Please consider reporting this to the maintainers of class org.openjdk.jmh.util.Utils
WARNING: sun.misc.Unsafe::objectFieldOffset will be removed in a future release
# Warmup Iteration   1: 2026-08-28 11:44:00.819 Benchmark configuration: BenchmarkConfig[benchmarkData=data,saveDataDirectory=true,verifyResult=true,enableSnapshots=false,printHistogram=false,csvOutputFolder=data,csvMetricsFileName=BenchmarkMetrics.csv,csvMetricNamesFileName=BenchmarkMetricNames.csv,csvWriteFrequency=0,csvAppend=true,deviceName=sda]
2026-08-28 11:44:00.821 Build: 3.15.0 (0a5e91a)
2026-08-28 11:44:00.822 Benchmark data directory: /home/nikita.lebedev/hiero-consensus-node/platform-sdk/swirlds-benchmarks/build/tmp/merkledb-snapshot-campaign/run.ydyLKD/data/MerkleDbSnapshotBenchmark
2026-08-28 11:44:02.337 Loaded 262144 hash chunks into the snapshot source cache
2026-08-28 11:44:06.760 Forced snapshot files after return in 2839 ms
1583.613 ms/op
Iteration   1: 2026-08-28 11:44:11.294 Forced snapshot files after return in 2844 ms
1504.993 ms/op
Iteration   2: 2026-08-28 11:44:15.841 Forced snapshot files after return in 2865 ms
1504.215 ms/op
Iteration   3: 2026-08-28 11:44:20.367 Forced snapshot files after return in 2840 ms
1510.662 ms/op


Result "com.swirlds.benchmark.MerkleDbSnapshotBenchmark.snapshot":
  N = 3
  mean =   1506.623 ±(99.9%) 64.208 ms/op

  Histogram, ms/op:
    [1504.000, 1504.500) = 1 
    [1504.500, 1505.000) = 1 
    [1505.000, 1505.500) = 0 
    [1505.500, 1506.000) = 0 
    [1506.000, 1506.500) = 0 
    [1506.500, 1507.000) = 0 
    [1507.000, 1507.500) = 0 
    [1507.500, 1508.000) = 0 
    [1508.000, 1508.500) = 0 
    [1508.500, 1509.000) = 0 
    [1509.000, 1509.500) = 0 
    [1509.500, 1510.000) = 0 
    [1510.000, 1510.500) = 0 

  Percentiles, ms/op:
      p(0.0000) =   1504.215 ms/op
     p(50.0000) =   1504.993 ms/op
     p(90.0000) =   1510.662 ms/op
     p(95.0000) =   1510.662 ms/op
     p(99.0000) =   1510.662 ms/op
     p(99.9000) =   1510.662 ms/op
     p(99.9900) =   1510.662 ms/op
     p(99.9990) =   1510.662 ms/op
     p(99.9999) =   1510.662 ms/op
    p(100.0000) =   1510.662 ms/op


# JMH version: 1.37
# VM version: JDK 25.0.2, OpenJDK 64-Bit Server VM, 25.0.2+10-LTS
# VM invoker: /home/nikita.lebedev/.local/jdks/jdk-25.0.2+10/bin/java
# VM options: -Xms4g -Xmx32g -XX:MaxDirectMemorySize=16g
# Blackhole mode: compiler (auto-detected, use -Djmh.blackhole.autoDetect=false to disable)
# Warmup: 1 iterations, single-shot each
# Measurement: 3 iterations, single-shot each
# Timeout: 60 min per iteration
# Threads: 1 thread
# Benchmark mode: Single shot invocation time
# Benchmark: com.swirlds.benchmark.MerkleDbSnapshotBenchmark.snapshot
# Parameters: (keySize = 32, maxKey = 100000000, numFiles = 1000, numRecords = 100000, numThreads = 32, recordSize = 128, snapshotMode = UNFORCED, threadsPerLongList = 2, useDiskIndices = true)

# Run progress: 37.50% complete, ETA 00:19:56
# Fork: 1 of 1
WARNING: A terminally deprecated method in sun.misc.Unsafe has been called
WARNING: sun.misc.Unsafe::objectFieldOffset has been called by org.openjdk.jmh.util.Utils (file:/home/nikita.lebedev/hiero-consensus-node/platform-sdk/swirlds-benchmarks/build/libs/swirlds-benchmarks-0.79.0-SNAPSHOT-jmh.jar)
WARNING: Please consider reporting this to the maintainers of class org.openjdk.jmh.util.Utils
WARNING: sun.misc.Unsafe::objectFieldOffset will be removed in a future release
# Warmup Iteration   1: 2026-08-28 11:44:21.836 Benchmark configuration: BenchmarkConfig[benchmarkData=data,saveDataDirectory=true,verifyResult=true,enableSnapshots=false,printHistogram=false,csvOutputFolder=data,csvMetricsFileName=BenchmarkMetrics.csv,csvMetricNamesFileName=BenchmarkMetricNames.csv,csvWriteFrequency=0,csvAppend=true,deviceName=sda]
2026-08-28 11:44:21.838 Build: 3.15.0 (0a5e91a)
2026-08-28 11:44:21.839 Benchmark data directory: /home/nikita.lebedev/hiero-consensus-node/platform-sdk/swirlds-benchmarks/build/tmp/merkledb-snapshot-campaign/run.ydyLKD/data/MerkleDbSnapshotBenchmark
2026-08-28 11:44:23.987 Loaded 262144 hash chunks into the snapshot source cache
2026-08-28 11:44:29.333 Forced snapshot files after return in 3348 ms
1997.417 ms/op
Iteration   1: 2026-08-28 11:44:35.195 Forced snapshot files after return in 3793 ms
1886.637 ms/op
Iteration   2: 2026-08-28 11:44:40.083 Forced snapshot files after return in 2826 ms
1883.368 ms/op
Iteration   3: 2026-08-28 11:44:44.941 Forced snapshot files after return in 2808 ms
1875.843 ms/op


Result "com.swirlds.benchmark.MerkleDbSnapshotBenchmark.snapshot":
  N = 3
  mean =   1881.949 ±(99.9%) 100.981 ms/op

  Histogram, ms/op:
    [1870.000, 1871.250) = 0 
    [1871.250, 1872.500) = 0 
    [1872.500, 1873.750) = 0 
    [1873.750, 1875.000) = 0 
    [1875.000, 1876.250) = 1 
    [1876.250, 1877.500) = 0 
    [1877.500, 1878.750) = 0 
    [1878.750, 1880.000) = 0 
    [1880.000, 1881.250) = 0 
    [1881.250, 1882.500) = 0 
    [1882.500, 1883.750) = 1 
    [1883.750, 1885.000) = 0 
    [1885.000, 1886.250) = 0 
    [1886.250, 1887.500) = 1 
    [1887.500, 1888.750) = 0 

  Percentiles, ms/op:
      p(0.0000) =   1875.843 ms/op
     p(50.0000) =   1883.368 ms/op
     p(90.0000) =   1886.637 ms/op
     p(95.0000) =   1886.637 ms/op
     p(99.0000) =   1886.637 ms/op
     p(99.9000) =   1886.637 ms/op
     p(99.9900) =   1886.637 ms/op
     p(99.9990) =   1886.637 ms/op
     p(99.9999) =   1886.637 ms/op
    p(100.0000) =   1886.637 ms/op


# JMH version: 1.37
# VM version: JDK 25.0.2, OpenJDK 64-Bit Server VM, 25.0.2+10-LTS
# VM invoker: /home/nikita.lebedev/.local/jdks/jdk-25.0.2+10/bin/java
# VM options: -Xms4g -Xmx32g -XX:MaxDirectMemorySize=16g
# Blackhole mode: compiler (auto-detected, use -Djmh.blackhole.autoDetect=false to disable)
# Warmup: 1 iterations, single-shot each
# Measurement: 3 iterations, single-shot each
# Timeout: 60 min per iteration
# Threads: 1 thread
# Benchmark mode: Single shot invocation time
# Benchmark: com.swirlds.benchmark.MerkleDbSnapshotBenchmark.snapshot
# Parameters: (keySize = 32, maxKey = 100000000, numFiles = 1000, numRecords = 100000, numThreads = 32, recordSize = 128, snapshotMode = UNFORCED, threadsPerLongList = 8, useDiskIndices = false)

# Run progress: 41.67% complete, ETA 00:17:20
# Fork: 1 of 1
WARNING: A terminally deprecated method in sun.misc.Unsafe has been called
WARNING: sun.misc.Unsafe::objectFieldOffset has been called by org.openjdk.jmh.util.Utils (file:/home/nikita.lebedev/hiero-consensus-node/platform-sdk/swirlds-benchmarks/build/libs/swirlds-benchmarks-0.79.0-SNAPSHOT-jmh.jar)
WARNING: Please consider reporting this to the maintainers of class org.openjdk.jmh.util.Utils
WARNING: sun.misc.Unsafe::objectFieldOffset will be removed in a future release
# Warmup Iteration   1: 2026-08-28 11:44:46.948 Benchmark configuration: BenchmarkConfig[benchmarkData=data,saveDataDirectory=true,verifyResult=true,enableSnapshots=false,printHistogram=false,csvOutputFolder=data,csvMetricsFileName=BenchmarkMetrics.csv,csvMetricNamesFileName=BenchmarkMetricNames.csv,csvWriteFrequency=0,csvAppend=true,deviceName=sda]
2026-08-28 11:44:46.950 Build: 3.15.0 (0a5e91a)
2026-08-28 11:44:46.950 Benchmark data directory: /home/nikita.lebedev/hiero-consensus-node/platform-sdk/swirlds-benchmarks/build/tmp/merkledb-snapshot-campaign/run.ydyLKD/data/MerkleDbSnapshotBenchmark
2026-08-28 11:44:48.442 Loaded 262144 hash chunks into the snapshot source cache
2026-08-28 11:44:52.827 Forced snapshot files after return in 2831 ms
1553.548 ms/op
Iteration   1: 2026-08-28 11:44:57.233 Forced snapshot files after return in 2806 ms
1416.341 ms/op
Iteration   2: 2026-08-28 11:45:01.646 Forced snapshot files after return in 2817 ms
1418.737 ms/op
Iteration   3: 2026-08-28 11:45:06.070 Forced snapshot files after return in 2820 ms
1431.176 ms/op


Result "com.swirlds.benchmark.MerkleDbSnapshotBenchmark.snapshot":
  N = 3
  mean =   1422.085 ±(99.9%) 145.287 ms/op

  Histogram, ms/op:
    [1410.000, 1412.500) = 0 
    [1412.500, 1415.000) = 0 
    [1415.000, 1417.500) = 1 
    [1417.500, 1420.000) = 1 
    [1420.000, 1422.500) = 0 
    [1422.500, 1425.000) = 0 
    [1425.000, 1427.500) = 0 
    [1427.500, 1430.000) = 0 
    [1430.000, 1432.500) = 1 
    [1432.500, 1435.000) = 0 
    [1435.000, 1437.500) = 0 

  Percentiles, ms/op:
      p(0.0000) =   1416.341 ms/op
     p(50.0000) =   1418.737 ms/op
     p(90.0000) =   1431.176 ms/op
     p(95.0000) =   1431.176 ms/op
     p(99.0000) =   1431.176 ms/op
     p(99.9000) =   1431.176 ms/op
     p(99.9900) =   1431.176 ms/op
     p(99.9990) =   1431.176 ms/op
     p(99.9999) =   1431.176 ms/op
    p(100.0000) =   1431.176 ms/op


# JMH version: 1.37
# VM version: JDK 25.0.2, OpenJDK 64-Bit Server VM, 25.0.2+10-LTS
# VM invoker: /home/nikita.lebedev/.local/jdks/jdk-25.0.2+10/bin/java
# VM options: -Xms4g -Xmx32g -XX:MaxDirectMemorySize=16g
# Blackhole mode: compiler (auto-detected, use -Djmh.blackhole.autoDetect=false to disable)
# Warmup: 1 iterations, single-shot each
# Measurement: 3 iterations, single-shot each
# Timeout: 60 min per iteration
# Threads: 1 thread
# Benchmark mode: Single shot invocation time
# Benchmark: com.swirlds.benchmark.MerkleDbSnapshotBenchmark.snapshot
# Parameters: (keySize = 32, maxKey = 100000000, numFiles = 1000, numRecords = 100000, numThreads = 32, recordSize = 128, snapshotMode = UNFORCED, threadsPerLongList = 8, useDiskIndices = true)

# Run progress: 45.83% complete, ETA 00:15:02
# Fork: 1 of 1
WARNING: A terminally deprecated method in sun.misc.Unsafe has been called
WARNING: sun.misc.Unsafe::objectFieldOffset has been called by org.openjdk.jmh.util.Utils (file:/home/nikita.lebedev/hiero-consensus-node/platform-sdk/swirlds-benchmarks/build/libs/swirlds-benchmarks-0.79.0-SNAPSHOT-jmh.jar)
WARNING: Please consider reporting this to the maintainers of class org.openjdk.jmh.util.Utils
WARNING: sun.misc.Unsafe::objectFieldOffset will be removed in a future release
# Warmup Iteration   1: 2026-08-28 11:45:07.612 Benchmark configuration: BenchmarkConfig[benchmarkData=data,saveDataDirectory=true,verifyResult=true,enableSnapshots=false,printHistogram=false,csvOutputFolder=data,csvMetricsFileName=BenchmarkMetrics.csv,csvMetricNamesFileName=BenchmarkMetricNames.csv,csvWriteFrequency=0,csvAppend=true,deviceName=sda]
2026-08-28 11:45:07.614 Build: 3.15.0 (0a5e91a)
2026-08-28 11:45:07.614 Benchmark data directory: /home/nikita.lebedev/hiero-consensus-node/platform-sdk/swirlds-benchmarks/build/tmp/merkledb-snapshot-campaign/run.ydyLKD/data/MerkleDbSnapshotBenchmark
2026-08-28 11:45:09.746 Loaded 262144 hash chunks into the snapshot source cache
2026-08-28 11:45:14.986 Forced snapshot files after return in 3280 ms
1959.412 ms/op
Iteration   1: 2026-08-28 11:45:20.602 Forced snapshot files after return in 3552 ms
1879.990 ms/op
Iteration   2: 2026-08-28 11:45:25.430 Forced snapshot files after return in 2827 ms
1825.991 ms/op
Iteration   3: 2026-08-28 11:45:30.262 Forced snapshot files after return in 2815 ms
1844.013 ms/op


Result "com.swirlds.benchmark.MerkleDbSnapshotBenchmark.snapshot":
  N = 3
  mean =   1849.998 ±(99.9%) 501.568 ms/op

  Histogram, ms/op:
    [1820.000, 1825.000) = 0 
    [1825.000, 1830.000) = 1 
    [1830.000, 1835.000) = 0 
    [1835.000, 1840.000) = 0 
    [1840.000, 1845.000) = 1 
    [1845.000, 1850.000) = 0 
    [1850.000, 1855.000) = 0 
    [1855.000, 1860.000) = 0 
    [1860.000, 1865.000) = 0 
    [1865.000, 1870.000) = 0 
    [1870.000, 1875.000) = 0 

  Percentiles, ms/op:
      p(0.0000) =   1825.991 ms/op
     p(50.0000) =   1844.013 ms/op
     p(90.0000) =   1879.990 ms/op
     p(95.0000) =   1879.990 ms/op
     p(99.0000) =   1879.990 ms/op
     p(99.9000) =   1879.990 ms/op
     p(99.9900) =   1879.990 ms/op
     p(99.9990) =   1879.990 ms/op
     p(99.9999) =   1879.990 ms/op
    p(100.0000) =   1879.990 ms/op


# JMH version: 1.37
# VM version: JDK 25.0.2, OpenJDK 64-Bit Server VM, 25.0.2+10-LTS
# VM invoker: /home/nikita.lebedev/.local/jdks/jdk-25.0.2+10/bin/java
# VM options: -Xms4g -Xmx32g -XX:MaxDirectMemorySize=16g
# Blackhole mode: compiler (auto-detected, use -Djmh.blackhole.autoDetect=false to disable)
# Warmup: 1 iterations, single-shot each
# Measurement: 3 iterations, single-shot each
# Timeout: 60 min per iteration
# Threads: 1 thread
# Benchmark mode: Single shot invocation time
# Benchmark: com.swirlds.benchmark.MerkleDbSnapshotBenchmark.snapshot
# Parameters: (keySize = 32, maxKey = 100000000, numFiles = 1000, numRecords = 100000, numThreads = 32, recordSize = 128, snapshotMode = FORCED_OVERLAP, threadsPerLongList = 1, useDiskIndices = false)

# Run progress: 50.00% complete, ETA 00:13:08
# Fork: 1 of 1
WARNING: A terminally deprecated method in sun.misc.Unsafe has been called
WARNING: sun.misc.Unsafe::objectFieldOffset has been called by org.openjdk.jmh.util.Utils (file:/home/nikita.lebedev/hiero-consensus-node/platform-sdk/swirlds-benchmarks/build/libs/swirlds-benchmarks-0.79.0-SNAPSHOT-jmh.jar)
WARNING: Please consider reporting this to the maintainers of class org.openjdk.jmh.util.Utils
WARNING: sun.misc.Unsafe::objectFieldOffset will be removed in a future release
# Warmup Iteration   1: 2026-08-28 11:45:32.322 Benchmark configuration: BenchmarkConfig[benchmarkData=data,saveDataDirectory=true,verifyResult=true,enableSnapshots=false,printHistogram=false,csvOutputFolder=data,csvMetricsFileName=BenchmarkMetrics.csv,csvMetricNamesFileName=BenchmarkMetricNames.csv,csvWriteFrequency=0,csvAppend=true,deviceName=sda]
2026-08-28 11:45:32.324 Build: 3.15.0 (0a5e91a)
2026-08-28 11:45:32.324 Benchmark data directory: /home/nikita.lebedev/hiero-consensus-node/platform-sdk/swirlds-benchmarks/build/tmp/merkledb-snapshot-campaign/run.ydyLKD/data/MerkleDbSnapshotBenchmark
2026-08-28 11:45:33.880 Loaded 262144 hash chunks into the snapshot source cache
2026-08-28 11:45:37.310 Forced snapshot files after return in 1247 ms
2182.735 ms/op
Iteration   1: 2026-08-28 11:45:40.716 Forced snapshot files after return in 1165 ms
2056.692 ms/op
Iteration   2: 2026-08-28 11:45:44.099 Forced snapshot files after return in 1150 ms
2055.648 ms/op
Iteration   3: 2026-08-28 11:45:47.481 Forced snapshot files after return in 1130 ms
2077.930 ms/op


Result "com.swirlds.benchmark.MerkleDbSnapshotBenchmark.snapshot":
  N = 3
  mean =   2063.423 ±(99.9%) 229.391 ms/op

  Histogram, ms/op:
    [2050.000, 2052.500) = 0 
    [2052.500, 2055.000) = 0 
    [2055.000, 2057.500) = 2 
    [2057.500, 2060.000) = 0 
    [2060.000, 2062.500) = 0 
    [2062.500, 2065.000) = 0 
    [2065.000, 2067.500) = 0 
    [2067.500, 2070.000) = 0 
    [2070.000, 2072.500) = 0 
    [2072.500, 2075.000) = 0 
    [2075.000, 2077.500) = 0 

  Percentiles, ms/op:
      p(0.0000) =   2055.648 ms/op
     p(50.0000) =   2056.692 ms/op
     p(90.0000) =   2077.930 ms/op
     p(95.0000) =   2077.930 ms/op
     p(99.0000) =   2077.930 ms/op
     p(99.9000) =   2077.930 ms/op
     p(99.9900) =   2077.930 ms/op
     p(99.9990) =   2077.930 ms/op
     p(99.9999) =   2077.930 ms/op
    p(100.0000) =   2077.930 ms/op


# JMH version: 1.37
# VM version: JDK 25.0.2, OpenJDK 64-Bit Server VM, 25.0.2+10-LTS
# VM invoker: /home/nikita.lebedev/.local/jdks/jdk-25.0.2+10/bin/java
# VM options: -Xms4g -Xmx32g -XX:MaxDirectMemorySize=16g
# Blackhole mode: compiler (auto-detected, use -Djmh.blackhole.autoDetect=false to disable)
# Warmup: 1 iterations, single-shot each
# Measurement: 3 iterations, single-shot each
# Timeout: 60 min per iteration
# Threads: 1 thread
# Benchmark mode: Single shot invocation time
# Benchmark: com.swirlds.benchmark.MerkleDbSnapshotBenchmark.snapshot
# Parameters: (keySize = 32, maxKey = 100000000, numFiles = 1000, numRecords = 100000, numThreads = 32, recordSize = 128, snapshotMode = FORCED_OVERLAP, threadsPerLongList = 1, useDiskIndices = true)

# Run progress: 54.17% complete, ETA 00:11:21
# Fork: 1 of 1
WARNING: A terminally deprecated method in sun.misc.Unsafe has been called
WARNING: sun.misc.Unsafe::objectFieldOffset has been called by org.openjdk.jmh.util.Utils (file:/home/nikita.lebedev/hiero-consensus-node/platform-sdk/swirlds-benchmarks/build/libs/swirlds-benchmarks-0.79.0-SNAPSHOT-jmh.jar)
WARNING: Please consider reporting this to the maintainers of class org.openjdk.jmh.util.Utils
WARNING: sun.misc.Unsafe::objectFieldOffset will be removed in a future release
# Warmup Iteration   1: 2026-08-28 11:45:48.952 Benchmark configuration: BenchmarkConfig[benchmarkData=data,saveDataDirectory=true,verifyResult=true,enableSnapshots=false,printHistogram=false,csvOutputFolder=data,csvMetricsFileName=BenchmarkMetrics.csv,csvMetricNamesFileName=BenchmarkMetricNames.csv,csvWriteFrequency=0,csvAppend=true,deviceName=sda]
2026-08-28 11:45:48.954 Build: 3.15.0 (0a5e91a)
2026-08-28 11:45:48.955 Benchmark data directory: /home/nikita.lebedev/hiero-consensus-node/platform-sdk/swirlds-benchmarks/build/tmp/merkledb-snapshot-campaign/run.ydyLKD/data/MerkleDbSnapshotBenchmark
2026-08-28 11:45:51.078 Loaded 262144 hash chunks into the snapshot source cache
2026-08-28 11:45:54.929 Forced snapshot files after return in 1505 ms
2344.553 ms/op
Iteration   1: 2026-08-28 11:45:59.139 Forced snapshot files after return in 1186 ms
2841.867 ms/op
Iteration   2: 2026-08-28 11:46:03.401 Forced snapshot files after return in 1870 ms
2214.515 ms/op
Iteration   3: 2026-08-28 11:46:06.982 Forced snapshot files after return in 1144 ms
2227.643 ms/op


Result "com.swirlds.benchmark.MerkleDbSnapshotBenchmark.snapshot":
  N = 3
  mean =   2428.009 ±(99.9%) 6539.869 ms/op

  Histogram, ms/op:
    [2200.000, 2250.000) = 2 
    [2250.000, 2300.000) = 0 
    [2300.000, 2350.000) = 0 
    [2350.000, 2400.000) = 0 
    [2400.000, 2450.000) = 0 
    [2450.000, 2500.000) = 0 
    [2500.000, 2550.000) = 0 
    [2550.000, 2600.000) = 0 
    [2600.000, 2650.000) = 0 
    [2650.000, 2700.000) = 0 
    [2700.000, 2750.000) = 0 
    [2750.000, 2800.000) = 0 
    [2800.000, 2850.000) = 1 

  Percentiles, ms/op:
      p(0.0000) =   2214.515 ms/op
     p(50.0000) =   2227.643 ms/op
     p(90.0000) =   2841.867 ms/op
     p(95.0000) =   2841.867 ms/op
     p(99.0000) =   2841.867 ms/op
     p(99.9000) =   2841.867 ms/op
     p(99.9900) =   2841.867 ms/op
     p(99.9990) =   2841.867 ms/op
     p(99.9999) =   2841.867 ms/op
    p(100.0000) =   2841.867 ms/op


# JMH version: 1.37
# VM version: JDK 25.0.2, OpenJDK 64-Bit Server VM, 25.0.2+10-LTS
# VM invoker: /home/nikita.lebedev/.local/jdks/jdk-25.0.2+10/bin/java
# VM options: -Xms4g -Xmx32g -XX:MaxDirectMemorySize=16g
# Blackhole mode: compiler (auto-detected, use -Djmh.blackhole.autoDetect=false to disable)
# Warmup: 1 iterations, single-shot each
# Measurement: 3 iterations, single-shot each
# Timeout: 60 min per iteration
# Threads: 1 thread
# Benchmark mode: Single shot invocation time
# Benchmark: com.swirlds.benchmark.MerkleDbSnapshotBenchmark.snapshot
# Parameters: (keySize = 32, maxKey = 100000000, numFiles = 1000, numRecords = 100000, numThreads = 32, recordSize = 128, snapshotMode = FORCED_OVERLAP, threadsPerLongList = 2, useDiskIndices = false)

# Run progress: 58.33% complete, ETA 00:09:49
# Fork: 1 of 1
WARNING: A terminally deprecated method in sun.misc.Unsafe has been called
WARNING: sun.misc.Unsafe::objectFieldOffset has been called by org.openjdk.jmh.util.Utils (file:/home/nikita.lebedev/hiero-consensus-node/platform-sdk/swirlds-benchmarks/build/libs/swirlds-benchmarks-0.79.0-SNAPSHOT-jmh.jar)
WARNING: Please consider reporting this to the maintainers of class org.openjdk.jmh.util.Utils
WARNING: sun.misc.Unsafe::objectFieldOffset will be removed in a future release
# Warmup Iteration   1: 2026-08-28 11:46:08.927 Benchmark configuration: BenchmarkConfig[benchmarkData=data,saveDataDirectory=true,verifyResult=true,enableSnapshots=false,printHistogram=false,csvOutputFolder=data,csvMetricsFileName=BenchmarkMetrics.csv,csvMetricNamesFileName=BenchmarkMetricNames.csv,csvWriteFrequency=0,csvAppend=true,deviceName=sda]
2026-08-28 11:46:08.929 Build: 3.15.0 (0a5e91a)
2026-08-28 11:46:08.929 Benchmark data directory: /home/nikita.lebedev/hiero-consensus-node/platform-sdk/swirlds-benchmarks/build/tmp/merkledb-snapshot-campaign/run.ydyLKD/data/MerkleDbSnapshotBenchmark
2026-08-28 11:46:10.433 Loaded 262144 hash chunks into the snapshot source cache
2026-08-28 11:46:13.509 Forced snapshot files after return in 1128 ms
1947.894 ms/op
Iteration   1: 2026-08-28 11:46:16.737 Forced snapshot files after return in 1122 ms
1923.880 ms/op
Iteration   2: 2026-08-28 11:46:19.983 Forced snapshot files after return in 1123 ms
1944.917 ms/op
Iteration   3: 2026-08-28 11:46:23.198 Forced snapshot files after return in 1137 ms
1903.239 ms/op


Result "com.swirlds.benchmark.MerkleDbSnapshotBenchmark.snapshot":
  N = 3
  mean =   1924.012 ±(99.9%) 380.188 ms/op

  Histogram, ms/op:
    [1900.000, 1905.000) = 1 
    [1905.000, 1910.000) = 0 
    [1910.000, 1915.000) = 0 
    [1915.000, 1920.000) = 0 
    [1920.000, 1925.000) = 1 
    [1925.000, 1930.000) = 0 
    [1930.000, 1935.000) = 0 
    [1935.000, 1940.000) = 0 
    [1940.000, 1945.000) = 1 

  Percentiles, ms/op:
      p(0.0000) =   1903.239 ms/op
     p(50.0000) =   1923.880 ms/op
     p(90.0000) =   1944.917 ms/op
     p(95.0000) =   1944.917 ms/op
     p(99.0000) =   1944.917 ms/op
     p(99.9000) =   1944.917 ms/op
     p(99.9900) =   1944.917 ms/op
     p(99.9990) =   1944.917 ms/op
     p(99.9999) =   1944.917 ms/op
    p(100.0000) =   1944.917 ms/op


# JMH version: 1.37
# VM version: JDK 25.0.2, OpenJDK 64-Bit Server VM, 25.0.2+10-LTS
# VM invoker: /home/nikita.lebedev/.local/jdks/jdk-25.0.2+10/bin/java
# VM options: -Xms4g -Xmx32g -XX:MaxDirectMemorySize=16g
# Blackhole mode: compiler (auto-detected, use -Djmh.blackhole.autoDetect=false to disable)
# Warmup: 1 iterations, single-shot each
# Measurement: 3 iterations, single-shot each
# Timeout: 60 min per iteration
# Threads: 1 thread
# Benchmark mode: Single shot invocation time
# Benchmark: com.swirlds.benchmark.MerkleDbSnapshotBenchmark.snapshot
# Parameters: (keySize = 32, maxKey = 100000000, numFiles = 1000, numRecords = 100000, numThreads = 32, recordSize = 128, snapshotMode = FORCED_OVERLAP, threadsPerLongList = 2, useDiskIndices = true)

# Run progress: 62.50% complete, ETA 00:08:24
# Fork: 1 of 1
WARNING: A terminally deprecated method in sun.misc.Unsafe has been called
WARNING: sun.misc.Unsafe::objectFieldOffset has been called by org.openjdk.jmh.util.Utils (file:/home/nikita.lebedev/hiero-consensus-node/platform-sdk/swirlds-benchmarks/build/libs/swirlds-benchmarks-0.79.0-SNAPSHOT-jmh.jar)
WARNING: Please consider reporting this to the maintainers of class org.openjdk.jmh.util.Utils
WARNING: sun.misc.Unsafe::objectFieldOffset will be removed in a future release
# Warmup Iteration   1: 2026-08-28 11:46:24.699 Benchmark configuration: BenchmarkConfig[benchmarkData=data,saveDataDirectory=true,verifyResult=true,enableSnapshots=false,printHistogram=false,csvOutputFolder=data,csvMetricsFileName=BenchmarkMetrics.csv,csvMetricNamesFileName=BenchmarkMetricNames.csv,csvWriteFrequency=0,csvAppend=true,deviceName=sda]
2026-08-28 11:46:24.701 Build: 3.15.0 (0a5e91a)
2026-08-28 11:46:24.702 Benchmark data directory: /home/nikita.lebedev/hiero-consensus-node/platform-sdk/swirlds-benchmarks/build/tmp/merkledb-snapshot-campaign/run.ydyLKD/data/MerkleDbSnapshotBenchmark
2026-08-28 11:46:26.858 Loaded 262144 hash chunks into the snapshot source cache
2026-08-28 11:46:29.957 Forced snapshot files after return in 1126 ms
1972.244 ms/op
Iteration   1: 2026-08-28 11:46:33.211 Forced snapshot files after return in 1123 ms
1948.703 ms/op
Iteration   2: 2026-08-28 11:46:36.463 Forced snapshot files after return in 1124 ms
1950.627 ms/op
Iteration   3: 2026-08-28 11:46:39.711 Forced snapshot files after return in 1131 ms
1939.568 ms/op


Result "com.swirlds.benchmark.MerkleDbSnapshotBenchmark.snapshot":
  N = 3
  mean =   1946.299 ±(99.9%) 107.797 ms/op

  Histogram, ms/op:
    [1930.000, 1932.500) = 0 
    [1932.500, 1935.000) = 0 
    [1935.000, 1937.500) = 0 
    [1937.500, 1940.000) = 1 
    [1940.000, 1942.500) = 0 
    [1942.500, 1945.000) = 0 
    [1945.000, 1947.500) = 0 
    [1947.500, 1950.000) = 1 
    [1950.000, 1952.500) = 1 
    [1952.500, 1955.000) = 0 
    [1955.000, 1957.500) = 0 

  Percentiles, ms/op:
      p(0.0000) =   1939.568 ms/op
     p(50.0000) =   1948.703 ms/op
     p(90.0000) =   1950.627 ms/op
     p(95.0000) =   1950.627 ms/op
     p(99.0000) =   1950.627 ms/op
     p(99.9000) =   1950.627 ms/op
     p(99.9900) =   1950.627 ms/op
     p(99.9990) =   1950.627 ms/op
     p(99.9999) =   1950.627 ms/op
    p(100.0000) =   1950.627 ms/op


# JMH version: 1.37
# VM version: JDK 25.0.2, OpenJDK 64-Bit Server VM, 25.0.2+10-LTS
# VM invoker: /home/nikita.lebedev/.local/jdks/jdk-25.0.2+10/bin/java
# VM options: -Xms4g -Xmx32g -XX:MaxDirectMemorySize=16g
# Blackhole mode: compiler (auto-detected, use -Djmh.blackhole.autoDetect=false to disable)
# Warmup: 1 iterations, single-shot each
# Measurement: 3 iterations, single-shot each
# Timeout: 60 min per iteration
# Threads: 1 thread
# Benchmark mode: Single shot invocation time
# Benchmark: com.swirlds.benchmark.MerkleDbSnapshotBenchmark.snapshot
# Parameters: (keySize = 32, maxKey = 100000000, numFiles = 1000, numRecords = 100000, numThreads = 32, recordSize = 128, snapshotMode = FORCED_OVERLAP, threadsPerLongList = 8, useDiskIndices = false)

# Run progress: 66.67% complete, ETA 00:07:09
# Fork: 1 of 1
WARNING: A terminally deprecated method in sun.misc.Unsafe has been called
WARNING: sun.misc.Unsafe::objectFieldOffset has been called by org.openjdk.jmh.util.Utils (file:/home/nikita.lebedev/hiero-consensus-node/platform-sdk/swirlds-benchmarks/build/libs/swirlds-benchmarks-0.79.0-SNAPSHOT-jmh.jar)
WARNING: Please consider reporting this to the maintainers of class org.openjdk.jmh.util.Utils
WARNING: sun.misc.Unsafe::objectFieldOffset will be removed in a future release
# Warmup Iteration   1: 2026-08-28 11:46:43.348 Benchmark configuration: BenchmarkConfig[benchmarkData=data,saveDataDirectory=true,verifyResult=true,enableSnapshots=false,printHistogram=false,csvOutputFolder=data,csvMetricsFileName=BenchmarkMetrics.csv,csvMetricNamesFileName=BenchmarkMetricNames.csv,csvWriteFrequency=0,csvAppend=true,deviceName=sda]
2026-08-28 11:46:43.351 Build: 3.15.0 (0a5e91a)
2026-08-28 11:46:43.351 Benchmark data directory: /home/nikita.lebedev/hiero-consensus-node/platform-sdk/swirlds-benchmarks/build/tmp/merkledb-snapshot-campaign/run.ydyLKD/data/MerkleDbSnapshotBenchmark
2026-08-28 11:46:44.980 Loaded 262144 hash chunks into the snapshot source cache
2026-08-28 11:46:48.018 Forced snapshot files after return in 1126 ms
1911.031 ms/op
Iteration   1: 2026-08-28 11:46:51.244 Forced snapshot files after return in 1142 ms
1901.886 ms/op
Iteration   2: 2026-08-28 11:46:54.448 Forced snapshot files after return in 1121 ms
1906.020 ms/op
Iteration   3: 2026-08-28 11:46:57.644 Forced snapshot files after return in 1131 ms
1890.343 ms/op


Result "com.swirlds.benchmark.MerkleDbSnapshotBenchmark.snapshot":
  N = 3
  mean =   1899.416 ±(99.9%) 148.232 ms/op

  Histogram, ms/op:
    [1890.000, 1891.250) = 1 
    [1891.250, 1892.500) = 0 
    [1892.500, 1893.750) = 0 
    [1893.750, 1895.000) = 0 
    [1895.000, 1896.250) = 0 
    [1896.250, 1897.500) = 0 
    [1897.500, 1898.750) = 0 
    [1898.750, 1900.000) = 0 
    [1900.000, 1901.250) = 0 
    [1901.250, 1902.500) = 1 
    [1902.500, 1903.750) = 0 
    [1903.750, 1905.000) = 0 
    [1905.000, 1906.250) = 1 
    [1906.250, 1907.500) = 0 
    [1907.500, 1908.750) = 0 

  Percentiles, ms/op:
      p(0.0000) =   1890.343 ms/op
     p(50.0000) =   1901.886 ms/op
     p(90.0000) =   1906.020 ms/op
     p(95.0000) =   1906.020 ms/op
     p(99.0000) =   1906.020 ms/op
     p(99.9000) =   1906.020 ms/op
     p(99.9900) =   1906.020 ms/op
     p(99.9990) =   1906.020 ms/op
     p(99.9999) =   1906.020 ms/op
    p(100.0000) =   1906.020 ms/op


# JMH version: 1.37
# VM version: JDK 25.0.2, OpenJDK 64-Bit Server VM, 25.0.2+10-LTS
# VM invoker: /home/nikita.lebedev/.local/jdks/jdk-25.0.2+10/bin/java
# VM options: -Xms4g -Xmx32g -XX:MaxDirectMemorySize=16g
# Blackhole mode: compiler (auto-detected, use -Djmh.blackhole.autoDetect=false to disable)
# Warmup: 1 iterations, single-shot each
# Measurement: 3 iterations, single-shot each
# Timeout: 60 min per iteration
# Threads: 1 thread
# Benchmark mode: Single shot invocation time
# Benchmark: com.swirlds.benchmark.MerkleDbSnapshotBenchmark.snapshot
# Parameters: (keySize = 32, maxKey = 100000000, numFiles = 1000, numRecords = 100000, numThreads = 32, recordSize = 128, snapshotMode = FORCED_OVERLAP, threadsPerLongList = 8, useDiskIndices = true)

# Run progress: 70.83% complete, ETA 00:06:00
# Fork: 1 of 1
WARNING: A terminally deprecated method in sun.misc.Unsafe has been called
WARNING: sun.misc.Unsafe::objectFieldOffset has been called by org.openjdk.jmh.util.Utils (file:/home/nikita.lebedev/hiero-consensus-node/platform-sdk/swirlds-benchmarks/build/libs/swirlds-benchmarks-0.79.0-SNAPSHOT-jmh.jar)
WARNING: Please consider reporting this to the maintainers of class org.openjdk.jmh.util.Utils
WARNING: sun.misc.Unsafe::objectFieldOffset will be removed in a future release
# Warmup Iteration   1: 2026-08-28 11:46:59.187 Benchmark configuration: BenchmarkConfig[benchmarkData=data,saveDataDirectory=true,verifyResult=true,enableSnapshots=false,printHistogram=false,csvOutputFolder=data,csvMetricsFileName=BenchmarkMetrics.csv,csvMetricNamesFileName=BenchmarkMetricNames.csv,csvWriteFrequency=0,csvAppend=true,deviceName=sda]
2026-08-28 11:46:59.190 Build: 3.15.0 (0a5e91a)
2026-08-28 11:46:59.190 Benchmark data directory: /home/nikita.lebedev/hiero-consensus-node/platform-sdk/swirlds-benchmarks/build/tmp/merkledb-snapshot-campaign/run.ydyLKD/data/MerkleDbSnapshotBenchmark
2026-08-28 11:47:01.293 Loaded 262144 hash chunks into the snapshot source cache
2026-08-28 11:47:04.406 Forced snapshot files after return in 1126 ms
1985.612 ms/op
Iteration   1: 2026-08-28 11:47:07.760 Forced snapshot files after return in 1148 ms
2023.129 ms/op
Iteration   2: 2026-08-28 11:47:10.995 Forced snapshot files after return in 1130 ms
1925.977 ms/op
Iteration   3: 2026-08-28 11:47:14.238 Forced snapshot files after return in 1126 ms
1942.673 ms/op


Result "com.swirlds.benchmark.MerkleDbSnapshotBenchmark.snapshot":
  N = 3
  mean =   1963.926 ±(99.9%) 947.688 ms/op

  Histogram, ms/op:
    [1920.000, 1930.000) = 1 
    [1930.000, 1940.000) = 0 
    [1940.000, 1950.000) = 1 
    [1950.000, 1960.000) = 0 
    [1960.000, 1970.000) = 0 
    [1970.000, 1980.000) = 0 
    [1980.000, 1990.000) = 0 
    [1990.000, 2000.000) = 0 
    [2000.000, 2010.000) = 0 
    [2010.000, 2020.000) = 0 

  Percentiles, ms/op:
      p(0.0000) =   1925.977 ms/op
     p(50.0000) =   1942.673 ms/op
     p(90.0000) =   2023.129 ms/op
     p(95.0000) =   2023.129 ms/op
     p(99.0000) =   2023.129 ms/op
     p(99.9000) =   2023.129 ms/op
     p(99.9900) =   2023.129 ms/op
     p(99.9990) =   2023.129 ms/op
     p(99.9999) =   2023.129 ms/op
    p(100.0000) =   2023.129 ms/op


# JMH version: 1.37
# VM version: JDK 25.0.2, OpenJDK 64-Bit Server VM, 25.0.2+10-LTS
# VM invoker: /home/nikita.lebedev/.local/jdks/jdk-25.0.2+10/bin/java
# VM options: -Xms4g -Xmx32g -XX:MaxDirectMemorySize=16g
# Blackhole mode: compiler (auto-detected, use -Djmh.blackhole.autoDetect=false to disable)
# Warmup: 1 iterations, single-shot each
# Measurement: 3 iterations, single-shot each
# Timeout: 60 min per iteration
# Threads: 1 thread
# Benchmark mode: Single shot invocation time
# Benchmark: com.swirlds.benchmark.MerkleDbSnapshotBenchmark.snapshot
# Parameters: (keySize = 32, maxKey = 100000000, numFiles = 1000, numRecords = 100000, numThreads = 32, recordSize = 128, snapshotMode = UNFORCED_OVERLAP, threadsPerLongList = 1, useDiskIndices = false)

# Run progress: 75.00% complete, ETA 00:04:57
# Fork: 1 of 1
WARNING: A terminally deprecated method in sun.misc.Unsafe has been called
WARNING: sun.misc.Unsafe::objectFieldOffset has been called by org.openjdk.jmh.util.Utils (file:/home/nikita.lebedev/hiero-consensus-node/platform-sdk/swirlds-benchmarks/build/libs/swirlds-benchmarks-0.79.0-SNAPSHOT-jmh.jar)
WARNING: Please consider reporting this to the maintainers of class org.openjdk.jmh.util.Utils
WARNING: sun.misc.Unsafe::objectFieldOffset will be removed in a future release
# Warmup Iteration   1: 2026-08-28 11:47:17.997 Benchmark configuration: BenchmarkConfig[benchmarkData=data,saveDataDirectory=true,verifyResult=true,enableSnapshots=false,printHistogram=false,csvOutputFolder=data,csvMetricsFileName=BenchmarkMetrics.csv,csvMetricNamesFileName=BenchmarkMetricNames.csv,csvWriteFrequency=0,csvAppend=true,deviceName=sda]
2026-08-28 11:47:18.000 Build: 3.15.0 (0a5e91a)
2026-08-28 11:47:18.000 Benchmark data directory: /home/nikita.lebedev/hiero-consensus-node/platform-sdk/swirlds-benchmarks/build/tmp/merkledb-snapshot-campaign/run.ydyLKD/data/MerkleDbSnapshotBenchmark
2026-08-28 11:47:19.497 Loaded 262144 hash chunks into the snapshot source cache
2026-08-28 11:47:23.835 Forced snapshot files after return in 3211 ms
1126.233 ms/op
Iteration   1: 2026-08-28 11:47:27.871 Forced snapshot files after return in 2791 ms
1061.461 ms/op
Iteration   2: 2026-08-28 11:47:31.889 Forced snapshot files after return in 2793 ms
1047.293 ms/op
Iteration   3: 2026-08-28 11:47:36.269 Forced snapshot files after return in 3160 ms
1043.214 ms/op


Result "com.swirlds.benchmark.MerkleDbSnapshotBenchmark.snapshot":
  N = 3
  mean =   1050.656 ±(99.9%) 174.722 ms/op

  Histogram, ms/op:
    [1040.000, 1042.500) = 0 
    [1042.500, 1045.000) = 1 
    [1045.000, 1047.500) = 1 
    [1047.500, 1050.000) = 0 
    [1050.000, 1052.500) = 0 
    [1052.500, 1055.000) = 0 
    [1055.000, 1057.500) = 0 
    [1057.500, 1060.000) = 0 
    [1060.000, 1062.500) = 1 
    [1062.500, 1065.000) = 0 
    [1065.000, 1067.500) = 0 

  Percentiles, ms/op:
      p(0.0000) =   1043.214 ms/op
     p(50.0000) =   1047.293 ms/op
     p(90.0000) =   1061.461 ms/op
     p(95.0000) =   1061.461 ms/op
     p(99.0000) =   1061.461 ms/op
     p(99.9000) =   1061.461 ms/op
     p(99.9900) =   1061.461 ms/op
     p(99.9990) =   1061.461 ms/op
     p(99.9999) =   1061.461 ms/op
    p(100.0000) =   1061.461 ms/op


# JMH version: 1.37
# VM version: JDK 25.0.2, OpenJDK 64-Bit Server VM, 25.0.2+10-LTS
# VM invoker: /home/nikita.lebedev/.local/jdks/jdk-25.0.2+10/bin/java
# VM options: -Xms4g -Xmx32g -XX:MaxDirectMemorySize=16g
# Blackhole mode: compiler (auto-detected, use -Djmh.blackhole.autoDetect=false to disable)
# Warmup: 1 iterations, single-shot each
# Measurement: 3 iterations, single-shot each
# Timeout: 60 min per iteration
# Threads: 1 thread
# Benchmark mode: Single shot invocation time
# Benchmark: com.swirlds.benchmark.MerkleDbSnapshotBenchmark.snapshot
# Parameters: (keySize = 32, maxKey = 100000000, numFiles = 1000, numRecords = 100000, numThreads = 32, recordSize = 128, snapshotMode = UNFORCED_OVERLAP, threadsPerLongList = 1, useDiskIndices = true)

# Run progress: 79.17% complete, ETA 00:04:00
# Fork: 1 of 1
WARNING: A terminally deprecated method in sun.misc.Unsafe has been called
WARNING: sun.misc.Unsafe::objectFieldOffset has been called by org.openjdk.jmh.util.Utils (file:/home/nikita.lebedev/hiero-consensus-node/platform-sdk/swirlds-benchmarks/build/libs/swirlds-benchmarks-0.79.0-SNAPSHOT-jmh.jar)
WARNING: Please consider reporting this to the maintainers of class org.openjdk.jmh.util.Utils
WARNING: sun.misc.Unsafe::objectFieldOffset will be removed in a future release
# Warmup Iteration   1: 2026-08-28 11:47:37.742 Benchmark configuration: BenchmarkConfig[benchmarkData=data,saveDataDirectory=true,verifyResult=true,enableSnapshots=false,printHistogram=false,csvOutputFolder=data,csvMetricsFileName=BenchmarkMetrics.csv,csvMetricNamesFileName=BenchmarkMetricNames.csv,csvWriteFrequency=0,csvAppend=true,deviceName=sda]
2026-08-28 11:47:37.744 Build: 3.15.0 (0a5e91a)
2026-08-28 11:47:37.745 Benchmark data directory: /home/nikita.lebedev/hiero-consensus-node/platform-sdk/swirlds-benchmarks/build/tmp/merkledb-snapshot-campaign/run.ydyLKD/data/MerkleDbSnapshotBenchmark
2026-08-28 11:47:39.859 Loaded 262144 hash chunks into the snapshot source cache
2026-08-28 11:47:45.308 Forced snapshot files after return in 3562 ms
1886.213 ms/op
Iteration   1: 2026-08-28 11:47:49.808 Forced snapshot files after return in 2819 ms
1466.879 ms/op
Iteration   2: 2026-08-28 11:47:54.251 Forced snapshot files after return in 2833 ms
1430.256 ms/op
Iteration   3: 2026-08-28 11:47:58.650 Forced snapshot files after return in 2793 ms
1428.372 ms/op


Result "com.swirlds.benchmark.MerkleDbSnapshotBenchmark.snapshot":
  N = 3
  mean =   1441.836 ±(99.9%) 396.049 ms/op

  Histogram, ms/op:
    [1420.000, 1425.000) = 0 
    [1425.000, 1430.000) = 1 
    [1430.000, 1435.000) = 1 
    [1435.000, 1440.000) = 0 
    [1440.000, 1445.000) = 0 
    [1445.000, 1450.000) = 0 
    [1450.000, 1455.000) = 0 
    [1455.000, 1460.000) = 0 
    [1460.000, 1465.000) = 0 

  Percentiles, ms/op:
      p(0.0000) =   1428.372 ms/op
     p(50.0000) =   1430.256 ms/op
     p(90.0000) =   1466.879 ms/op
     p(95.0000) =   1466.879 ms/op
     p(99.0000) =   1466.879 ms/op
     p(99.9000) =   1466.879 ms/op
     p(99.9900) =   1466.879 ms/op
     p(99.9990) =   1466.879 ms/op
     p(99.9999) =   1466.879 ms/op
    p(100.0000) =   1466.879 ms/op


# JMH version: 1.37
# VM version: JDK 25.0.2, OpenJDK 64-Bit Server VM, 25.0.2+10-LTS
# VM invoker: /home/nikita.lebedev/.local/jdks/jdk-25.0.2+10/bin/java
# VM options: -Xms4g -Xmx32g -XX:MaxDirectMemorySize=16g
# Blackhole mode: compiler (auto-detected, use -Djmh.blackhole.autoDetect=false to disable)
# Warmup: 1 iterations, single-shot each
# Measurement: 3 iterations, single-shot each
# Timeout: 60 min per iteration
# Threads: 1 thread
# Benchmark mode: Single shot invocation time
# Benchmark: com.swirlds.benchmark.MerkleDbSnapshotBenchmark.snapshot
# Parameters: (keySize = 32, maxKey = 100000000, numFiles = 1000, numRecords = 100000, numThreads = 32, recordSize = 128, snapshotMode = UNFORCED_OVERLAP, threadsPerLongList = 2, useDiskIndices = false)

# Run progress: 83.33% complete, ETA 00:03:07
# Fork: 1 of 1
WARNING: A terminally deprecated method in sun.misc.Unsafe has been called
WARNING: sun.misc.Unsafe::objectFieldOffset has been called by org.openjdk.jmh.util.Utils (file:/home/nikita.lebedev/hiero-consensus-node/platform-sdk/swirlds-benchmarks/build/libs/swirlds-benchmarks-0.79.0-SNAPSHOT-jmh.jar)
WARNING: Please consider reporting this to the maintainers of class org.openjdk.jmh.util.Utils
WARNING: sun.misc.Unsafe::objectFieldOffset will be removed in a future release
# Warmup Iteration   1: 2026-08-28 11:48:00.607 Benchmark configuration: BenchmarkConfig[benchmarkData=data,saveDataDirectory=true,verifyResult=true,enableSnapshots=false,printHistogram=false,csvOutputFolder=data,csvMetricsFileName=BenchmarkMetrics.csv,csvMetricNamesFileName=BenchmarkMetricNames.csv,csvWriteFrequency=0,csvAppend=true,deviceName=sda]
2026-08-28 11:48:00.609 Build: 3.15.0 (0a5e91a)
2026-08-28 11:48:00.609 Benchmark data directory: /home/nikita.lebedev/hiero-consensus-node/platform-sdk/swirlds-benchmarks/build/tmp/merkledb-snapshot-campaign/run.ydyLKD/data/MerkleDbSnapshotBenchmark
2026-08-28 11:48:02.067 Loaded 262144 hash chunks into the snapshot source cache
2026-08-28 11:48:06.008 Forced snapshot files after return in 2816 ms
1123.859 ms/op
Iteration   1: 2026-08-28 11:48:10.086 Forced snapshot files after return in 2836 ms
1058.509 ms/op
Iteration   2: 2026-08-28 11:48:14.100 Forced snapshot files after return in 2801 ms
1033.199 ms/op
Iteration   3: 2026-08-28 11:48:18.117 Forced snapshot files after return in 2807 ms
1034.407 ms/op


Result "com.swirlds.benchmark.MerkleDbSnapshotBenchmark.snapshot":
  N = 3
  mean =   1042.038 ±(99.9%) 260.468 ms/op

  Histogram, ms/op:
    [1030.000, 1032.500) = 0 
    [1032.500, 1035.000) = 2 
    [1035.000, 1037.500) = 0 
    [1037.500, 1040.000) = 0 
    [1040.000, 1042.500) = 0 
    [1042.500, 1045.000) = 0 
    [1045.000, 1047.500) = 0 
    [1047.500, 1050.000) = 0 
    [1050.000, 1052.500) = 0 
    [1052.500, 1055.000) = 0 
    [1055.000, 1057.500) = 0 

  Percentiles, ms/op:
      p(0.0000) =   1033.199 ms/op
     p(50.0000) =   1034.407 ms/op
     p(90.0000) =   1058.509 ms/op
     p(95.0000) =   1058.509 ms/op
     p(99.0000) =   1058.509 ms/op
     p(99.9000) =   1058.509 ms/op
     p(99.9900) =   1058.509 ms/op
     p(99.9990) =   1058.509 ms/op
     p(99.9999) =   1058.509 ms/op
    p(100.0000) =   1058.509 ms/op


# JMH version: 1.37
# VM version: JDK 25.0.2, OpenJDK 64-Bit Server VM, 25.0.2+10-LTS
# VM invoker: /home/nikita.lebedev/.local/jdks/jdk-25.0.2+10/bin/java
# VM options: -Xms4g -Xmx32g -XX:MaxDirectMemorySize=16g
# Blackhole mode: compiler (auto-detected, use -Djmh.blackhole.autoDetect=false to disable)
# Warmup: 1 iterations, single-shot each
# Measurement: 3 iterations, single-shot each
# Timeout: 60 min per iteration
# Threads: 1 thread
# Benchmark mode: Single shot invocation time
# Benchmark: com.swirlds.benchmark.MerkleDbSnapshotBenchmark.snapshot
# Parameters: (keySize = 32, maxKey = 100000000, numFiles = 1000, numRecords = 100000, numThreads = 32, recordSize = 128, snapshotMode = UNFORCED_OVERLAP, threadsPerLongList = 2, useDiskIndices = true)

# Run progress: 87.50% complete, ETA 00:02:16
# Fork: 1 of 1
WARNING: A terminally deprecated method in sun.misc.Unsafe has been called
WARNING: sun.misc.Unsafe::objectFieldOffset has been called by org.openjdk.jmh.util.Utils (file:/home/nikita.lebedev/hiero-consensus-node/platform-sdk/swirlds-benchmarks/build/libs/swirlds-benchmarks-0.79.0-SNAPSHOT-jmh.jar)
WARNING: Please consider reporting this to the maintainers of class org.openjdk.jmh.util.Utils
WARNING: sun.misc.Unsafe::objectFieldOffset will be removed in a future release
# Warmup Iteration   1: 2026-08-28 11:48:19.609 Benchmark configuration: BenchmarkConfig[benchmarkData=data,saveDataDirectory=true,verifyResult=true,enableSnapshots=false,printHistogram=false,csvOutputFolder=data,csvMetricsFileName=BenchmarkMetrics.csv,csvMetricNamesFileName=BenchmarkMetricNames.csv,csvWriteFrequency=0,csvAppend=true,deviceName=sda]
2026-08-28 11:48:19.611 Build: 3.15.0 (0a5e91a)
2026-08-28 11:48:19.611 Benchmark data directory: /home/nikita.lebedev/hiero-consensus-node/platform-sdk/swirlds-benchmarks/build/tmp/merkledb-snapshot-campaign/run.ydyLKD/data/MerkleDbSnapshotBenchmark
2026-08-28 11:48:21.767 Loaded 262144 hash chunks into the snapshot source cache
2026-08-28 11:48:26.123 Forced snapshot files after return in 2442 ms
1913.303 ms/op
Iteration   1: 2026-08-28 11:48:31.420 Forced snapshot files after return in 3705 ms
1409.370 ms/op
Iteration   2: 2026-08-28 11:48:35.784 Forced snapshot files after return in 2790 ms
1395.303 ms/op
Iteration   3: 2026-08-28 11:48:40.186 Forced snapshot files after return in 2833 ms
1392.253 ms/op


Result "com.swirlds.benchmark.MerkleDbSnapshotBenchmark.snapshot":
  N = 3
  mean =   1398.975 ±(99.9%) 166.561 ms/op

  Histogram, ms/op:
    [1390.000, 1391.250) = 0 
    [1391.250, 1392.500) = 1 
    [1392.500, 1393.750) = 0 
    [1393.750, 1395.000) = 0 
    [1395.000, 1396.250) = 1 
    [1396.250, 1397.500) = 0 
    [1397.500, 1398.750) = 0 
    [1398.750, 1400.000) = 0 
    [1400.000, 1401.250) = 0 
    [1401.250, 1402.500) = 0 
    [1402.500, 1403.750) = 0 
    [1403.750, 1405.000) = 0 
    [1405.000, 1406.250) = 0 
    [1406.250, 1407.500) = 0 
    [1407.500, 1408.750) = 0 

  Percentiles, ms/op:
      p(0.0000) =   1392.253 ms/op
     p(50.0000) =   1395.303 ms/op
     p(90.0000) =   1409.370 ms/op
     p(95.0000) =   1409.370 ms/op
     p(99.0000) =   1409.370 ms/op
     p(99.9000) =   1409.370 ms/op
     p(99.9900) =   1409.370 ms/op
     p(99.9990) =   1409.370 ms/op
     p(99.9999) =   1409.370 ms/op
    p(100.0000) =   1409.370 ms/op


# JMH version: 1.37
# VM version: JDK 25.0.2, OpenJDK 64-Bit Server VM, 25.0.2+10-LTS
# VM invoker: /home/nikita.lebedev/.local/jdks/jdk-25.0.2+10/bin/java
# VM options: -Xms4g -Xmx32g -XX:MaxDirectMemorySize=16g
# Blackhole mode: compiler (auto-detected, use -Djmh.blackhole.autoDetect=false to disable)
# Warmup: 1 iterations, single-shot each
# Measurement: 3 iterations, single-shot each
# Timeout: 60 min per iteration
# Threads: 1 thread
# Benchmark mode: Single shot invocation time
# Benchmark: com.swirlds.benchmark.MerkleDbSnapshotBenchmark.snapshot
# Parameters: (keySize = 32, maxKey = 100000000, numFiles = 1000, numRecords = 100000, numThreads = 32, recordSize = 128, snapshotMode = UNFORCED_OVERLAP, threadsPerLongList = 8, useDiskIndices = false)

# Run progress: 91.67% complete, ETA 00:01:28
# Fork: 1 of 1
WARNING: A terminally deprecated method in sun.misc.Unsafe has been called
WARNING: sun.misc.Unsafe::objectFieldOffset has been called by org.openjdk.jmh.util.Utils (file:/home/nikita.lebedev/hiero-consensus-node/platform-sdk/swirlds-benchmarks/build/libs/swirlds-benchmarks-0.79.0-SNAPSHOT-jmh.jar)
WARNING: Please consider reporting this to the maintainers of class org.openjdk.jmh.util.Utils
WARNING: sun.misc.Unsafe::objectFieldOffset will be removed in a future release
# Warmup Iteration   1: 2026-08-28 11:48:42.162 Benchmark configuration: BenchmarkConfig[benchmarkData=data,saveDataDirectory=true,verifyResult=true,enableSnapshots=false,printHistogram=false,csvOutputFolder=data,csvMetricsFileName=BenchmarkMetrics.csv,csvMetricNamesFileName=BenchmarkMetricNames.csv,csvWriteFrequency=0,csvAppend=true,deviceName=sda]
2026-08-28 11:48:42.164 Build: 3.15.0 (0a5e91a)
2026-08-28 11:48:42.164 Benchmark data directory: /home/nikita.lebedev/hiero-consensus-node/platform-sdk/swirlds-benchmarks/build/tmp/merkledb-snapshot-campaign/run.ydyLKD/data/MerkleDbSnapshotBenchmark
2026-08-28 11:48:43.697 Loaded 262144 hash chunks into the snapshot source cache
2026-08-28 11:48:47.673 Forced snapshot files after return in 2867 ms
1108.671 ms/op
Iteration   1: 2026-08-28 11:48:51.743 Forced snapshot files after return in 2871 ms
1015.412 ms/op
Iteration   2: 2026-08-28 11:48:55.824 Forced snapshot files after return in 2856 ms
1044.677 ms/op
Iteration   3: 2026-08-28 11:48:59.850 Forced snapshot files after return in 2858 ms
991.813 ms/op


Result "com.swirlds.benchmark.MerkleDbSnapshotBenchmark.snapshot":
  N = 3
  mean =   1017.301 ±(99.9%) 483.142 ms/op

  Histogram, ms/op:
    [ 990.000,  995.000) = 1 
    [ 995.000, 1000.000) = 0 
    [1000.000, 1005.000) = 0 
    [1005.000, 1010.000) = 0 
    [1010.000, 1015.000) = 0 
    [1015.000, 1020.000) = 1 
    [1020.000, 1025.000) = 0 
    [1025.000, 1030.000) = 0 
    [1030.000, 1035.000) = 0 
    [1035.000, 1040.000) = 0 
    [1040.000, 1045.000) = 1 

  Percentiles, ms/op:
      p(0.0000) =    991.813 ms/op
     p(50.0000) =   1015.412 ms/op
     p(90.0000) =   1044.677 ms/op
     p(95.0000) =   1044.677 ms/op
     p(99.0000) =   1044.677 ms/op
     p(99.9000) =   1044.677 ms/op
     p(99.9900) =   1044.677 ms/op
     p(99.9990) =   1044.677 ms/op
     p(99.9999) =   1044.677 ms/op
    p(100.0000) =   1044.677 ms/op


# JMH version: 1.37
# VM version: JDK 25.0.2, OpenJDK 64-Bit Server VM, 25.0.2+10-LTS
# VM invoker: /home/nikita.lebedev/.local/jdks/jdk-25.0.2+10/bin/java
# VM options: -Xms4g -Xmx32g -XX:MaxDirectMemorySize=16g
# Blackhole mode: compiler (auto-detected, use -Djmh.blackhole.autoDetect=false to disable)
# Warmup: 1 iterations, single-shot each
# Measurement: 3 iterations, single-shot each
# Timeout: 60 min per iteration
# Threads: 1 thread
# Benchmark mode: Single shot invocation time
# Benchmark: com.swirlds.benchmark.MerkleDbSnapshotBenchmark.snapshot
# Parameters: (keySize = 32, maxKey = 100000000, numFiles = 1000, numRecords = 100000, numThreads = 32, recordSize = 128, snapshotMode = UNFORCED_OVERLAP, threadsPerLongList = 8, useDiskIndices = true)

# Run progress: 95.83% complete, ETA 00:00:43
# Fork: 1 of 1
WARNING: A terminally deprecated method in sun.misc.Unsafe has been called
WARNING: sun.misc.Unsafe::objectFieldOffset has been called by org.openjdk.jmh.util.Utils (file:/home/nikita.lebedev/hiero-consensus-node/platform-sdk/swirlds-benchmarks/build/libs/swirlds-benchmarks-0.79.0-SNAPSHOT-jmh.jar)
WARNING: Please consider reporting this to the maintainers of class org.openjdk.jmh.util.Utils
WARNING: sun.misc.Unsafe::objectFieldOffset will be removed in a future release
# Warmup Iteration   1: 2026-08-28 11:49:01.348 Benchmark configuration: BenchmarkConfig[benchmarkData=data,saveDataDirectory=true,verifyResult=true,enableSnapshots=false,printHistogram=false,csvOutputFolder=data,csvMetricsFileName=BenchmarkMetrics.csv,csvMetricNamesFileName=BenchmarkMetricNames.csv,csvWriteFrequency=0,csvAppend=true,deviceName=sda]
2026-08-28 11:49:01.350 Build: 3.15.0 (0a5e91a)
2026-08-28 11:49:01.350 Benchmark data directory: /home/nikita.lebedev/hiero-consensus-node/platform-sdk/swirlds-benchmarks/build/tmp/merkledb-snapshot-campaign/run.ydyLKD/data/MerkleDbSnapshotBenchmark
2026-08-28 11:49:03.487 Loaded 262144 hash chunks into the snapshot source cache
2026-08-28 11:49:08.177 Forced snapshot files after return in 2697 ms
1992.188 ms/op
Iteration   1: 2026-08-28 11:49:13.487 Forced snapshot files after return in 3690 ms
1436.371 ms/op
Iteration   2: 2026-08-28 11:49:18.540 Forced snapshot files after return in 3467 ms
1407.791 ms/op
Iteration   3: 2026-08-28 11:49:23.110 Forced snapshot files after return in 3022 ms
1373.574 ms/op


Result "com.swirlds.benchmark.MerkleDbSnapshotBenchmark.snapshot":
  N = 3
  mean =   1405.912 ±(99.9%) 573.597 ms/op

  Histogram, ms/op:
    [1370.000, 1375.000) = 1 
    [1375.000, 1380.000) = 0 
    [1380.000, 1385.000) = 0 
    [1385.000, 1390.000) = 0 
    [1390.000, 1395.000) = 0 
    [1395.000, 1400.000) = 0 
    [1400.000, 1405.000) = 0 
    [1405.000, 1410.000) = 1 
    [1410.000, 1415.000) = 0 
    [1415.000, 1420.000) = 0 
    [1420.000, 1425.000) = 0 
    [1425.000, 1430.000) = 0 
    [1430.000, 1435.000) = 0 

  Percentiles, ms/op:
      p(0.0000) =   1373.574 ms/op
     p(50.0000) =   1407.791 ms/op
     p(90.0000) =   1436.371 ms/op
     p(95.0000) =   1436.371 ms/op
     p(99.0000) =   1436.371 ms/op
     p(99.9000) =   1436.371 ms/op
     p(99.9900) =   1436.371 ms/op
     p(99.9990) =   1436.371 ms/op
     p(99.9999) =   1436.371 ms/op
    p(100.0000) =   1436.371 ms/op


# Run complete. Total time: 00:17:01

REMEMBER: The numbers below are just data. To gain reusable insights, you need to follow up on
why the numbers are the way they are. Use profilers (see -prof, -lprof), design factorial
experiments, perform baseline and negative tests that provide experimental control, make sure
the benchmarking environment is safe on JVM/OS/HW level, ask for reviews from the domain experts.
Do not assume the numbers tell you what you want them to tell.

NOTE: Current JVM experimentally supports Compiler Blackholes, and they are in use. Please exercise
extra caution when trusting the results, look into the generated code to check the benchmark still
works, and factor in a small probability of new VM bugs. Additionally, while comparisons between
different JVMs are already problematic, the performance difference caused by different Blackhole
modes can be very significant. Please make sure you use the consistent Blackhole mode for comparisons.

Benchmark                           (keySize)   (maxKey)  (numFiles)  (numRecords)  (numThreads)  (recordSize)    (snapshotMode)  (threadsPerLongList)  (useDiskIndices)  Mode  Cnt     Score       Error  Units
MerkleDbSnapshotBenchmark.snapshot         32  100000000        1000        100000            32           128            FORCED                     1             false    ss    3  2718.832 ±   291.838  ms/op
MerkleDbSnapshotBenchmark.snapshot         32  100000000        1000        100000            32           128            FORCED                     1              true    ss    3  3471.228 ±  4236.920  ms/op
MerkleDbSnapshotBenchmark.snapshot         32  100000000        1000        100000            32           128            FORCED                     2             false    ss    3  2909.872 ±  3333.450  ms/op
MerkleDbSnapshotBenchmark.snapshot         32  100000000        1000        100000            32           128            FORCED                     2              true    ss    3  3631.186 ±  3334.086  ms/op
MerkleDbSnapshotBenchmark.snapshot         32  100000000        1000        100000            32           128            FORCED                     8             false    ss    3  3633.732 ±  2408.557  ms/op
MerkleDbSnapshotBenchmark.snapshot         32  100000000        1000        100000            32           128            FORCED                     8              true    ss    3  3888.361 ± 15804.442  ms/op
MerkleDbSnapshotBenchmark.snapshot         32  100000000        1000        100000            32           128          UNFORCED                     1             false    ss    3  1570.757 ±    43.909  ms/op
MerkleDbSnapshotBenchmark.snapshot         32  100000000        1000        100000            32           128          UNFORCED                     1              true    ss    3  2143.288 ±   612.154  ms/op
MerkleDbSnapshotBenchmark.snapshot         32  100000000        1000        100000            32           128          UNFORCED                     2             false    ss    3  1506.623 ±    64.208  ms/op
MerkleDbSnapshotBenchmark.snapshot         32  100000000        1000        100000            32           128          UNFORCED                     2              true    ss    3  1881.949 ±   100.981  ms/op
MerkleDbSnapshotBenchmark.snapshot         32  100000000        1000        100000            32           128          UNFORCED                     8             false    ss    3  1422.085 ±   145.287  ms/op
MerkleDbSnapshotBenchmark.snapshot         32  100000000        1000        100000            32           128          UNFORCED                     8              true    ss    3  1849.998 ±   501.568  ms/op
MerkleDbSnapshotBenchmark.snapshot         32  100000000        1000        100000            32           128    FORCED_OVERLAP                     1             false    ss    3  2063.423 ±   229.391  ms/op
MerkleDbSnapshotBenchmark.snapshot         32  100000000        1000        100000            32           128    FORCED_OVERLAP                     1              true    ss    3  2428.009 ±  6539.869  ms/op
MerkleDbSnapshotBenchmark.snapshot         32  100000000        1000        100000            32           128    FORCED_OVERLAP                     2             false    ss    3  1924.012 ±   380.188  ms/op
MerkleDbSnapshotBenchmark.snapshot         32  100000000        1000        100000            32           128    FORCED_OVERLAP                     2              true    ss    3  1946.299 ±   107.797  ms/op
MerkleDbSnapshotBenchmark.snapshot         32  100000000        1000        100000            32           128    FORCED_OVERLAP                     8             false    ss    3  1899.416 ±   148.232  ms/op
MerkleDbSnapshotBenchmark.snapshot         32  100000000        1000        100000            32           128    FORCED_OVERLAP                     8              true    ss    3  1963.926 ±   947.688  ms/op
MerkleDbSnapshotBenchmark.snapshot         32  100000000        1000        100000            32           128  UNFORCED_OVERLAP                     1             false    ss    3  1050.656 ±   174.722  ms/op
MerkleDbSnapshotBenchmark.snapshot         32  100000000        1000        100000            32           128  UNFORCED_OVERLAP                     1              true    ss    3  1441.836 ±   396.049  ms/op
MerkleDbSnapshotBenchmark.snapshot         32  100000000        1000        100000            32           128  UNFORCED_OVERLAP                     2             false    ss    3  1042.038 ±   260.468  ms/op
MerkleDbSnapshotBenchmark.snapshot         32  100000000        1000        100000            32           128  UNFORCED_OVERLAP                     2              true    ss    3  1398.975 ±   166.561  ms/op
MerkleDbSnapshotBenchmark.snapshot         32  100000000        1000        100000            32           128  UNFORCED_OVERLAP                     8             false    ss    3  1017.301 ±   483.142  ms/op
MerkleDbSnapshotBenchmark.snapshot         32  100000000        1000        100000            32           128  UNFORCED_OVERLAP                     8              true    ss    3  1405.912 ±   573.597  ms/op

Benchmark result is saved to /home/nikita.lebedev/hiero-consensus-node/platform-sdk/swirlds-benchmarks/build/results/jmh/merkledb-snapshot-campaign/20260828T113202Z-1105376/merkledb-snapshot-block-A.json

Running merkledb-snapshot-block-B
WARNING: A terminally deprecated method in sun.misc.Unsafe has been called
WARNING: sun.misc.Unsafe::objectFieldOffset has been called by org.openjdk.jmh.util.Utils (file:/home/nikita.lebedev/hiero-consensus-node/platform-sdk/swirlds-benchmarks/build/libs/swirlds-benchmarks-0.79.0-SNAPSHOT-jmh.jar)
WARNING: Please consider reporting this to the maintainers of class org.openjdk.jmh.util.Utils
WARNING: sun.misc.Unsafe::objectFieldOffset will be removed in a future release
# JMH version: 1.37
# VM version: JDK 25.0.2, OpenJDK 64-Bit Server VM, 25.0.2+10-LTS
# VM invoker: /home/nikita.lebedev/.local/jdks/jdk-25.0.2+10/bin/java
# VM options: -Xms4g -Xmx32g -XX:MaxDirectMemorySize=16g
# Blackhole mode: compiler (auto-detected, use -Djmh.blackhole.autoDetect=false to disable)
# Warmup: 1 iterations, single-shot each
# Measurement: 3 iterations, single-shot each
# Timeout: 60 min per iteration
# Threads: 1 thread
# Benchmark mode: Single shot invocation time
# Benchmark: com.swirlds.benchmark.MerkleDbSnapshotBenchmark.snapshot
# Parameters: (keySize = 32, maxKey = 100000000, numFiles = 1000, numRecords = 100000, numThreads = 32, recordSize = 128, snapshotMode = UNFORCED_OVERLAP, threadsPerLongList = 8, useDiskIndices = true)

# Run progress: 0.00% complete, ETA 00:00:00
# Fork: 1 of 1
WARNING: A terminally deprecated method in sun.misc.Unsafe has been called
WARNING: sun.misc.Unsafe::objectFieldOffset has been called by org.openjdk.jmh.util.Utils (file:/home/nikita.lebedev/hiero-consensus-node/platform-sdk/swirlds-benchmarks/build/libs/swirlds-benchmarks-0.79.0-SNAPSHOT-jmh.jar)
WARNING: Please consider reporting this to the maintainers of class org.openjdk.jmh.util.Utils
WARNING: sun.misc.Unsafe::objectFieldOffset will be removed in a future release
# Warmup Iteration   1: 2026-08-28 11:49:25.412 Benchmark configuration: BenchmarkConfig[benchmarkData=data,saveDataDirectory=true,verifyResult=true,enableSnapshots=false,printHistogram=false,csvOutputFolder=data,csvMetricsFileName=BenchmarkMetrics.csv,csvMetricNamesFileName=BenchmarkMetricNames.csv,csvWriteFrequency=0,csvAppend=true,deviceName=sda]
2026-08-28 11:49:25.414 Build: 3.15.0 (0a5e91a)
2026-08-28 11:49:25.415 Benchmark data directory: /home/nikita.lebedev/hiero-consensus-node/platform-sdk/swirlds-benchmarks/build/tmp/merkledb-snapshot-campaign/run.ydyLKD/data/MerkleDbSnapshotBenchmark
2026-08-28 11:49:27.521 Loaded 262144 hash chunks into the snapshot source cache
2026-08-28 11:49:31.940 Forced snapshot files after return in 2825 ms
1593.191 ms/op
Iteration   1: 2026-08-28 11:49:37.774 Forced snapshot files after return in 4194 ms
1458.046 ms/op
Iteration   2: 2026-08-28 11:49:42.175 Forced snapshot files after return in 2833 ms
1389.813 ms/op
Iteration   3: 2026-08-28 11:49:47.017 Forced snapshot files after return in 3268 ms
1399.062 ms/op


Result "com.swirlds.benchmark.MerkleDbSnapshotBenchmark.snapshot":
  N = 3
  mean =   1415.640 ±(99.9%) 675.284 ms/op

  Histogram, ms/op:
    [1380.000, 1385.000) = 0 
    [1385.000, 1390.000) = 1 
    [1390.000, 1395.000) = 0 
    [1395.000, 1400.000) = 1 
    [1400.000, 1405.000) = 0 
    [1405.000, 1410.000) = 0 
    [1410.000, 1415.000) = 0 
    [1415.000, 1420.000) = 0 
    [1420.000, 1425.000) = 0 
    [1425.000, 1430.000) = 0 
    [1430.000, 1435.000) = 0 
    [1435.000, 1440.000) = 0 
    [1440.000, 1445.000) = 0 
    [1445.000, 1450.000) = 0 
    [1450.000, 1455.000) = 0 

  Percentiles, ms/op:
      p(0.0000) =   1389.813 ms/op
     p(50.0000) =   1399.062 ms/op
     p(90.0000) =   1458.046 ms/op
     p(95.0000) =   1458.046 ms/op
     p(99.0000) =   1458.046 ms/op
     p(99.9000) =   1458.046 ms/op
     p(99.9900) =   1458.046 ms/op
     p(99.9990) =   1458.046 ms/op
     p(99.9999) =   1458.046 ms/op
    p(100.0000) =   1458.046 ms/op


# JMH version: 1.37
# VM version: JDK 25.0.2, OpenJDK 64-Bit Server VM, 25.0.2+10-LTS
# VM invoker: /home/nikita.lebedev/.local/jdks/jdk-25.0.2+10/bin/java
# VM options: -Xms4g -Xmx32g -XX:MaxDirectMemorySize=16g
# Blackhole mode: compiler (auto-detected, use -Djmh.blackhole.autoDetect=false to disable)
# Warmup: 1 iterations, single-shot each
# Measurement: 3 iterations, single-shot each
# Timeout: 60 min per iteration
# Threads: 1 thread
# Benchmark mode: Single shot invocation time
# Benchmark: com.swirlds.benchmark.MerkleDbSnapshotBenchmark.snapshot
# Parameters: (keySize = 32, maxKey = 100000000, numFiles = 1000, numRecords = 100000, numThreads = 32, recordSize = 128, snapshotMode = UNFORCED_OVERLAP, threadsPerLongList = 8, useDiskIndices = false)

# Run progress: 4.17% complete, ETA 00:09:04
# Fork: 1 of 1
WARNING: A terminally deprecated method in sun.misc.Unsafe has been called
WARNING: sun.misc.Unsafe::objectFieldOffset has been called by org.openjdk.jmh.util.Utils (file:/home/nikita.lebedev/hiero-consensus-node/platform-sdk/swirlds-benchmarks/build/libs/swirlds-benchmarks-0.79.0-SNAPSHOT-jmh.jar)
WARNING: Please consider reporting this to the maintainers of class org.openjdk.jmh.util.Utils
WARNING: sun.misc.Unsafe::objectFieldOffset will be removed in a future release
# Warmup Iteration   1: 2026-08-28 11:49:49.049 Benchmark configuration: BenchmarkConfig[benchmarkData=data,saveDataDirectory=true,verifyResult=true,enableSnapshots=false,printHistogram=false,csvOutputFolder=data,csvMetricsFileName=BenchmarkMetrics.csv,csvMetricNamesFileName=BenchmarkMetricNames.csv,csvWriteFrequency=0,csvAppend=true,deviceName=sda]
2026-08-28 11:49:49.051 Build: 3.15.0 (0a5e91a)
2026-08-28 11:49:49.052 Benchmark data directory: /home/nikita.lebedev/hiero-consensus-node/platform-sdk/swirlds-benchmarks/build/tmp/merkledb-snapshot-campaign/run.ydyLKD/data/MerkleDbSnapshotBenchmark
2026-08-28 11:49:50.642 Loaded 262144 hash chunks into the snapshot source cache
2026-08-28 11:49:54.922 Forced snapshot files after return in 3121 ms
1159.076 ms/op
Iteration   1: 2026-08-28 11:49:59.539 Forced snapshot files after return in 3399 ms
1032.703 ms/op
Iteration   2: 2026-08-28 11:50:03.516 Forced snapshot files after return in 2797 ms
1001.677 ms/op
Iteration   3: 2026-08-28 11:50:07.582 Forced snapshot files after return in 2850 ms
1039.346 ms/op


Result "com.swirlds.benchmark.MerkleDbSnapshotBenchmark.snapshot":
  N = 3
  mean =   1024.575 ±(99.9%) 366.818 ms/op

  Histogram, ms/op:
    [1000.000, 1002.500) = 1 
    [1002.500, 1005.000) = 0 
    [1005.000, 1007.500) = 0 
    [1007.500, 1010.000) = 0 
    [1010.000, 1012.500) = 0 
    [1012.500, 1015.000) = 0 
    [1015.000, 1017.500) = 0 
    [1017.500, 1020.000) = 0 
    [1020.000, 1022.500) = 0 
    [1022.500, 1025.000) = 0 
    [1025.000, 1027.500) = 0 
    [1027.500, 1030.000) = 0 
    [1030.000, 1032.500) = 0 
    [1032.500, 1035.000) = 1 
    [1035.000, 1037.500) = 0 

  Percentiles, ms/op:
      p(0.0000) =   1001.677 ms/op
     p(50.0000) =   1032.703 ms/op
     p(90.0000) =   1039.346 ms/op
     p(95.0000) =   1039.346 ms/op
     p(99.0000) =   1039.346 ms/op
     p(99.9000) =   1039.346 ms/op
     p(99.9900) =   1039.346 ms/op
     p(99.9990) =   1039.346 ms/op
     p(99.9999) =   1039.346 ms/op
    p(100.0000) =   1039.346 ms/op


# JMH version: 1.37
# VM version: JDK 25.0.2, OpenJDK 64-Bit Server VM, 25.0.2+10-LTS
# VM invoker: /home/nikita.lebedev/.local/jdks/jdk-25.0.2+10/bin/java
# VM options: -Xms4g -Xmx32g -XX:MaxDirectMemorySize=16g
# Blackhole mode: compiler (auto-detected, use -Djmh.blackhole.autoDetect=false to disable)
# Warmup: 1 iterations, single-shot each
# Measurement: 3 iterations, single-shot each
# Timeout: 60 min per iteration
# Threads: 1 thread
# Benchmark mode: Single shot invocation time
# Benchmark: com.swirlds.benchmark.MerkleDbSnapshotBenchmark.snapshot
# Parameters: (keySize = 32, maxKey = 100000000, numFiles = 1000, numRecords = 100000, numThreads = 32, recordSize = 128, snapshotMode = UNFORCED_OVERLAP, threadsPerLongList = 1, useDiskIndices = true)

# Run progress: 8.33% complete, ETA 00:08:01
# Fork: 1 of 1
WARNING: A terminally deprecated method in sun.misc.Unsafe has been called
WARNING: sun.misc.Unsafe::objectFieldOffset has been called by org.openjdk.jmh.util.Utils (file:/home/nikita.lebedev/hiero-consensus-node/platform-sdk/swirlds-benchmarks/build/libs/swirlds-benchmarks-0.79.0-SNAPSHOT-jmh.jar)
WARNING: Please consider reporting this to the maintainers of class org.openjdk.jmh.util.Utils
WARNING: sun.misc.Unsafe::objectFieldOffset will be removed in a future release
# Warmup Iteration   1: 2026-08-28 11:50:09.109 Benchmark configuration: BenchmarkConfig[benchmarkData=data,saveDataDirectory=true,verifyResult=true,enableSnapshots=false,printHistogram=false,csvOutputFolder=data,csvMetricsFileName=BenchmarkMetrics.csv,csvMetricNamesFileName=BenchmarkMetricNames.csv,csvWriteFrequency=0,csvAppend=true,deviceName=sda]
2026-08-28 11:50:09.111 Build: 3.15.0 (0a5e91a)
2026-08-28 11:50:09.111 Benchmark data directory: /home/nikita.lebedev/hiero-consensus-node/platform-sdk/swirlds-benchmarks/build/tmp/merkledb-snapshot-campaign/run.ydyLKD/data/MerkleDbSnapshotBenchmark
2026-08-28 11:50:11.384 Loaded 262144 hash chunks into the snapshot source cache
2026-08-28 11:50:16.117 Forced snapshot files after return in 2730 ms
2002.727 ms/op
Iteration   1: 2026-08-28 11:50:21.281 Forced snapshot files after return in 3529 ms
1454.277 ms/op
Iteration   2: 2026-08-28 11:50:25.742 Forced snapshot files after return in 2849 ms
1432.605 ms/op
Iteration   3: 2026-08-28 11:50:30.221 Forced snapshot files after return in 2876 ms
1425.590 ms/op


Result "com.swirlds.benchmark.MerkleDbSnapshotBenchmark.snapshot":
  N = 3
  mean =   1437.490 ±(99.9%) 272.825 ms/op

  Histogram, ms/op:
    [1420.000, 1422.500) = 0 
    [1422.500, 1425.000) = 0 
    [1425.000, 1427.500) = 1 
    [1427.500, 1430.000) = 0 
    [1430.000, 1432.500) = 0 
    [1432.500, 1435.000) = 1 
    [1435.000, 1437.500) = 0 
    [1437.500, 1440.000) = 0 
    [1440.000, 1442.500) = 0 
    [1442.500, 1445.000) = 0 
    [1445.000, 1447.500) = 0 
    [1447.500, 1450.000) = 0 
    [1450.000, 1452.500) = 0 
    [1452.500, 1455.000) = 1 
    [1455.000, 1457.500) = 0 

  Percentiles, ms/op:
      p(0.0000) =   1425.590 ms/op
     p(50.0000) =   1432.605 ms/op
     p(90.0000) =   1454.277 ms/op
     p(95.0000) =   1454.277 ms/op
     p(99.0000) =   1454.277 ms/op
     p(99.9000) =   1454.277 ms/op
     p(99.9900) =   1454.277 ms/op
     p(99.9990) =   1454.277 ms/op
     p(99.9999) =   1454.277 ms/op
    p(100.0000) =   1454.277 ms/op


# JMH version: 1.37
# VM version: JDK 25.0.2, OpenJDK 64-Bit Server VM, 25.0.2+10-LTS
# VM invoker: /home/nikita.lebedev/.local/jdks/jdk-25.0.2+10/bin/java
# VM options: -Xms4g -Xmx32g -XX:MaxDirectMemorySize=16g
# Blackhole mode: compiler (auto-detected, use -Djmh.blackhole.autoDetect=false to disable)
# Warmup: 1 iterations, single-shot each
# Measurement: 3 iterations, single-shot each
# Timeout: 60 min per iteration
# Threads: 1 thread
# Benchmark mode: Single shot invocation time
# Benchmark: com.swirlds.benchmark.MerkleDbSnapshotBenchmark.snapshot
# Parameters: (keySize = 32, maxKey = 100000000, numFiles = 1000, numRecords = 100000, numThreads = 32, recordSize = 128, snapshotMode = UNFORCED_OVERLAP, threadsPerLongList = 1, useDiskIndices = false)

# Run progress: 12.50% complete, ETA 00:07:47
# Fork: 1 of 1
WARNING: A terminally deprecated method in sun.misc.Unsafe has been called
WARNING: sun.misc.Unsafe::objectFieldOffset has been called by org.openjdk.jmh.util.Utils (file:/home/nikita.lebedev/hiero-consensus-node/platform-sdk/swirlds-benchmarks/build/libs/swirlds-benchmarks-0.79.0-SNAPSHOT-jmh.jar)
WARNING: Please consider reporting this to the maintainers of class org.openjdk.jmh.util.Utils
WARNING: sun.misc.Unsafe::objectFieldOffset will be removed in a future release
# Warmup Iteration   1: 2026-08-28 11:50:32.213 Benchmark configuration: BenchmarkConfig[benchmarkData=data,saveDataDirectory=true,verifyResult=true,enableSnapshots=false,printHistogram=false,csvOutputFolder=data,csvMetricsFileName=BenchmarkMetrics.csv,csvMetricNamesFileName=BenchmarkMetricNames.csv,csvWriteFrequency=0,csvAppend=true,deviceName=sda]
2026-08-28 11:50:32.215 Build: 3.15.0 (0a5e91a)
2026-08-28 11:50:32.215 Benchmark data directory: /home/nikita.lebedev/hiero-consensus-node/platform-sdk/swirlds-benchmarks/build/tmp/merkledb-snapshot-campaign/run.ydyLKD/data/MerkleDbSnapshotBenchmark
2026-08-28 11:50:33.725 Loaded 262144 hash chunks into the snapshot source cache
2026-08-28 11:50:37.693 Forced snapshot files after return in 2823 ms
1144.312 ms/op
Iteration   1: 2026-08-28 11:50:41.780 Forced snapshot files after return in 2847 ms
1057.834 ms/op
Iteration   2: 2026-08-28 11:50:45.873 Forced snapshot files after return in 2873 ms
1041.929 ms/op
Iteration   3: 2026-08-28 11:50:49.884 Forced snapshot files after return in 2796 ms
1040.401 ms/op


Result "com.swirlds.benchmark.MerkleDbSnapshotBenchmark.snapshot":
  N = 3
  mean =   1046.721 ±(99.9%) 176.127 ms/op

  Histogram, ms/op:
    [1040.000, 1041.250) = 1 
    [1041.250, 1042.500) = 1 
    [1042.500, 1043.750) = 0 
    [1043.750, 1045.000) = 0 
    [1045.000, 1046.250) = 0 
    [1046.250, 1047.500) = 0 
    [1047.500, 1048.750) = 0 
    [1048.750, 1050.000) = 0 
    [1050.000, 1051.250) = 0 
    [1051.250, 1052.500) = 0 
    [1052.500, 1053.750) = 0 
    [1053.750, 1055.000) = 0 
    [1055.000, 1056.250) = 0 
    [1056.250, 1057.500) = 0 
    [1057.500, 1058.750) = 1 

  Percentiles, ms/op:
      p(0.0000) =   1040.401 ms/op
     p(50.0000) =   1041.929 ms/op
     p(90.0000) =   1057.834 ms/op
     p(95.0000) =   1057.834 ms/op
     p(99.0000) =   1057.834 ms/op
     p(99.9000) =   1057.834 ms/op
     p(99.9900) =   1057.834 ms/op
     p(99.9990) =   1057.834 ms/op
     p(99.9999) =   1057.834 ms/op
    p(100.0000) =   1057.834 ms/op


# JMH version: 1.37
# VM version: JDK 25.0.2, OpenJDK 64-Bit Server VM, 25.0.2+10-LTS
# VM invoker: /home/nikita.lebedev/.local/jdks/jdk-25.0.2+10/bin/java
# VM options: -Xms4g -Xmx32g -XX:MaxDirectMemorySize=16g
# Blackhole mode: compiler (auto-detected, use -Djmh.blackhole.autoDetect=false to disable)
# Warmup: 1 iterations, single-shot each
# Measurement: 3 iterations, single-shot each
# Timeout: 60 min per iteration
# Threads: 1 thread
# Benchmark mode: Single shot invocation time
# Benchmark: com.swirlds.benchmark.MerkleDbSnapshotBenchmark.snapshot
# Parameters: (keySize = 32, maxKey = 100000000, numFiles = 1000, numRecords = 100000, numThreads = 32, recordSize = 128, snapshotMode = UNFORCED_OVERLAP, threadsPerLongList = 2, useDiskIndices = true)

# Run progress: 16.67% complete, ETA 00:07:09
# Fork: 1 of 1
WARNING: A terminally deprecated method in sun.misc.Unsafe has been called
WARNING: sun.misc.Unsafe::objectFieldOffset has been called by org.openjdk.jmh.util.Utils (file:/home/nikita.lebedev/hiero-consensus-node/platform-sdk/swirlds-benchmarks/build/libs/swirlds-benchmarks-0.79.0-SNAPSHOT-jmh.jar)
WARNING: Please consider reporting this to the maintainers of class org.openjdk.jmh.util.Utils
WARNING: sun.misc.Unsafe::objectFieldOffset will be removed in a future release
# Warmup Iteration   1: 2026-08-28 11:50:51.342 Benchmark configuration: BenchmarkConfig[benchmarkData=data,saveDataDirectory=true,verifyResult=true,enableSnapshots=false,printHistogram=false,csvOutputFolder=data,csvMetricsFileName=BenchmarkMetrics.csv,csvMetricNamesFileName=BenchmarkMetricNames.csv,csvWriteFrequency=0,csvAppend=true,deviceName=sda]
2026-08-28 11:50:51.344 Build: 3.15.0 (0a5e91a)
2026-08-28 11:50:51.344 Benchmark data directory: /home/nikita.lebedev/hiero-consensus-node/platform-sdk/swirlds-benchmarks/build/tmp/merkledb-snapshot-campaign/run.ydyLKD/data/MerkleDbSnapshotBenchmark
2026-08-28 11:50:53.456 Loaded 262144 hash chunks into the snapshot source cache
2026-08-28 11:50:58.596 Forced snapshot files after return in 3083 ms
2055.834 ms/op
Iteration   1: 2026-08-28 11:51:03.007 Forced snapshot files after return in 2821 ms
1407.328 ms/op
Iteration   2: 2026-08-28 11:51:07.406 Forced snapshot files after return in 2830 ms
1391.478 ms/op
Iteration   3: 2026-08-28 11:51:11.792 Forced snapshot files after return in 2816 ms
1392.906 ms/op


Result "com.swirlds.benchmark.MerkleDbSnapshotBenchmark.snapshot":
  N = 3
  mean =   1397.237 ±(99.9%) 159.955 ms/op

  Histogram, ms/op:
    [1390.000, 1391.250) = 0 
    [1391.250, 1392.500) = 1 
    [1392.500, 1393.750) = 1 
    [1393.750, 1395.000) = 0 
    [1395.000, 1396.250) = 0 
    [1396.250, 1397.500) = 0 
    [1397.500, 1398.750) = 0 
    [1398.750, 1400.000) = 0 
    [1400.000, 1401.250) = 0 
    [1401.250, 1402.500) = 0 
    [1402.500, 1403.750) = 0 
    [1403.750, 1405.000) = 0 
    [1405.000, 1406.250) = 0 
    [1406.250, 1407.500) = 1 
    [1407.500, 1408.750) = 0 

  Percentiles, ms/op:
      p(0.0000) =   1391.478 ms/op
     p(50.0000) =   1392.906 ms/op
     p(90.0000) =   1407.328 ms/op
     p(95.0000) =   1407.328 ms/op
     p(99.0000) =   1407.328 ms/op
     p(99.9000) =   1407.328 ms/op
     p(99.9900) =   1407.328 ms/op
     p(99.9990) =   1407.328 ms/op
     p(99.9999) =   1407.328 ms/op
    p(100.0000) =   1407.328 ms/op


# JMH version: 1.37
# VM version: JDK 25.0.2, OpenJDK 64-Bit Server VM, 25.0.2+10-LTS
# VM invoker: /home/nikita.lebedev/.local/jdks/jdk-25.0.2+10/bin/java
# VM options: -Xms4g -Xmx32g -XX:MaxDirectMemorySize=16g
# Blackhole mode: compiler (auto-detected, use -Djmh.blackhole.autoDetect=false to disable)
# Warmup: 1 iterations, single-shot each
# Measurement: 3 iterations, single-shot each
# Timeout: 60 min per iteration
# Threads: 1 thread
# Benchmark mode: Single shot invocation time
# Benchmark: com.swirlds.benchmark.MerkleDbSnapshotBenchmark.snapshot
# Parameters: (keySize = 32, maxKey = 100000000, numFiles = 1000, numRecords = 100000, numThreads = 32, recordSize = 128, snapshotMode = UNFORCED_OVERLAP, threadsPerLongList = 2, useDiskIndices = false)

# Run progress: 20.83% complete, ETA 00:06:51
# Fork: 1 of 1
WARNING: A terminally deprecated method in sun.misc.Unsafe has been called
WARNING: sun.misc.Unsafe::objectFieldOffset has been called by org.openjdk.jmh.util.Utils (file:/home/nikita.lebedev/hiero-consensus-node/platform-sdk/swirlds-benchmarks/build/libs/swirlds-benchmarks-0.79.0-SNAPSHOT-jmh.jar)
WARNING: Please consider reporting this to the maintainers of class org.openjdk.jmh.util.Utils
WARNING: sun.misc.Unsafe::objectFieldOffset will be removed in a future release
# Warmup Iteration   1: 2026-08-28 11:51:13.794 Benchmark configuration: BenchmarkConfig[benchmarkData=data,saveDataDirectory=true,verifyResult=true,enableSnapshots=false,printHistogram=false,csvOutputFolder=data,csvMetricsFileName=BenchmarkMetrics.csv,csvMetricNamesFileName=BenchmarkMetricNames.csv,csvWriteFrequency=0,csvAppend=true,deviceName=sda]
2026-08-28 11:51:13.796 Build: 3.15.0 (0a5e91a)
2026-08-28 11:51:13.796 Benchmark data directory: /home/nikita.lebedev/hiero-consensus-node/platform-sdk/swirlds-benchmarks/build/tmp/merkledb-snapshot-campaign/run.ydyLKD/data/MerkleDbSnapshotBenchmark
2026-08-28 11:51:15.301 Loaded 262144 hash chunks into the snapshot source cache
2026-08-28 11:51:19.268 Forced snapshot files after return in 2842 ms
1124.414 ms/op
Iteration   1: 2026-08-28 11:51:23.400 Forced snapshot files after return in 2899 ms
1048.105 ms/op
Iteration   2: 2026-08-28 11:51:27.692 Forced snapshot files after return in 3077 ms
1033.291 ms/op
Iteration   3: 2026-08-28 11:51:32.264 Forced snapshot files after return in 3370 ms
1026.429 ms/op


Result "com.swirlds.benchmark.MerkleDbSnapshotBenchmark.snapshot":
  N = 3
  mean =   1035.942 ±(99.9%) 202.117 ms/op

  Histogram, ms/op:
    [1020.000, 1022.500) = 0 
    [1022.500, 1025.000) = 0 
    [1025.000, 1027.500) = 1 
    [1027.500, 1030.000) = 0 
    [1030.000, 1032.500) = 0 
    [1032.500, 1035.000) = 1 
    [1035.000, 1037.500) = 0 
    [1037.500, 1040.000) = 0 
    [1040.000, 1042.500) = 0 
    [1042.500, 1045.000) = 0 
    [1045.000, 1047.500) = 0 

  Percentiles, ms/op:
      p(0.0000) =   1026.429 ms/op
     p(50.0000) =   1033.291 ms/op
     p(90.0000) =   1048.105 ms/op
     p(95.0000) =   1048.105 ms/op
     p(99.0000) =   1048.105 ms/op
     p(99.9000) =   1048.105 ms/op
     p(99.9900) =   1048.105 ms/op
     p(99.9990) =   1048.105 ms/op
     p(99.9999) =   1048.105 ms/op
    p(100.0000) =   1048.105 ms/op


# JMH version: 1.37
# VM version: JDK 25.0.2, OpenJDK 64-Bit Server VM, 25.0.2+10-LTS
# VM invoker: /home/nikita.lebedev/.local/jdks/jdk-25.0.2+10/bin/java
# VM options: -Xms4g -Xmx32g -XX:MaxDirectMemorySize=16g
# Blackhole mode: compiler (auto-detected, use -Djmh.blackhole.autoDetect=false to disable)
# Warmup: 1 iterations, single-shot each
# Measurement: 3 iterations, single-shot each
# Timeout: 60 min per iteration
# Threads: 1 thread
# Benchmark mode: Single shot invocation time
# Benchmark: com.swirlds.benchmark.MerkleDbSnapshotBenchmark.snapshot
# Parameters: (keySize = 32, maxKey = 100000000, numFiles = 1000, numRecords = 100000, numThreads = 32, recordSize = 128, snapshotMode = FORCED_OVERLAP, threadsPerLongList = 8, useDiskIndices = true)

# Run progress: 25.00% complete, ETA 00:06:25
# Fork: 1 of 1
WARNING: A terminally deprecated method in sun.misc.Unsafe has been called
WARNING: sun.misc.Unsafe::objectFieldOffset has been called by org.openjdk.jmh.util.Utils (file:/home/nikita.lebedev/hiero-consensus-node/platform-sdk/swirlds-benchmarks/build/libs/swirlds-benchmarks-0.79.0-SNAPSHOT-jmh.jar)
WARNING: Please consider reporting this to the maintainers of class org.openjdk.jmh.util.Utils
WARNING: sun.misc.Unsafe::objectFieldOffset will be removed in a future release
# Warmup Iteration   1: 2026-08-28 11:51:33.767 Benchmark configuration: BenchmarkConfig[benchmarkData=data,saveDataDirectory=true,verifyResult=true,enableSnapshots=false,printHistogram=false,csvOutputFolder=data,csvMetricsFileName=BenchmarkMetrics.csv,csvMetricNamesFileName=BenchmarkMetricNames.csv,csvWriteFrequency=0,csvAppend=true,deviceName=sda]
2026-08-28 11:51:33.769 Build: 3.15.0 (0a5e91a)
2026-08-28 11:51:33.770 Benchmark data directory: /home/nikita.lebedev/hiero-consensus-node/platform-sdk/swirlds-benchmarks/build/tmp/merkledb-snapshot-campaign/run.ydyLKD/data/MerkleDbSnapshotBenchmark
2026-08-28 11:51:35.896 Loaded 262144 hash chunks into the snapshot source cache
2026-08-28 11:51:39.016 Forced snapshot files after return in 1135 ms
1983.656 ms/op
Iteration   1: 2026-08-28 11:51:42.440 Forced snapshot files after return in 1271 ms
1948.428 ms/op
Iteration   2: 2026-08-28 11:51:45.987 Forced snapshot files after return in 1129 ms
2240.329 ms/op
Iteration   3: 2026-08-28 11:51:49.353 Forced snapshot files after return in 1137 ms
2053.979 ms/op


Result "com.swirlds.benchmark.MerkleDbSnapshotBenchmark.snapshot":
  N = 3
  mean =   2080.912 ±(99.9%) 2696.465 ms/op

  Histogram, ms/op:
    [1900.000, 1925.000) = 0 
    [1925.000, 1950.000) = 1 
    [1950.000, 1975.000) = 0 
    [1975.000, 2000.000) = 0 
    [2000.000, 2025.000) = 0 
    [2025.000, 2050.000) = 0 
    [2050.000, 2075.000) = 1 
    [2075.000, 2100.000) = 0 
    [2100.000, 2125.000) = 0 
    [2125.000, 2150.000) = 0 
    [2150.000, 2175.000) = 0 
    [2175.000, 2200.000) = 0 
    [2200.000, 2225.000) = 0 
    [2225.000, 2250.000) = 1 
    [2250.000, 2275.000) = 0 

  Percentiles, ms/op:
      p(0.0000) =   1948.428 ms/op
     p(50.0000) =   2053.979 ms/op
     p(90.0000) =   2240.329 ms/op
     p(95.0000) =   2240.329 ms/op
     p(99.0000) =   2240.329 ms/op
     p(99.9000) =   2240.329 ms/op
     p(99.9900) =   2240.329 ms/op
     p(99.9990) =   2240.329 ms/op
     p(99.9999) =   2240.329 ms/op
    p(100.0000) =   2240.329 ms/op


# JMH version: 1.37
# VM version: JDK 25.0.2, OpenJDK 64-Bit Server VM, 25.0.2+10-LTS
# VM invoker: /home/nikita.lebedev/.local/jdks/jdk-25.0.2+10/bin/java
# VM options: -Xms4g -Xmx32g -XX:MaxDirectMemorySize=16g
# Blackhole mode: compiler (auto-detected, use -Djmh.blackhole.autoDetect=false to disable)
# Warmup: 1 iterations, single-shot each
# Measurement: 3 iterations, single-shot each
# Timeout: 60 min per iteration
# Threads: 1 thread
# Benchmark mode: Single shot invocation time
# Benchmark: com.swirlds.benchmark.MerkleDbSnapshotBenchmark.snapshot
# Parameters: (keySize = 32, maxKey = 100000000, numFiles = 1000, numRecords = 100000, numThreads = 32, recordSize = 128, snapshotMode = FORCED_OVERLAP, threadsPerLongList = 8, useDiskIndices = false)

# Run progress: 29.17% complete, ETA 00:05:58
# Fork: 1 of 1
WARNING: A terminally deprecated method in sun.misc.Unsafe has been called
WARNING: sun.misc.Unsafe::objectFieldOffset has been called by org.openjdk.jmh.util.Utils (file:/home/nikita.lebedev/hiero-consensus-node/platform-sdk/swirlds-benchmarks/build/libs/swirlds-benchmarks-0.79.0-SNAPSHOT-jmh.jar)
WARNING: Please consider reporting this to the maintainers of class org.openjdk.jmh.util.Utils
WARNING: sun.misc.Unsafe::objectFieldOffset will be removed in a future release
# Warmup Iteration   1: 2026-08-28 11:51:53.038 Benchmark configuration: BenchmarkConfig[benchmarkData=data,saveDataDirectory=true,verifyResult=true,enableSnapshots=false,printHistogram=false,csvOutputFolder=data,csvMetricsFileName=BenchmarkMetrics.csv,csvMetricNamesFileName=BenchmarkMetricNames.csv,csvWriteFrequency=0,csvAppend=true,deviceName=sda]
2026-08-28 11:51:53.040 Build: 3.15.0 (0a5e91a)
2026-08-28 11:51:53.040 Benchmark data directory: /home/nikita.lebedev/hiero-consensus-node/platform-sdk/swirlds-benchmarks/build/tmp/merkledb-snapshot-campaign/run.ydyLKD/data/MerkleDbSnapshotBenchmark
2026-08-28 11:51:54.531 Loaded 262144 hash chunks into the snapshot source cache
2026-08-28 11:51:57.575 Forced snapshot files after return in 1122 ms
1921.523 ms/op
Iteration   1: 2026-08-28 11:52:00.823 Forced snapshot files after return in 1146 ms
1915.974 ms/op
Iteration   2: 2026-08-28 11:52:04.021 Forced snapshot files after return in 1138 ms
1879.274 ms/op
Iteration   3: 2026-08-28 11:52:07.221 Forced snapshot files after return in 1130 ms
1893.657 ms/op


Result "com.swirlds.benchmark.MerkleDbSnapshotBenchmark.snapshot":
  N = 3
  mean =   1896.302 ±(99.9%) 337.369 ms/op

  Histogram, ms/op:
    [1870.000, 1875.000) = 0 
    [1875.000, 1880.000) = 1 
    [1880.000, 1885.000) = 0 
    [1885.000, 1890.000) = 0 
    [1890.000, 1895.000) = 1 
    [1895.000, 1900.000) = 0 
    [1900.000, 1905.000) = 0 
    [1905.000, 1910.000) = 0 
    [1910.000, 1915.000) = 0 

  Percentiles, ms/op:
      p(0.0000) =   1879.274 ms/op
     p(50.0000) =   1893.657 ms/op
     p(90.0000) =   1915.974 ms/op
     p(95.0000) =   1915.974 ms/op
     p(99.0000) =   1915.974 ms/op
     p(99.9000) =   1915.974 ms/op
     p(99.9900) =   1915.974 ms/op
     p(99.9990) =   1915.974 ms/op
     p(99.9999) =   1915.974 ms/op
    p(100.0000) =   1915.974 ms/op


# JMH version: 1.37
# VM version: JDK 25.0.2, OpenJDK 64-Bit Server VM, 25.0.2+10-LTS
# VM invoker: /home/nikita.lebedev/.local/jdks/jdk-25.0.2+10/bin/java
# VM options: -Xms4g -Xmx32g -XX:MaxDirectMemorySize=16g
# Blackhole mode: compiler (auto-detected, use -Djmh.blackhole.autoDetect=false to disable)
# Warmup: 1 iterations, single-shot each
# Measurement: 3 iterations, single-shot each
# Timeout: 60 min per iteration
# Threads: 1 thread
# Benchmark mode: Single shot invocation time
# Benchmark: com.swirlds.benchmark.MerkleDbSnapshotBenchmark.snapshot
# Parameters: (keySize = 32, maxKey = 100000000, numFiles = 1000, numRecords = 100000, numThreads = 32, recordSize = 128, snapshotMode = FORCED_OVERLAP, threadsPerLongList = 1, useDiskIndices = true)

# Run progress: 33.33% complete, ETA 00:05:26
# Fork: 1 of 1
WARNING: A terminally deprecated method in sun.misc.Unsafe has been called
WARNING: sun.misc.Unsafe::objectFieldOffset has been called by org.openjdk.jmh.util.Utils (file:/home/nikita.lebedev/hiero-consensus-node/platform-sdk/swirlds-benchmarks/build/libs/swirlds-benchmarks-0.79.0-SNAPSHOT-jmh.jar)
WARNING: Please consider reporting this to the maintainers of class org.openjdk.jmh.util.Utils
WARNING: sun.misc.Unsafe::objectFieldOffset will be removed in a future release
# Warmup Iteration   1: 2026-08-28 11:52:08.755 Benchmark configuration: BenchmarkConfig[benchmarkData=data,saveDataDirectory=true,verifyResult=true,enableSnapshots=false,printHistogram=false,csvOutputFolder=data,csvMetricsFileName=BenchmarkMetrics.csv,csvMetricNamesFileName=BenchmarkMetricNames.csv,csvWriteFrequency=0,csvAppend=true,deviceName=sda]
2026-08-28 11:52:08.757 Build: 3.15.0 (0a5e91a)
2026-08-28 11:52:08.757 Benchmark data directory: /home/nikita.lebedev/hiero-consensus-node/platform-sdk/swirlds-benchmarks/build/tmp/merkledb-snapshot-campaign/run.ydyLKD/data/MerkleDbSnapshotBenchmark
2026-08-28 11:52:10.897 Loaded 262144 hash chunks into the snapshot source cache
2026-08-28 11:52:14.267 Forced snapshot files after return in 1167 ms
2202.115 ms/op
Iteration   1: 2026-08-28 11:52:18.436 Forced snapshot files after return in 1131 ms
2854.675 ms/op
Iteration   2: 2026-08-28 11:52:22.872 Forced snapshot files after return in 1809 ms
2447.498 ms/op
Iteration   3: 2026-08-28 11:52:26.475 Forced snapshot files after return in 1169 ms
2224.087 ms/op


Result "com.swirlds.benchmark.MerkleDbSnapshotBenchmark.snapshot":
  N = 3
  mean =   2508.753 ±(99.9%) 5832.989 ms/op

  Histogram, ms/op:
    [2200.000, 2250.000) = 1 
    [2250.000, 2300.000) = 0 
    [2300.000, 2350.000) = 0 
    [2350.000, 2400.000) = 0 
    [2400.000, 2450.000) = 1 
    [2450.000, 2500.000) = 0 
    [2500.000, 2550.000) = 0 
    [2550.000, 2600.000) = 0 
    [2600.000, 2650.000) = 0 
    [2650.000, 2700.000) = 0 
    [2700.000, 2750.000) = 0 
    [2750.000, 2800.000) = 0 
    [2800.000, 2850.000) = 0 

  Percentiles, ms/op:
      p(0.0000) =   2224.087 ms/op
     p(50.0000) =   2447.498 ms/op
     p(90.0000) =   2854.675 ms/op
     p(95.0000) =   2854.675 ms/op
     p(99.0000) =   2854.675 ms/op
     p(99.9000) =   2854.675 ms/op
     p(99.9900) =   2854.675 ms/op
     p(99.9990) =   2854.675 ms/op
     p(99.9999) =   2854.675 ms/op
    p(100.0000) =   2854.675 ms/op


# JMH version: 1.37
# VM version: JDK 25.0.2, OpenJDK 64-Bit Server VM, 25.0.2+10-LTS
# VM invoker: /home/nikita.lebedev/.local/jdks/jdk-25.0.2+10/bin/java
# VM options: -Xms4g -Xmx32g -XX:MaxDirectMemorySize=16g
# Blackhole mode: compiler (auto-detected, use -Djmh.blackhole.autoDetect=false to disable)
# Warmup: 1 iterations, single-shot each
# Measurement: 3 iterations, single-shot each
# Timeout: 60 min per iteration
# Threads: 1 thread
# Benchmark mode: Single shot invocation time
# Benchmark: com.swirlds.benchmark.MerkleDbSnapshotBenchmark.snapshot
# Parameters: (keySize = 32, maxKey = 100000000, numFiles = 1000, numRecords = 100000, numThreads = 32, recordSize = 128, snapshotMode = FORCED_OVERLAP, threadsPerLongList = 1, useDiskIndices = false)

# Run progress: 37.50% complete, ETA 00:05:05
# Fork: 1 of 1
WARNING: A terminally deprecated method in sun.misc.Unsafe has been called
WARNING: sun.misc.Unsafe::objectFieldOffset has been called by org.openjdk.jmh.util.Utils (file:/home/nikita.lebedev/hiero-consensus-node/platform-sdk/swirlds-benchmarks/build/libs/swirlds-benchmarks-0.79.0-SNAPSHOT-jmh.jar)
WARNING: Please consider reporting this to the maintainers of class org.openjdk.jmh.util.Utils
WARNING: sun.misc.Unsafe::objectFieldOffset will be removed in a future release
# Warmup Iteration   1: 2026-08-28 11:52:28.417 Benchmark configuration: BenchmarkConfig[benchmarkData=data,saveDataDirectory=true,verifyResult=true,enableSnapshots=false,printHistogram=false,csvOutputFolder=data,csvMetricsFileName=BenchmarkMetrics.csv,csvMetricNamesFileName=BenchmarkMetricNames.csv,csvWriteFrequency=0,csvAppend=true,deviceName=sda]
2026-08-28 11:52:28.419 Build: 3.15.0 (0a5e91a)
2026-08-28 11:52:28.419 Benchmark data directory: /home/nikita.lebedev/hiero-consensus-node/platform-sdk/swirlds-benchmarks/build/tmp/merkledb-snapshot-campaign/run.ydyLKD/data/MerkleDbSnapshotBenchmark
2026-08-28 11:52:29.901 Loaded 262144 hash chunks into the snapshot source cache
2026-08-28 11:52:33.028 Forced snapshot files after return in 1130 ms
1994.882 ms/op
Iteration   1: 2026-08-28 11:52:36.368 Forced snapshot files after return in 1121 ms
2035.836 ms/op
Iteration   2: 2026-08-28 11:52:39.705 Forced snapshot files after return in 1118 ms
2040.889 ms/op
Iteration   3: 2026-08-28 11:52:43.023 Forced snapshot files after return in 1124 ms
2015.944 ms/op


Result "com.swirlds.benchmark.MerkleDbSnapshotBenchmark.snapshot":
  N = 3
  mean =   2030.890 ±(99.9%) 240.588 ms/op

  Histogram, ms/op:
    [2010.000, 2012.500) = 0 
    [2012.500, 2015.000) = 0 
    [2015.000, 2017.500) = 1 
    [2017.500, 2020.000) = 0 
    [2020.000, 2022.500) = 0 
    [2022.500, 2025.000) = 0 
    [2025.000, 2027.500) = 0 
    [2027.500, 2030.000) = 0 
    [2030.000, 2032.500) = 0 
    [2032.500, 2035.000) = 0 
    [2035.000, 2037.500) = 1 
    [2037.500, 2040.000) = 0 
    [2040.000, 2042.500) = 1 
    [2042.500, 2045.000) = 0 
    [2045.000, 2047.500) = 0 

  Percentiles, ms/op:
      p(0.0000) =   2015.944 ms/op
     p(50.0000) =   2035.836 ms/op
     p(90.0000) =   2040.889 ms/op
     p(95.0000) =   2040.889 ms/op
     p(99.0000) =   2040.889 ms/op
     p(99.9000) =   2040.889 ms/op
     p(99.9900) =   2040.889 ms/op
     p(99.9990) =   2040.889 ms/op
     p(99.9999) =   2040.889 ms/op
    p(100.0000) =   2040.889 ms/op


# JMH version: 1.37
# VM version: JDK 25.0.2, OpenJDK 64-Bit Server VM, 25.0.2+10-LTS
# VM invoker: /home/nikita.lebedev/.local/jdks/jdk-25.0.2+10/bin/java
# VM options: -Xms4g -Xmx32g -XX:MaxDirectMemorySize=16g
# Blackhole mode: compiler (auto-detected, use -Djmh.blackhole.autoDetect=false to disable)
# Warmup: 1 iterations, single-shot each
# Measurement: 3 iterations, single-shot each
# Timeout: 60 min per iteration
# Threads: 1 thread
# Benchmark mode: Single shot invocation time
# Benchmark: com.swirlds.benchmark.MerkleDbSnapshotBenchmark.snapshot
# Parameters: (keySize = 32, maxKey = 100000000, numFiles = 1000, numRecords = 100000, numThreads = 32, recordSize = 128, snapshotMode = FORCED_OVERLAP, threadsPerLongList = 2, useDiskIndices = true)

# Run progress: 41.67% complete, ETA 00:04:38
# Fork: 1 of 1
WARNING: A terminally deprecated method in sun.misc.Unsafe has been called
WARNING: sun.misc.Unsafe::objectFieldOffset has been called by org.openjdk.jmh.util.Utils (file:/home/nikita.lebedev/hiero-consensus-node/platform-sdk/swirlds-benchmarks/build/libs/swirlds-benchmarks-0.79.0-SNAPSHOT-jmh.jar)
WARNING: Please consider reporting this to the maintainers of class org.openjdk.jmh.util.Utils
WARNING: sun.misc.Unsafe::objectFieldOffset will be removed in a future release
# Warmup Iteration   1: 2026-08-28 11:52:44.487 Benchmark configuration: BenchmarkConfig[benchmarkData=data,saveDataDirectory=true,verifyResult=true,enableSnapshots=false,printHistogram=false,csvOutputFolder=data,csvMetricsFileName=BenchmarkMetrics.csv,csvMetricNamesFileName=BenchmarkMetricNames.csv,csvWriteFrequency=0,csvAppend=true,deviceName=sda]
2026-08-28 11:52:44.489 Build: 3.15.0 (0a5e91a)
2026-08-28 11:52:44.490 Benchmark data directory: /home/nikita.lebedev/hiero-consensus-node/platform-sdk/swirlds-benchmarks/build/tmp/merkledb-snapshot-campaign/run.ydyLKD/data/MerkleDbSnapshotBenchmark
2026-08-28 11:52:46.676 Loaded 262144 hash chunks into the snapshot source cache
2026-08-28 11:52:49.735 Forced snapshot files after return in 1126 ms
1932.093 ms/op
Iteration   1: 2026-08-28 11:52:53.072 Forced snapshot files after return in 1159 ms
1995.403 ms/op
Iteration   2: 2026-08-28 11:52:56.332 Forced snapshot files after return in 1129 ms
1953.532 ms/op
Iteration   3: 2026-08-28 11:52:59.578 Forced snapshot files after return in 1134 ms
1936.352 ms/op


Result "com.swirlds.benchmark.MerkleDbSnapshotBenchmark.snapshot":
  N = 3
  mean =   1961.762 ±(99.9%) 554.126 ms/op

  Histogram, ms/op:
    [1930.000, 1935.000) = 0 
    [1935.000, 1940.000) = 1 
    [1940.000, 1945.000) = 0 
    [1945.000, 1950.000) = 0 
    [1950.000, 1955.000) = 1 
    [1955.000, 1960.000) = 0 
    [1960.000, 1965.000) = 0 
    [1965.000, 1970.000) = 0 
    [1970.000, 1975.000) = 0 
    [1975.000, 1980.000) = 0 
    [1980.000, 1985.000) = 0 
    [1985.000, 1990.000) = 0 
    [1990.000, 1995.000) = 0 

  Percentiles, ms/op:
      p(0.0000) =   1936.352 ms/op
     p(50.0000) =   1953.532 ms/op
     p(90.0000) =   1995.403 ms/op
     p(95.0000) =   1995.403 ms/op
     p(99.0000) =   1995.403 ms/op
     p(99.9000) =   1995.403 ms/op
     p(99.9900) =   1995.403 ms/op
     p(99.9990) =   1995.403 ms/op
     p(99.9999) =   1995.403 ms/op
    p(100.0000) =   1995.403 ms/op


# JMH version: 1.37
# VM version: JDK 25.0.2, OpenJDK 64-Bit Server VM, 25.0.2+10-LTS
# VM invoker: /home/nikita.lebedev/.local/jdks/jdk-25.0.2+10/bin/java
# VM options: -Xms4g -Xmx32g -XX:MaxDirectMemorySize=16g
# Blackhole mode: compiler (auto-detected, use -Djmh.blackhole.autoDetect=false to disable)
# Warmup: 1 iterations, single-shot each
# Measurement: 3 iterations, single-shot each
# Timeout: 60 min per iteration
# Threads: 1 thread
# Benchmark mode: Single shot invocation time
# Benchmark: com.swirlds.benchmark.MerkleDbSnapshotBenchmark.snapshot
# Parameters: (keySize = 32, maxKey = 100000000, numFiles = 1000, numRecords = 100000, numThreads = 32, recordSize = 128, snapshotMode = FORCED_OVERLAP, threadsPerLongList = 2, useDiskIndices = false)

# Run progress: 45.83% complete, ETA 00:04:17
# Fork: 1 of 1
WARNING: A terminally deprecated method in sun.misc.Unsafe has been called
WARNING: sun.misc.Unsafe::objectFieldOffset has been called by org.openjdk.jmh.util.Utils (file:/home/nikita.lebedev/hiero-consensus-node/platform-sdk/swirlds-benchmarks/build/libs/swirlds-benchmarks-0.79.0-SNAPSHOT-jmh.jar)
WARNING: Please consider reporting this to the maintainers of class org.openjdk.jmh.util.Utils
WARNING: sun.misc.Unsafe::objectFieldOffset will be removed in a future release
# Warmup Iteration   1: 2026-08-28 11:53:03.245 Benchmark configuration: BenchmarkConfig[benchmarkData=data,saveDataDirectory=true,verifyResult=true,enableSnapshots=false,printHistogram=false,csvOutputFolder=data,csvMetricsFileName=BenchmarkMetrics.csv,csvMetricNamesFileName=BenchmarkMetricNames.csv,csvWriteFrequency=0,csvAppend=true,deviceName=sda]
2026-08-28 11:53:03.248 Build: 3.15.0 (0a5e91a)
2026-08-28 11:53:03.248 Benchmark data directory: /home/nikita.lebedev/hiero-consensus-node/platform-sdk/swirlds-benchmarks/build/tmp/merkledb-snapshot-campaign/run.ydyLKD/data/MerkleDbSnapshotBenchmark
2026-08-28 11:53:04.728 Loaded 262144 hash chunks into the snapshot source cache
2026-08-28 11:53:07.788 Forced snapshot files after return in 1132 ms
1927.339 ms/op
Iteration   1: 2026-08-28 11:53:11.038 Forced snapshot files after return in 1140 ms
1925.282 ms/op
Iteration   2: 2026-08-28 11:53:14.278 Forced snapshot files after return in 1131 ms
1930.433 ms/op
Iteration   3: 2026-08-28 11:53:17.556 Forced snapshot files after return in 1146 ms
1956.096 ms/op


Result "com.swirlds.benchmark.MerkleDbSnapshotBenchmark.snapshot":
  N = 3
  mean =   1937.270 ±(99.9%) 301.131 ms/op

  Histogram, ms/op:
    [1920.000, 1922.500) = 0 
    [1922.500, 1925.000) = 0 
    [1925.000, 1927.500) = 1 
    [1927.500, 1930.000) = 0 
    [1930.000, 1932.500) = 1 
    [1932.500, 1935.000) = 0 
    [1935.000, 1937.500) = 0 
    [1937.500, 1940.000) = 0 
    [1940.000, 1942.500) = 0 
    [1942.500, 1945.000) = 0 
    [1945.000, 1947.500) = 0 
    [1947.500, 1950.000) = 0 
    [1950.000, 1952.500) = 0 
    [1952.500, 1955.000) = 0 
    [1955.000, 1957.500) = 1 

  Percentiles, ms/op:
      p(0.0000) =   1925.282 ms/op
     p(50.0000) =   1930.433 ms/op
     p(90.0000) =   1956.096 ms/op
     p(95.0000) =   1956.096 ms/op
     p(99.0000) =   1956.096 ms/op
     p(99.9000) =   1956.096 ms/op
     p(99.9900) =   1956.096 ms/op
     p(99.9990) =   1956.096 ms/op
     p(99.9999) =   1956.096 ms/op
    p(100.0000) =   1956.096 ms/op


# JMH version: 1.37
# VM version: JDK 25.0.2, OpenJDK 64-Bit Server VM, 25.0.2+10-LTS
# VM invoker: /home/nikita.lebedev/.local/jdks/jdk-25.0.2+10/bin/java
# VM options: -Xms4g -Xmx32g -XX:MaxDirectMemorySize=16g
# Blackhole mode: compiler (auto-detected, use -Djmh.blackhole.autoDetect=false to disable)
# Warmup: 1 iterations, single-shot each
# Measurement: 3 iterations, single-shot each
# Timeout: 60 min per iteration
# Threads: 1 thread
# Benchmark mode: Single shot invocation time
# Benchmark: com.swirlds.benchmark.MerkleDbSnapshotBenchmark.snapshot
# Parameters: (keySize = 32, maxKey = 100000000, numFiles = 1000, numRecords = 100000, numThreads = 32, recordSize = 128, snapshotMode = UNFORCED, threadsPerLongList = 8, useDiskIndices = true)

# Run progress: 50.00% complete, ETA 00:03:53
# Fork: 1 of 1
WARNING: A terminally deprecated method in sun.misc.Unsafe has been called
WARNING: sun.misc.Unsafe::objectFieldOffset has been called by org.openjdk.jmh.util.Utils (file:/home/nikita.lebedev/hiero-consensus-node/platform-sdk/swirlds-benchmarks/build/libs/swirlds-benchmarks-0.79.0-SNAPSHOT-jmh.jar)
WARNING: Please consider reporting this to the maintainers of class org.openjdk.jmh.util.Utils
WARNING: sun.misc.Unsafe::objectFieldOffset will be removed in a future release
# Warmup Iteration   1: 2026-08-28 11:53:19.070 Benchmark configuration: BenchmarkConfig[benchmarkData=data,saveDataDirectory=true,verifyResult=true,enableSnapshots=false,printHistogram=false,csvOutputFolder=data,csvMetricsFileName=BenchmarkMetrics.csv,csvMetricNamesFileName=BenchmarkMetricNames.csv,csvWriteFrequency=0,csvAppend=true,deviceName=sda]
2026-08-28 11:53:19.072 Build: 3.15.0 (0a5e91a)
2026-08-28 11:53:19.072 Benchmark data directory: /home/nikita.lebedev/hiero-consensus-node/platform-sdk/swirlds-benchmarks/build/tmp/merkledb-snapshot-campaign/run.ydyLKD/data/MerkleDbSnapshotBenchmark
2026-08-28 11:53:21.205 Loaded 262144 hash chunks into the snapshot source cache
2026-08-28 11:53:26.901 Forced snapshot files after return in 3740 ms
1955.186 ms/op
Iteration   1: 2026-08-28 11:53:32.769 Forced snapshot files after return in 3774 ms
1909.544 ms/op
Iteration   2: 2026-08-28 11:53:37.534 Forced snapshot files after return in 2813 ms
1777.377 ms/op
Iteration   3: 2026-08-28 11:53:42.320 Forced snapshot files after return in 2809 ms
1803.865 ms/op


Result "com.swirlds.benchmark.MerkleDbSnapshotBenchmark.snapshot":
  N = 3
  mean =   1830.262 ±(99.9%) 1275.704 ms/op

  Histogram, ms/op:
    [1700.000, 1725.000) = 0 
    [1725.000, 1750.000) = 0 
    [1750.000, 1775.000) = 0 
    [1775.000, 1800.000) = 1 
    [1800.000, 1825.000) = 1 
    [1825.000, 1850.000) = 0 
    [1850.000, 1875.000) = 0 
    [1875.000, 1900.000) = 0 
    [1900.000, 1925.000) = 1 
    [1925.000, 1950.000) = 0 
    [1950.000, 1975.000) = 0 

  Percentiles, ms/op:
      p(0.0000) =   1777.377 ms/op
     p(50.0000) =   1803.865 ms/op
     p(90.0000) =   1909.544 ms/op
     p(95.0000) =   1909.544 ms/op
     p(99.0000) =   1909.544 ms/op
     p(99.9000) =   1909.544 ms/op
     p(99.9900) =   1909.544 ms/op
     p(99.9990) =   1909.544 ms/op
     p(99.9999) =   1909.544 ms/op
    p(100.0000) =   1909.544 ms/op


# JMH version: 1.37
# VM version: JDK 25.0.2, OpenJDK 64-Bit Server VM, 25.0.2+10-LTS
# VM invoker: /home/nikita.lebedev/.local/jdks/jdk-25.0.2+10/bin/java
# VM options: -Xms4g -Xmx32g -XX:MaxDirectMemorySize=16g
# Blackhole mode: compiler (auto-detected, use -Djmh.blackhole.autoDetect=false to disable)
# Warmup: 1 iterations, single-shot each
# Measurement: 3 iterations, single-shot each
# Timeout: 60 min per iteration
# Threads: 1 thread
# Benchmark mode: Single shot invocation time
# Benchmark: com.swirlds.benchmark.MerkleDbSnapshotBenchmark.snapshot
# Parameters: (keySize = 32, maxKey = 100000000, numFiles = 1000, numRecords = 100000, numThreads = 32, recordSize = 128, snapshotMode = UNFORCED, threadsPerLongList = 8, useDiskIndices = false)

# Run progress: 54.17% complete, ETA 00:03:39
# Fork: 1 of 1
WARNING: A terminally deprecated method in sun.misc.Unsafe has been called
WARNING: sun.misc.Unsafe::objectFieldOffset has been called by org.openjdk.jmh.util.Utils (file:/home/nikita.lebedev/hiero-consensus-node/platform-sdk/swirlds-benchmarks/build/libs/swirlds-benchmarks-0.79.0-SNAPSHOT-jmh.jar)
WARNING: Please consider reporting this to the maintainers of class org.openjdk.jmh.util.Utils
WARNING: sun.misc.Unsafe::objectFieldOffset will be removed in a future release
# Warmup Iteration   1: 2026-08-28 11:53:44.396 Benchmark configuration: BenchmarkConfig[benchmarkData=data,saveDataDirectory=true,verifyResult=true,enableSnapshots=false,printHistogram=false,csvOutputFolder=data,csvMetricsFileName=BenchmarkMetrics.csv,csvMetricNamesFileName=BenchmarkMetricNames.csv,csvWriteFrequency=0,csvAppend=true,deviceName=sda]
2026-08-28 11:53:44.398 Build: 3.15.0 (0a5e91a)
2026-08-28 11:53:44.398 Benchmark data directory: /home/nikita.lebedev/hiero-consensus-node/platform-sdk/swirlds-benchmarks/build/tmp/merkledb-snapshot-campaign/run.ydyLKD/data/MerkleDbSnapshotBenchmark
2026-08-28 11:53:45.920 Loaded 262144 hash chunks into the snapshot source cache
2026-08-28 11:53:50.278 Forced snapshot files after return in 2825 ms
1532.315 ms/op
Iteration   1: 2026-08-28 11:53:54.740 Forced snapshot files after return in 2845 ms
1434.276 ms/op
Iteration   2: 2026-08-28 11:53:59.208 Forced snapshot files after return in 2820 ms
1471.511 ms/op
Iteration   3: 2026-08-28 11:54:03.633 Forced snapshot files after return in 2814 ms
1438.028 ms/op


Result "com.swirlds.benchmark.MerkleDbSnapshotBenchmark.snapshot":
  N = 3
  mean =   1447.938 ±(99.9%) 374.009 ms/op

  Histogram, ms/op:
    [1430.000, 1435.000) = 1 
    [1435.000, 1440.000) = 1 
    [1440.000, 1445.000) = 0 
    [1445.000, 1450.000) = 0 
    [1450.000, 1455.000) = 0 
    [1455.000, 1460.000) = 0 
    [1460.000, 1465.000) = 0 
    [1465.000, 1470.000) = 0 
    [1470.000, 1475.000) = 1 

  Percentiles, ms/op:
      p(0.0000) =   1434.276 ms/op
     p(50.0000) =   1438.028 ms/op
     p(90.0000) =   1471.511 ms/op
     p(95.0000) =   1471.511 ms/op
     p(99.0000) =   1471.511 ms/op
     p(99.9000) =   1471.511 ms/op
     p(99.9900) =   1471.511 ms/op
     p(99.9990) =   1471.511 ms/op
     p(99.9999) =   1471.511 ms/op
    p(100.0000) =   1471.511 ms/op


# JMH version: 1.37
# VM version: JDK 25.0.2, OpenJDK 64-Bit Server VM, 25.0.2+10-LTS
# VM invoker: /home/nikita.lebedev/.local/jdks/jdk-25.0.2+10/bin/java
# VM options: -Xms4g -Xmx32g -XX:MaxDirectMemorySize=16g
# Blackhole mode: compiler (auto-detected, use -Djmh.blackhole.autoDetect=false to disable)
# Warmup: 1 iterations, single-shot each
# Measurement: 3 iterations, single-shot each
# Timeout: 60 min per iteration
# Threads: 1 thread
# Benchmark mode: Single shot invocation time
# Benchmark: com.swirlds.benchmark.MerkleDbSnapshotBenchmark.snapshot
# Parameters: (keySize = 32, maxKey = 100000000, numFiles = 1000, numRecords = 100000, numThreads = 32, recordSize = 128, snapshotMode = UNFORCED, threadsPerLongList = 1, useDiskIndices = true)

# Run progress: 58.33% complete, ETA 00:03:19
# Fork: 1 of 1
WARNING: A terminally deprecated method in sun.misc.Unsafe has been called
WARNING: sun.misc.Unsafe::objectFieldOffset has been called by org.openjdk.jmh.util.Utils (file:/home/nikita.lebedev/hiero-consensus-node/platform-sdk/swirlds-benchmarks/build/libs/swirlds-benchmarks-0.79.0-SNAPSHOT-jmh.jar)
WARNING: Please consider reporting this to the maintainers of class org.openjdk.jmh.util.Utils
WARNING: sun.misc.Unsafe::objectFieldOffset will be removed in a future release
# Warmup Iteration   1: 2026-08-28 11:54:05.169 Benchmark configuration: BenchmarkConfig[benchmarkData=data,saveDataDirectory=true,verifyResult=true,enableSnapshots=false,printHistogram=false,csvOutputFolder=data,csvMetricsFileName=BenchmarkMetrics.csv,csvMetricNamesFileName=BenchmarkMetricNames.csv,csvWriteFrequency=0,csvAppend=true,deviceName=sda]
2026-08-28 11:54:05.171 Build: 3.15.0 (0a5e91a)
2026-08-28 11:54:05.172 Benchmark data directory: /home/nikita.lebedev/hiero-consensus-node/platform-sdk/swirlds-benchmarks/build/tmp/merkledb-snapshot-campaign/run.ydyLKD/data/MerkleDbSnapshotBenchmark
2026-08-28 11:54:07.321 Loaded 262144 hash chunks into the snapshot source cache
2026-08-28 11:54:12.644 Forced snapshot files after return in 3101 ms
2221.629 ms/op
Iteration   1: 2026-08-28 11:54:18.534 Forced snapshot files after return in 3543 ms
2164.548 ms/op
Iteration   2: 2026-08-28 11:54:23.628 Forced snapshot files after return in 2814 ms
2101.771 ms/op
Iteration   3: 2026-08-28 11:54:28.757 Forced snapshot files after return in 2863 ms
2090.174 ms/op


Result "com.swirlds.benchmark.MerkleDbSnapshotBenchmark.snapshot":
  N = 3
  mean =   2118.831 ±(99.9%) 730.006 ms/op

  Histogram, ms/op:
    [2090.000, 2095.000) = 1 
    [2095.000, 2100.000) = 0 
    [2100.000, 2105.000) = 1 
    [2105.000, 2110.000) = 0 
    [2110.000, 2115.000) = 0 
    [2115.000, 2120.000) = 0 
    [2120.000, 2125.000) = 0 
    [2125.000, 2130.000) = 0 
    [2130.000, 2135.000) = 0 
    [2135.000, 2140.000) = 0 
    [2140.000, 2145.000) = 0 
    [2145.000, 2150.000) = 0 
    [2150.000, 2155.000) = 0 
    [2155.000, 2160.000) = 0 
    [2160.000, 2165.000) = 1 

  Percentiles, ms/op:
      p(0.0000) =   2090.174 ms/op
     p(50.0000) =   2101.771 ms/op
     p(90.0000) =   2164.548 ms/op
     p(95.0000) =   2164.548 ms/op
     p(99.0000) =   2164.548 ms/op
     p(99.9000) =   2164.548 ms/op
     p(99.9900) =   2164.548 ms/op
     p(99.9990) =   2164.548 ms/op
     p(99.9999) =   2164.548 ms/op
    p(100.0000) =   2164.548 ms/op


# JMH version: 1.37
# VM version: JDK 25.0.2, OpenJDK 64-Bit Server VM, 25.0.2+10-LTS
# VM invoker: /home/nikita.lebedev/.local/jdks/jdk-25.0.2+10/bin/java
# VM options: -Xms4g -Xmx32g -XX:MaxDirectMemorySize=16g
# Blackhole mode: compiler (auto-detected, use -Djmh.blackhole.autoDetect=false to disable)
# Warmup: 1 iterations, single-shot each
# Measurement: 3 iterations, single-shot each
# Timeout: 60 min per iteration
# Threads: 1 thread
# Benchmark mode: Single shot invocation time
# Benchmark: com.swirlds.benchmark.MerkleDbSnapshotBenchmark.snapshot
# Parameters: (keySize = 32, maxKey = 100000000, numFiles = 1000, numRecords = 100000, numThreads = 32, recordSize = 128, snapshotMode = UNFORCED, threadsPerLongList = 1, useDiskIndices = false)

# Run progress: 62.50% complete, ETA 00:03:03
# Fork: 1 of 1
WARNING: A terminally deprecated method in sun.misc.Unsafe has been called
WARNING: sun.misc.Unsafe::objectFieldOffset has been called by org.openjdk.jmh.util.Utils (file:/home/nikita.lebedev/hiero-consensus-node/platform-sdk/swirlds-benchmarks/build/libs/swirlds-benchmarks-0.79.0-SNAPSHOT-jmh.jar)
WARNING: Please consider reporting this to the maintainers of class org.openjdk.jmh.util.Utils
WARNING: sun.misc.Unsafe::objectFieldOffset will be removed in a future release
# Warmup Iteration   1: 2026-08-28 11:54:30.713 Benchmark configuration: BenchmarkConfig[benchmarkData=data,saveDataDirectory=true,verifyResult=true,enableSnapshots=false,printHistogram=false,csvOutputFolder=data,csvMetricsFileName=BenchmarkMetrics.csv,csvMetricNamesFileName=BenchmarkMetricNames.csv,csvWriteFrequency=0,csvAppend=true,deviceName=sda]
2026-08-28 11:54:30.715 Build: 3.15.0 (0a5e91a)
2026-08-28 11:54:30.715 Benchmark data directory: /home/nikita.lebedev/hiero-consensus-node/platform-sdk/swirlds-benchmarks/build/tmp/merkledb-snapshot-campaign/run.ydyLKD/data/MerkleDbSnapshotBenchmark
2026-08-28 11:54:32.291 Loaded 262144 hash chunks into the snapshot source cache
2026-08-28 11:54:36.764 Forced snapshot files after return in 2822 ms
1650.858 ms/op
Iteration   1: 2026-08-28 11:54:41.369 Forced snapshot files after return in 2850 ms
1570.996 ms/op
Iteration   2: 2026-08-28 11:54:45.954 Forced snapshot files after return in 2828 ms
1578.119 ms/op
Iteration   3: 2026-08-28 11:54:50.516 Forced snapshot files after return in 2822 ms
1566.815 ms/op


Result "com.swirlds.benchmark.MerkleDbSnapshotBenchmark.snapshot":
  N = 3
  mean =   1571.977 ±(99.9%) 104.274 ms/op

  Histogram, ms/op:
    [1560.000, 1561.250) = 0 
    [1561.250, 1562.500) = 0 
    [1562.500, 1563.750) = 0 
    [1563.750, 1565.000) = 0 
    [1565.000, 1566.250) = 0 
    [1566.250, 1567.500) = 1 
    [1567.500, 1568.750) = 0 
    [1568.750, 1570.000) = 0 
    [1570.000, 1571.250) = 1 
    [1571.250, 1572.500) = 0 
    [1572.500, 1573.750) = 0 
    [1573.750, 1575.000) = 0 
    [1575.000, 1576.250) = 0 
    [1576.250, 1577.500) = 0 
    [1577.500, 1578.750) = 1 

  Percentiles, ms/op:
      p(0.0000) =   1566.815 ms/op
     p(50.0000) =   1570.996 ms/op
     p(90.0000) =   1578.119 ms/op
     p(95.0000) =   1578.119 ms/op
     p(99.0000) =   1578.119 ms/op
     p(99.9000) =   1578.119 ms/op
     p(99.9900) =   1578.119 ms/op
     p(99.9990) =   1578.119 ms/op
     p(99.9999) =   1578.119 ms/op
    p(100.0000) =   1578.119 ms/op


# JMH version: 1.37
# VM version: JDK 25.0.2, OpenJDK 64-Bit Server VM, 25.0.2+10-LTS
# VM invoker: /home/nikita.lebedev/.local/jdks/jdk-25.0.2+10/bin/java
# VM options: -Xms4g -Xmx32g -XX:MaxDirectMemorySize=16g
# Blackhole mode: compiler (auto-detected, use -Djmh.blackhole.autoDetect=false to disable)
# Warmup: 1 iterations, single-shot each
# Measurement: 3 iterations, single-shot each
# Timeout: 60 min per iteration
# Threads: 1 thread
# Benchmark mode: Single shot invocation time
# Benchmark: com.swirlds.benchmark.MerkleDbSnapshotBenchmark.snapshot
# Parameters: (keySize = 32, maxKey = 100000000, numFiles = 1000, numRecords = 100000, numThreads = 32, recordSize = 128, snapshotMode = UNFORCED, threadsPerLongList = 2, useDiskIndices = true)

# Run progress: 66.67% complete, ETA 00:02:43
# Fork: 1 of 1
WARNING: A terminally deprecated method in sun.misc.Unsafe has been called
WARNING: sun.misc.Unsafe::objectFieldOffset has been called by org.openjdk.jmh.util.Utils (file:/home/nikita.lebedev/hiero-consensus-node/platform-sdk/swirlds-benchmarks/build/libs/swirlds-benchmarks-0.79.0-SNAPSHOT-jmh.jar)
WARNING: Please consider reporting this to the maintainers of class org.openjdk.jmh.util.Utils
WARNING: sun.misc.Unsafe::objectFieldOffset will be removed in a future release
# Warmup Iteration   1: 2026-08-28 11:54:51.983 Benchmark configuration: BenchmarkConfig[benchmarkData=data,saveDataDirectory=true,verifyResult=true,enableSnapshots=false,printHistogram=false,csvOutputFolder=data,csvMetricsFileName=BenchmarkMetrics.csv,csvMetricNamesFileName=BenchmarkMetricNames.csv,csvWriteFrequency=0,csvAppend=true,deviceName=sda]
2026-08-28 11:54:51.985 Build: 3.15.0 (0a5e91a)
2026-08-28 11:54:51.985 Benchmark data directory: /home/nikita.lebedev/hiero-consensus-node/platform-sdk/swirlds-benchmarks/build/tmp/merkledb-snapshot-campaign/run.ydyLKD/data/MerkleDbSnapshotBenchmark
2026-08-28 11:54:54.121 Loaded 262144 hash chunks into the snapshot source cache
2026-08-28 11:54:59.356 Forced snapshot files after return in 3221 ms
2012.860 ms/op
Iteration   1: 2026-08-28 11:55:05.085 Forced snapshot files after return in 3629 ms
1914.940 ms/op
Iteration   2: 2026-08-28 11:55:09.962 Forced snapshot files after return in 2807 ms
1888.465 ms/op
Iteration   3: 2026-08-28 11:55:14.815 Forced snapshot files after return in 2804 ms
1875.436 ms/op


Result "com.swirlds.benchmark.MerkleDbSnapshotBenchmark.snapshot":
  N = 3
  mean =   1892.947 ±(99.9%) 367.242 ms/op

  Histogram, ms/op:
    [1870.000, 1875.000) = 0 
    [1875.000, 1880.000) = 1 
    [1880.000, 1885.000) = 0 
    [1885.000, 1890.000) = 1 
    [1890.000, 1895.000) = 0 
    [1895.000, 1900.000) = 0 
    [1900.000, 1905.000) = 0 
    [1905.000, 1910.000) = 0 
    [1910.000, 1915.000) = 1 

  Percentiles, ms/op:
      p(0.0000) =   1875.436 ms/op
     p(50.0000) =   1888.465 ms/op
     p(90.0000) =   1914.940 ms/op
     p(95.0000) =   1914.940 ms/op
     p(99.0000) =   1914.940 ms/op
     p(99.9000) =   1914.940 ms/op
     p(99.9900) =   1914.940 ms/op
     p(99.9990) =   1914.940 ms/op
     p(99.9999) =   1914.940 ms/op
    p(100.0000) =   1914.940 ms/op


# JMH version: 1.37
# VM version: JDK 25.0.2, OpenJDK 64-Bit Server VM, 25.0.2+10-LTS
# VM invoker: /home/nikita.lebedev/.local/jdks/jdk-25.0.2+10/bin/java
# VM options: -Xms4g -Xmx32g -XX:MaxDirectMemorySize=16g
# Blackhole mode: compiler (auto-detected, use -Djmh.blackhole.autoDetect=false to disable)
# Warmup: 1 iterations, single-shot each
# Measurement: 3 iterations, single-shot each
# Timeout: 60 min per iteration
# Threads: 1 thread
# Benchmark mode: Single shot invocation time
# Benchmark: com.swirlds.benchmark.MerkleDbSnapshotBenchmark.snapshot
# Parameters: (keySize = 32, maxKey = 100000000, numFiles = 1000, numRecords = 100000, numThreads = 32, recordSize = 128, snapshotMode = UNFORCED, threadsPerLongList = 2, useDiskIndices = false)

# Run progress: 70.83% complete, ETA 00:02:24
# Fork: 1 of 1
WARNING: A terminally deprecated method in sun.misc.Unsafe has been called
WARNING: sun.misc.Unsafe::objectFieldOffset has been called by org.openjdk.jmh.util.Utils (file:/home/nikita.lebedev/hiero-consensus-node/platform-sdk/swirlds-benchmarks/build/libs/swirlds-benchmarks-0.79.0-SNAPSHOT-jmh.jar)
WARNING: Please consider reporting this to the maintainers of class org.openjdk.jmh.util.Utils
WARNING: sun.misc.Unsafe::objectFieldOffset will be removed in a future release
# Warmup Iteration   1: 2026-08-28 11:55:16.802 Benchmark configuration: BenchmarkConfig[benchmarkData=data,saveDataDirectory=true,verifyResult=true,enableSnapshots=false,printHistogram=false,csvOutputFolder=data,csvMetricsFileName=BenchmarkMetrics.csv,csvMetricNamesFileName=BenchmarkMetricNames.csv,csvWriteFrequency=0,csvAppend=true,deviceName=sda]
2026-08-28 11:55:16.804 Build: 3.15.0 (0a5e91a)
2026-08-28 11:55:16.804 Benchmark data directory: /home/nikita.lebedev/hiero-consensus-node/platform-sdk/swirlds-benchmarks/build/tmp/merkledb-snapshot-campaign/run.ydyLKD/data/MerkleDbSnapshotBenchmark
2026-08-28 11:55:18.264 Loaded 262144 hash chunks into the snapshot source cache
2026-08-28 11:55:22.810 Forced snapshot files after return in 2973 ms
1572.289 ms/op
Iteration   1: 2026-08-28 11:55:27.476 Forced snapshot files after return in 2980 ms
1502.590 ms/op
Iteration   2: 2026-08-28 11:55:32.025 Forced snapshot files after return in 2821 ms
1550.605 ms/op
Iteration   3: 2026-08-28 11:55:36.474 Forced snapshot files after return in 2811 ms
1465.213 ms/op


Result "com.swirlds.benchmark.MerkleDbSnapshotBenchmark.snapshot":
  N = 3
  mean =   1506.136 ±(99.9%) 780.945 ms/op

  Histogram, ms/op:
    [1460.000, 1470.000) = 1 
    [1470.000, 1480.000) = 0 
    [1480.000, 1490.000) = 0 
    [1490.000, 1500.000) = 0 
    [1500.000, 1510.000) = 1 
    [1510.000, 1520.000) = 0 
    [1520.000, 1530.000) = 0 
    [1530.000, 1540.000) = 0 
    [1540.000, 1550.000) = 0 

  Percentiles, ms/op:
      p(0.0000) =   1465.213 ms/op
     p(50.0000) =   1502.590 ms/op
     p(90.0000) =   1550.605 ms/op
     p(95.0000) =   1550.605 ms/op
     p(99.0000) =   1550.605 ms/op
     p(99.9000) =   1550.605 ms/op
     p(99.9900) =   1550.605 ms/op
     p(99.9990) =   1550.605 ms/op
     p(99.9999) =   1550.605 ms/op
    p(100.0000) =   1550.605 ms/op


# JMH version: 1.37
# VM version: JDK 25.0.2, OpenJDK 64-Bit Server VM, 25.0.2+10-LTS
# VM invoker: /home/nikita.lebedev/.local/jdks/jdk-25.0.2+10/bin/java
# VM options: -Xms4g -Xmx32g -XX:MaxDirectMemorySize=16g
# Blackhole mode: compiler (auto-detected, use -Djmh.blackhole.autoDetect=false to disable)
# Warmup: 1 iterations, single-shot each
# Measurement: 3 iterations, single-shot each
# Timeout: 60 min per iteration
# Threads: 1 thread
# Benchmark mode: Single shot invocation time
# Benchmark: com.swirlds.benchmark.MerkleDbSnapshotBenchmark.snapshot
# Parameters: (keySize = 32, maxKey = 100000000, numFiles = 1000, numRecords = 100000, numThreads = 32, recordSize = 128, snapshotMode = FORCED, threadsPerLongList = 8, useDiskIndices = true)

# Run progress: 75.00% complete, ETA 00:02:04
# Fork: 1 of 1
WARNING: A terminally deprecated method in sun.misc.Unsafe has been called
WARNING: sun.misc.Unsafe::objectFieldOffset has been called by org.openjdk.jmh.util.Utils (file:/home/nikita.lebedev/hiero-consensus-node/platform-sdk/swirlds-benchmarks/build/libs/swirlds-benchmarks-0.79.0-SNAPSHOT-jmh.jar)
WARNING: Please consider reporting this to the maintainers of class org.openjdk.jmh.util.Utils
WARNING: sun.misc.Unsafe::objectFieldOffset will be removed in a future release
# Warmup Iteration   1: 2026-08-28 11:55:37.986 Benchmark configuration: BenchmarkConfig[benchmarkData=data,saveDataDirectory=true,verifyResult=true,enableSnapshots=false,printHistogram=false,csvOutputFolder=data,csvMetricsFileName=BenchmarkMetrics.csv,csvMetricNamesFileName=BenchmarkMetricNames.csv,csvWriteFrequency=0,csvAppend=true,deviceName=sda]
2026-08-28 11:55:37.988 Build: 3.15.0 (0a5e91a)
2026-08-28 11:55:37.989 Benchmark data directory: /home/nikita.lebedev/hiero-consensus-node/platform-sdk/swirlds-benchmarks/build/tmp/merkledb-snapshot-campaign/run.ydyLKD/data/MerkleDbSnapshotBenchmark
2026-08-28 11:55:40.108 Loaded 262144 hash chunks into the snapshot source cache
2026-08-28 11:55:45.001 Forced snapshot files after return in 1148 ms
3744.752 ms/op
Iteration   1: 2026-08-28 11:55:50.967 Forced snapshot files after return in 2022 ms
3761.468 ms/op
Iteration   2: 2026-08-28 11:55:55.615 Forced snapshot files after return in 1160 ms
3313.749 ms/op
Iteration   3: 2026-08-28 11:56:00.242 Forced snapshot files after return in 1132 ms
3322.734 ms/op


Result "com.swirlds.benchmark.MerkleDbSnapshotBenchmark.snapshot":
  N = 3
  mean =   3465.984 ±(99.9%) 4669.233 ms/op

  Histogram, ms/op:
    [3300.000, 3350.000) = 2 
    [3350.000, 3400.000) = 0 
    [3400.000, 3450.000) = 0 
    [3450.000, 3500.000) = 0 
    [3500.000, 3550.000) = 0 
    [3550.000, 3600.000) = 0 
    [3600.000, 3650.000) = 0 
    [3650.000, 3700.000) = 0 
    [3700.000, 3750.000) = 0 

  Percentiles, ms/op:
      p(0.0000) =   3313.749 ms/op
     p(50.0000) =   3322.734 ms/op
     p(90.0000) =   3761.468 ms/op
     p(95.0000) =   3761.468 ms/op
     p(99.0000) =   3761.468 ms/op
     p(99.9000) =   3761.468 ms/op
     p(99.9900) =   3761.468 ms/op
     p(99.9990) =   3761.468 ms/op
     p(99.9999) =   3761.468 ms/op
    p(100.0000) =   3761.468 ms/op


# JMH version: 1.37
# VM version: JDK 25.0.2, OpenJDK 64-Bit Server VM, 25.0.2+10-LTS
# VM invoker: /home/nikita.lebedev/.local/jdks/jdk-25.0.2+10/bin/java
# VM options: -Xms4g -Xmx32g -XX:MaxDirectMemorySize=16g
# Blackhole mode: compiler (auto-detected, use -Djmh.blackhole.autoDetect=false to disable)
# Warmup: 1 iterations, single-shot each
# Measurement: 3 iterations, single-shot each
# Timeout: 60 min per iteration
# Threads: 1 thread
# Benchmark mode: Single shot invocation time
# Benchmark: com.swirlds.benchmark.MerkleDbSnapshotBenchmark.snapshot
# Parameters: (keySize = 32, maxKey = 100000000, numFiles = 1000, numRecords = 100000, numThreads = 32, recordSize = 128, snapshotMode = FORCED, threadsPerLongList = 8, useDiskIndices = false)

# Run progress: 79.17% complete, ETA 00:01:44
# Fork: 1 of 1
WARNING: A terminally deprecated method in sun.misc.Unsafe has been called
WARNING: sun.misc.Unsafe::objectFieldOffset has been called by org.openjdk.jmh.util.Utils (file:/home/nikita.lebedev/hiero-consensus-node/platform-sdk/swirlds-benchmarks/build/libs/swirlds-benchmarks-0.79.0-SNAPSHOT-jmh.jar)
WARNING: Please consider reporting this to the maintainers of class org.openjdk.jmh.util.Utils
WARNING: sun.misc.Unsafe::objectFieldOffset will be removed in a future release
# Warmup Iteration   1: 2026-08-28 11:56:02.270 Benchmark configuration: BenchmarkConfig[benchmarkData=data,saveDataDirectory=true,verifyResult=true,enableSnapshots=false,printHistogram=false,csvOutputFolder=data,csvMetricsFileName=BenchmarkMetrics.csv,csvMetricNamesFileName=BenchmarkMetricNames.csv,csvWriteFrequency=0,csvAppend=true,deviceName=sda]
2026-08-28 11:56:02.272 Build: 3.15.0 (0a5e91a)
2026-08-28 11:56:02.272 Benchmark data directory: /home/nikita.lebedev/hiero-consensus-node/platform-sdk/swirlds-benchmarks/build/tmp/merkledb-snapshot-campaign/run.ydyLKD/data/MerkleDbSnapshotBenchmark
2026-08-28 11:56:03.813 Loaded 262144 hash chunks into the snapshot source cache
2026-08-28 11:56:08.282 Forced snapshot files after return in 1327 ms
3140.763 ms/op
Iteration   1: 2026-08-28 11:56:12.531 Forced snapshot files after return in 1141 ms
2925.754 ms/op
Iteration   2: 2026-08-28 11:56:16.838 Forced snapshot files after return in 1163 ms
2967.091 ms/op
Iteration   3: 2026-08-28 11:56:21.054 Forced snapshot files after return in 1163 ms
2880.259 ms/op


Result "com.swirlds.benchmark.MerkleDbSnapshotBenchmark.snapshot":
  N = 3
  mean =   2924.368 ±(99.9%) 792.375 ms/op

  Histogram, ms/op:
    [2880.000, 2885.000) = 1 
    [2885.000, 2890.000) = 0 
    [2890.000, 2895.000) = 0 
    [2895.000, 2900.000) = 0 
    [2900.000, 2905.000) = 0 
    [2905.000, 2910.000) = 0 
    [2910.000, 2915.000) = 0 
    [2915.000, 2920.000) = 0 
    [2920.000, 2925.000) = 0 
    [2925.000, 2930.000) = 1 
    [2930.000, 2935.000) = 0 
    [2935.000, 2940.000) = 0 
    [2940.000, 2945.000) = 0 
    [2945.000, 2950.000) = 0 
    [2950.000, 2955.000) = 0 
    [2955.000, 2960.000) = 0 
    [2960.000, 2965.000) = 0 

  Percentiles, ms/op:
      p(0.0000) =   2880.259 ms/op
     p(50.0000) =   2925.754 ms/op
     p(90.0000) =   2967.091 ms/op
     p(95.0000) =   2967.091 ms/op
     p(99.0000) =   2967.091 ms/op
     p(99.9000) =   2967.091 ms/op
     p(99.9900) =   2967.091 ms/op
     p(99.9990) =   2967.091 ms/op
     p(99.9999) =   2967.091 ms/op
    p(100.0000) =   2967.091 ms/op


# JMH version: 1.37
# VM version: JDK 25.0.2, OpenJDK 64-Bit Server VM, 25.0.2+10-LTS
# VM invoker: /home/nikita.lebedev/.local/jdks/jdk-25.0.2+10/bin/java
# VM options: -Xms4g -Xmx32g -XX:MaxDirectMemorySize=16g
# Blackhole mode: compiler (auto-detected, use -Djmh.blackhole.autoDetect=false to disable)
# Warmup: 1 iterations, single-shot each
# Measurement: 3 iterations, single-shot each
# Timeout: 60 min per iteration
# Threads: 1 thread
# Benchmark mode: Single shot invocation time
# Benchmark: com.swirlds.benchmark.MerkleDbSnapshotBenchmark.snapshot
# Parameters: (keySize = 32, maxKey = 100000000, numFiles = 1000, numRecords = 100000, numThreads = 32, recordSize = 128, snapshotMode = FORCED, threadsPerLongList = 1, useDiskIndices = true)

# Run progress: 83.33% complete, ETA 00:01:23
# Fork: 1 of 1
WARNING: A terminally deprecated method in sun.misc.Unsafe has been called
WARNING: sun.misc.Unsafe::objectFieldOffset has been called by org.openjdk.jmh.util.Utils (file:/home/nikita.lebedev/hiero-consensus-node/platform-sdk/swirlds-benchmarks/build/libs/swirlds-benchmarks-0.79.0-SNAPSHOT-jmh.jar)
WARNING: Please consider reporting this to the maintainers of class org.openjdk.jmh.util.Utils
WARNING: sun.misc.Unsafe::objectFieldOffset will be removed in a future release
# Warmup Iteration   1: 2026-08-28 11:56:22.564 Benchmark configuration: BenchmarkConfig[benchmarkData=data,saveDataDirectory=true,verifyResult=true,enableSnapshots=false,printHistogram=false,csvOutputFolder=data,csvMetricsFileName=BenchmarkMetrics.csv,csvMetricNamesFileName=BenchmarkMetricNames.csv,csvWriteFrequency=0,csvAppend=true,deviceName=sda]
2026-08-28 11:56:22.566 Build: 3.15.0 (0a5e91a)
2026-08-28 11:56:22.566 Benchmark data directory: /home/nikita.lebedev/hiero-consensus-node/platform-sdk/swirlds-benchmarks/build/tmp/merkledb-snapshot-campaign/run.ydyLKD/data/MerkleDbSnapshotBenchmark
2026-08-28 11:56:24.733 Loaded 262144 hash chunks into the snapshot source cache
2026-08-28 11:56:29.648 Forced snapshot files after return in 1151 ms
3763.119 ms/op
Iteration   1: 2026-08-28 11:56:35.513 Forced snapshot files after return in 2003 ms
3679.798 ms/op
Iteration   2: 2026-08-28 11:56:40.099 Forced snapshot files after return in 1146 ms
3261.375 ms/op
Iteration   3: 2026-08-28 11:56:44.795 Forced snapshot files after return in 1256 ms
3265.831 ms/op


Result "com.swirlds.benchmark.MerkleDbSnapshotBenchmark.snapshot":
  N = 3
  mean =   3402.335 ±(99.9%) 4383.974 ms/op

  Histogram, ms/op:
    [3200.000, 3250.000) = 0 
    [3250.000, 3300.000) = 2 
    [3300.000, 3350.000) = 0 
    [3350.000, 3400.000) = 0 
    [3400.000, 3450.000) = 0 
    [3450.000, 3500.000) = 0 
    [3500.000, 3550.000) = 0 
    [3550.000, 3600.000) = 0 
    [3600.000, 3650.000) = 0 

  Percentiles, ms/op:
      p(0.0000) =   3261.375 ms/op
     p(50.0000) =   3265.831 ms/op
     p(90.0000) =   3679.798 ms/op
     p(95.0000) =   3679.798 ms/op
     p(99.0000) =   3679.798 ms/op
     p(99.9000) =   3679.798 ms/op
     p(99.9900) =   3679.798 ms/op
     p(99.9990) =   3679.798 ms/op
     p(99.9999) =   3679.798 ms/op
    p(100.0000) =   3679.798 ms/op


# JMH version: 1.37
# VM version: JDK 25.0.2, OpenJDK 64-Bit Server VM, 25.0.2+10-LTS
# VM invoker: /home/nikita.lebedev/.local/jdks/jdk-25.0.2+10/bin/java
# VM options: -Xms4g -Xmx32g -XX:MaxDirectMemorySize=16g
# Blackhole mode: compiler (auto-detected, use -Djmh.blackhole.autoDetect=false to disable)
# Warmup: 1 iterations, single-shot each
# Measurement: 3 iterations, single-shot each
# Timeout: 60 min per iteration
# Threads: 1 thread
# Benchmark mode: Single shot invocation time
# Benchmark: com.swirlds.benchmark.MerkleDbSnapshotBenchmark.snapshot
# Parameters: (keySize = 32, maxKey = 100000000, numFiles = 1000, numRecords = 100000, numThreads = 32, recordSize = 128, snapshotMode = FORCED, threadsPerLongList = 1, useDiskIndices = false)

# Run progress: 87.50% complete, ETA 00:01:03
# Fork: 1 of 1
WARNING: A terminally deprecated method in sun.misc.Unsafe has been called
WARNING: sun.misc.Unsafe::objectFieldOffset has been called by org.openjdk.jmh.util.Utils (file:/home/nikita.lebedev/hiero-consensus-node/platform-sdk/swirlds-benchmarks/build/libs/swirlds-benchmarks-0.79.0-SNAPSHOT-jmh.jar)
WARNING: Please consider reporting this to the maintainers of class org.openjdk.jmh.util.Utils
WARNING: sun.misc.Unsafe::objectFieldOffset will be removed in a future release
# Warmup Iteration   1: 2026-08-28 11:56:46.768 Benchmark configuration: BenchmarkConfig[benchmarkData=data,saveDataDirectory=true,verifyResult=true,enableSnapshots=false,printHistogram=false,csvOutputFolder=data,csvMetricsFileName=BenchmarkMetrics.csv,csvMetricNamesFileName=BenchmarkMetricNames.csv,csvWriteFrequency=0,csvAppend=true,deviceName=sda]
2026-08-28 11:56:46.770 Build: 3.15.0 (0a5e91a)
2026-08-28 11:56:46.770 Benchmark data directory: /home/nikita.lebedev/hiero-consensus-node/platform-sdk/swirlds-benchmarks/build/tmp/merkledb-snapshot-campaign/run.ydyLKD/data/MerkleDbSnapshotBenchmark
2026-08-28 11:56:48.550 Loaded 262144 hash chunks into the snapshot source cache
2026-08-28 11:56:53.160 Forced snapshot files after return in 1372 ms
3236.721 ms/op
Iteration   1: 2026-08-28 11:56:57.938 Forced snapshot files after return in 1395 ms
3199.559 ms/op
Iteration   2: 2026-08-28 11:57:02.392 Forced snapshot files after return in 1430 ms
2849.622 ms/op
Iteration   3: 2026-08-28 11:57:06.846 Forced snapshot files after return in 1425 ms
2855.917 ms/op


Result "com.swirlds.benchmark.MerkleDbSnapshotBenchmark.snapshot":
  N = 3
  mean =   2968.366 ±(99.9%) 3653.189 ms/op

  Histogram, ms/op:
    [2800.000, 2825.000) = 0 
    [2825.000, 2850.000) = 1 
    [2850.000, 2875.000) = 1 
    [2875.000, 2900.000) = 0 
    [2900.000, 2925.000) = 0 
    [2925.000, 2950.000) = 0 
    [2950.000, 2975.000) = 0 
    [2975.000, 3000.000) = 0 
    [3000.000, 3025.000) = 0 
    [3025.000, 3050.000) = 0 
    [3050.000, 3075.000) = 0 
    [3075.000, 3100.000) = 0 
    [3100.000, 3125.000) = 0 
    [3125.000, 3150.000) = 0 
    [3150.000, 3175.000) = 0 

  Percentiles, ms/op:
      p(0.0000) =   2849.622 ms/op
     p(50.0000) =   2855.917 ms/op
     p(90.0000) =   3199.559 ms/op
     p(95.0000) =   3199.559 ms/op
     p(99.0000) =   3199.559 ms/op
     p(99.9000) =   3199.559 ms/op
     p(99.9900) =   3199.559 ms/op
     p(99.9990) =   3199.559 ms/op
     p(99.9999) =   3199.559 ms/op
    p(100.0000) =   3199.559 ms/op


# JMH version: 1.37
# VM version: JDK 25.0.2, OpenJDK 64-Bit Server VM, 25.0.2+10-LTS
# VM invoker: /home/nikita.lebedev/.local/jdks/jdk-25.0.2+10/bin/java
# VM options: -Xms4g -Xmx32g -XX:MaxDirectMemorySize=16g
# Blackhole mode: compiler (auto-detected, use -Djmh.blackhole.autoDetect=false to disable)
# Warmup: 1 iterations, single-shot each
# Measurement: 3 iterations, single-shot each
# Timeout: 60 min per iteration
# Threads: 1 thread
# Benchmark mode: Single shot invocation time
# Benchmark: com.swirlds.benchmark.MerkleDbSnapshotBenchmark.snapshot
# Parameters: (keySize = 32, maxKey = 100000000, numFiles = 1000, numRecords = 100000, numThreads = 32, recordSize = 128, snapshotMode = FORCED, threadsPerLongList = 2, useDiskIndices = true)

# Run progress: 91.67% complete, ETA 00:00:42
# Fork: 1 of 1
WARNING: A terminally deprecated method in sun.misc.Unsafe has been called
WARNING: sun.misc.Unsafe::objectFieldOffset has been called by org.openjdk.jmh.util.Utils (file:/home/nikita.lebedev/hiero-consensus-node/platform-sdk/swirlds-benchmarks/build/libs/swirlds-benchmarks-0.79.0-SNAPSHOT-jmh.jar)
WARNING: Please consider reporting this to the maintainers of class org.openjdk.jmh.util.Utils
WARNING: sun.misc.Unsafe::objectFieldOffset will be removed in a future release
# Warmup Iteration   1: 2026-08-28 11:57:08.361 Benchmark configuration: BenchmarkConfig[benchmarkData=data,saveDataDirectory=true,verifyResult=true,enableSnapshots=false,printHistogram=false,csvOutputFolder=data,csvMetricsFileName=BenchmarkMetrics.csv,csvMetricNamesFileName=BenchmarkMetricNames.csv,csvWriteFrequency=0,csvAppend=true,deviceName=sda]
2026-08-28 11:57:08.363 Build: 3.15.0 (0a5e91a)
2026-08-28 11:57:08.363 Benchmark data directory: /home/nikita.lebedev/hiero-consensus-node/platform-sdk/swirlds-benchmarks/build/tmp/merkledb-snapshot-campaign/run.ydyLKD/data/MerkleDbSnapshotBenchmark
2026-08-28 11:57:10.490 Loaded 262144 hash chunks into the snapshot source cache
2026-08-28 11:57:15.750 Forced snapshot files after return in 1301 ms
3958.358 ms/op
Iteration   1: 2026-08-28 11:57:22.834 Forced snapshot files after return in 1295 ms
5605.495 ms/op
Iteration   2: 2026-08-28 11:57:28.557 Forced snapshot files after return in 1559 ms
3984.161 ms/op
Iteration   3: 2026-08-28 11:57:33.872 Forced snapshot files after return in 1183 ms
3956.226 ms/op


Result "com.swirlds.benchmark.MerkleDbSnapshotBenchmark.snapshot":
  N = 3
  mean =   4515.294 ±(99.9%) 17226.539 ms/op

  Histogram, ms/op:
    [3000.000, 3250.000) = 0 
    [3250.000, 3500.000) = 0 
    [3500.000, 3750.000) = 0 
    [3750.000, 4000.000) = 2 
    [4000.000, 4250.000) = 0 
    [4250.000, 4500.000) = 0 
    [4500.000, 4750.000) = 0 
    [4750.000, 5000.000) = 0 
    [5000.000, 5250.000) = 0 
    [5250.000, 5500.000) = 0 
    [5500.000, 5750.000) = 1 

  Percentiles, ms/op:
      p(0.0000) =   3956.226 ms/op
     p(50.0000) =   3984.161 ms/op
     p(90.0000) =   5605.495 ms/op
     p(95.0000) =   5605.495 ms/op
     p(99.0000) =   5605.495 ms/op
     p(99.9000) =   5605.495 ms/op
     p(99.9900) =   5605.495 ms/op
     p(99.9990) =   5605.495 ms/op
     p(99.9999) =   5605.495 ms/op
    p(100.0000) =   5605.495 ms/op


# JMH version: 1.37
# VM version: JDK 25.0.2, OpenJDK 64-Bit Server VM, 25.0.2+10-LTS
# VM invoker: /home/nikita.lebedev/.local/jdks/jdk-25.0.2+10/bin/java
# VM options: -Xms4g -Xmx32g -XX:MaxDirectMemorySize=16g
# Blackhole mode: compiler (auto-detected, use -Djmh.blackhole.autoDetect=false to disable)
# Warmup: 1 iterations, single-shot each
# Measurement: 3 iterations, single-shot each
# Timeout: 60 min per iteration
# Threads: 1 thread
# Benchmark mode: Single shot invocation time
# Benchmark: com.swirlds.benchmark.MerkleDbSnapshotBenchmark.snapshot
# Parameters: (keySize = 32, maxKey = 100000000, numFiles = 1000, numRecords = 100000, numThreads = 32, recordSize = 128, snapshotMode = FORCED, threadsPerLongList = 2, useDiskIndices = false)

# Run progress: 95.83% complete, ETA 00:00:21
# Fork: 1 of 1
WARNING: A terminally deprecated method in sun.misc.Unsafe has been called
WARNING: sun.misc.Unsafe::objectFieldOffset has been called by org.openjdk.jmh.util.Utils (file:/home/nikita.lebedev/hiero-consensus-node/platform-sdk/swirlds-benchmarks/build/libs/swirlds-benchmarks-0.79.0-SNAPSHOT-jmh.jar)
WARNING: Please consider reporting this to the maintainers of class org.openjdk.jmh.util.Utils
WARNING: sun.misc.Unsafe::objectFieldOffset will be removed in a future release
# Warmup Iteration   1: 2026-08-28 11:57:35.861 Benchmark configuration: BenchmarkConfig[benchmarkData=data,saveDataDirectory=true,verifyResult=true,enableSnapshots=false,printHistogram=false,csvOutputFolder=data,csvMetricsFileName=BenchmarkMetrics.csv,csvMetricNamesFileName=BenchmarkMetricNames.csv,csvWriteFrequency=0,csvAppend=true,deviceName=sda]
2026-08-28 11:57:35.863 Build: 3.15.0 (0a5e91a)
2026-08-28 11:57:35.863 Benchmark data directory: /home/nikita.lebedev/hiero-consensus-node/platform-sdk/swirlds-benchmarks/build/tmp/merkledb-snapshot-campaign/run.ydyLKD/data/MerkleDbSnapshotBenchmark
2026-08-28 11:57:37.337 Loaded 262144 hash chunks into the snapshot source cache
2026-08-28 11:57:42.416 Forced snapshot files after return in 1386 ms
3693.024 ms/op
Iteration   1: 2026-08-28 11:57:46.684 Forced snapshot files after return in 1117 ms
2968.427 ms/op
Iteration   2: 2026-08-28 11:57:51.007 Forced snapshot files after return in 1143 ms
3002.028 ms/op
Iteration   3: 2026-08-28 11:57:55.265 Forced snapshot files after return in 1129 ms
2951.957 ms/op


Result "com.swirlds.benchmark.MerkleDbSnapshotBenchmark.snapshot":
  N = 3
  mean =   2974.137 ±(99.9%) 465.562 ms/op

  Histogram, ms/op:
    [2950.000, 2955.000) = 1 
    [2955.000, 2960.000) = 0 
    [2960.000, 2965.000) = 0 
    [2965.000, 2970.000) = 1 
    [2970.000, 2975.000) = 0 
    [2975.000, 2980.000) = 0 
    [2980.000, 2985.000) = 0 
    [2985.000, 2990.000) = 0 
    [2990.000, 2995.000) = 0 
    [2995.000, 3000.000) = 0 
    [3000.000, 3005.000) = 1 

  Percentiles, ms/op:
      p(0.0000) =   2951.957 ms/op
     p(50.0000) =   2968.427 ms/op
     p(90.0000) =   3002.028 ms/op
     p(95.0000) =   3002.028 ms/op
     p(99.0000) =   3002.028 ms/op
     p(99.9000) =   3002.028 ms/op
     p(99.9900) =   3002.028 ms/op
     p(99.9990) =   3002.028 ms/op
     p(99.9999) =   3002.028 ms/op
    p(100.0000) =   3002.028 ms/op


# Run complete. Total time: 00:08:31

REMEMBER: The numbers below are just data. To gain reusable insights, you need to follow up on
why the numbers are the way they are. Use profilers (see -prof, -lprof), design factorial
experiments, perform baseline and negative tests that provide experimental control, make sure
the benchmarking environment is safe on JVM/OS/HW level, ask for reviews from the domain experts.
Do not assume the numbers tell you what you want them to tell.

NOTE: Current JVM experimentally supports Compiler Blackholes, and they are in use. Please exercise
extra caution when trusting the results, look into the generated code to check the benchmark still
works, and factor in a small probability of new VM bugs. Additionally, while comparisons between
different JVMs are already problematic, the performance difference caused by different Blackhole
modes can be very significant. Please make sure you use the consistent Blackhole mode for comparisons.

Benchmark                           (keySize)   (maxKey)  (numFiles)  (numRecords)  (numThreads)  (recordSize)    (snapshotMode)  (threadsPerLongList)  (useDiskIndices)  Mode  Cnt     Score       Error  Units
MerkleDbSnapshotBenchmark.snapshot         32  100000000        1000        100000            32           128  UNFORCED_OVERLAP                     8              true    ss    3  1415.640 ±   675.284  ms/op
MerkleDbSnapshotBenchmark.snapshot         32  100000000        1000        100000            32           128  UNFORCED_OVERLAP                     8             false    ss    3  1024.575 ±   366.818  ms/op
MerkleDbSnapshotBenchmark.snapshot         32  100000000        1000        100000            32           128  UNFORCED_OVERLAP                     1              true    ss    3  1437.490 ±   272.825  ms/op
MerkleDbSnapshotBenchmark.snapshot         32  100000000        1000        100000            32           128  UNFORCED_OVERLAP                     1             false    ss    3  1046.721 ±   176.127  ms/op
MerkleDbSnapshotBenchmark.snapshot         32  100000000        1000        100000            32           128  UNFORCED_OVERLAP                     2              true    ss    3  1397.237 ±   159.955  ms/op
MerkleDbSnapshotBenchmark.snapshot         32  100000000        1000        100000            32           128  UNFORCED_OVERLAP                     2             false    ss    3  1035.942 ±   202.117  ms/op
MerkleDbSnapshotBenchmark.snapshot         32  100000000        1000        100000            32           128    FORCED_OVERLAP                     8              true    ss    3  2080.912 ±  2696.465  ms/op
MerkleDbSnapshotBenchmark.snapshot         32  100000000        1000        100000            32           128    FORCED_OVERLAP                     8             false    ss    3  1896.302 ±   337.369  ms/op
MerkleDbSnapshotBenchmark.snapshot         32  100000000        1000        100000            32           128    FORCED_OVERLAP                     1              true    ss    3  2508.753 ±  5832.989  ms/op
MerkleDbSnapshotBenchmark.snapshot         32  100000000        1000        100000            32           128    FORCED_OVERLAP                     1             false    ss    3  2030.890 ±   240.588  ms/op
MerkleDbSnapshotBenchmark.snapshot         32  100000000        1000        100000            32           128    FORCED_OVERLAP                     2              true    ss    3  1961.762 ±   554.126  ms/op
MerkleDbSnapshotBenchmark.snapshot         32  100000000        1000        100000            32           128    FORCED_OVERLAP                     2             false    ss    3  1937.270 ±   301.131  ms/op
MerkleDbSnapshotBenchmark.snapshot         32  100000000        1000        100000            32           128          UNFORCED                     8              true    ss    3  1830.262 ±  1275.704  ms/op
MerkleDbSnapshotBenchmark.snapshot         32  100000000        1000        100000            32           128          UNFORCED                     8             false    ss    3  1447.938 ±   374.009  ms/op
MerkleDbSnapshotBenchmark.snapshot         32  100000000        1000        100000            32           128          UNFORCED                     1              true    ss    3  2118.831 ±   730.006  ms/op
MerkleDbSnapshotBenchmark.snapshot         32  100000000        1000        100000            32           128          UNFORCED                     1             false    ss    3  1571.977 ±   104.274  ms/op
MerkleDbSnapshotBenchmark.snapshot         32  100000000        1000        100000            32           128          UNFORCED                     2              true    ss    3  1892.947 ±   367.242  ms/op
MerkleDbSnapshotBenchmark.snapshot         32  100000000        1000        100000            32           128          UNFORCED                     2             false    ss    3  1506.136 ±   780.945  ms/op
MerkleDbSnapshotBenchmark.snapshot         32  100000000        1000        100000            32           128            FORCED                     8              true    ss    3  3465.984 ±  4669.233  ms/op
MerkleDbSnapshotBenchmark.snapshot         32  100000000        1000        100000            32           128            FORCED                     8             false    ss    3  2924.368 ±   792.375  ms/op
MerkleDbSnapshotBenchmark.snapshot         32  100000000        1000        100000            32           128            FORCED                     1              true    ss    3  3402.335 ±  4383.974  ms/op
MerkleDbSnapshotBenchmark.snapshot         32  100000000        1000        100000            32           128            FORCED                     1             false    ss    3  2968.366 ±  3653.189  ms/op
MerkleDbSnapshotBenchmark.snapshot         32  100000000        1000        100000            32           128            FORCED                     2              true    ss    3  4515.294 ± 17226.539  ms/op
MerkleDbSnapshotBenchmark.snapshot         32  100000000        1000        100000            32           128            FORCED                     2             false    ss    3  2974.137 ±   465.562  ms/op

Benchmark result is saved to /home/nikita.lebedev/hiero-consensus-node/platform-sdk/swirlds-benchmarks/build/results/jmh/merkledb-snapshot-campaign/20260828T113202Z-1105376/merkledb-snapshot-block-B.json

Running merkledb-snapshot-block-C
WARNING: A terminally deprecated method in sun.misc.Unsafe has been called
WARNING: sun.misc.Unsafe::objectFieldOffset has been called by org.openjdk.jmh.util.Utils (file:/home/nikita.lebedev/hiero-consensus-node/platform-sdk/swirlds-benchmarks/build/libs/swirlds-benchmarks-0.79.0-SNAPSHOT-jmh.jar)
WARNING: Please consider reporting this to the maintainers of class org.openjdk.jmh.util.Utils
WARNING: sun.misc.Unsafe::objectFieldOffset will be removed in a future release
# JMH version: 1.37
# VM version: JDK 25.0.2, OpenJDK 64-Bit Server VM, 25.0.2+10-LTS
# VM invoker: /home/nikita.lebedev/.local/jdks/jdk-25.0.2+10/bin/java
# VM options: -Xms4g -Xmx32g -XX:MaxDirectMemorySize=16g
# Blackhole mode: compiler (auto-detected, use -Djmh.blackhole.autoDetect=false to disable)
# Warmup: 1 iterations, single-shot each
# Measurement: 3 iterations, single-shot each
# Timeout: 60 min per iteration
# Threads: 1 thread
# Benchmark mode: Single shot invocation time
# Benchmark: com.swirlds.benchmark.MerkleDbSnapshotBenchmark.snapshot
# Parameters: (keySize = 32, maxKey = 100000000, numFiles = 1000, numRecords = 100000, numThreads = 32, recordSize = 128, snapshotMode = UNFORCED, threadsPerLongList = 2, useDiskIndices = false)

# Run progress: 0.00% complete, ETA 00:00:00
# Fork: 1 of 1
WARNING: A terminally deprecated method in sun.misc.Unsafe has been called
WARNING: sun.misc.Unsafe::objectFieldOffset has been called by org.openjdk.jmh.util.Utils (file:/home/nikita.lebedev/hiero-consensus-node/platform-sdk/swirlds-benchmarks/build/libs/swirlds-benchmarks-0.79.0-SNAPSHOT-jmh.jar)
WARNING: Please consider reporting this to the maintainers of class org.openjdk.jmh.util.Utils
WARNING: sun.misc.Unsafe::objectFieldOffset will be removed in a future release
# Warmup Iteration   1: 2026-08-28 11:57:57.075 Benchmark configuration: BenchmarkConfig[benchmarkData=data,saveDataDirectory=true,verifyResult=true,enableSnapshots=false,printHistogram=false,csvOutputFolder=data,csvMetricsFileName=BenchmarkMetrics.csv,csvMetricNamesFileName=BenchmarkMetricNames.csv,csvWriteFrequency=0,csvAppend=true,deviceName=sda]
2026-08-28 11:57:57.077 Build: 3.15.0 (0a5e91a)
2026-08-28 11:57:57.077 Benchmark data directory: /home/nikita.lebedev/hiero-consensus-node/platform-sdk/swirlds-benchmarks/build/tmp/merkledb-snapshot-campaign/run.ydyLKD/data/MerkleDbSnapshotBenchmark
2026-08-28 11:57:58.547 Loaded 262144 hash chunks into the snapshot source cache
2026-08-28 11:58:02.998 Forced snapshot files after return in 2838 ms
1612.068 ms/op
Iteration   1: 2026-08-28 11:58:07.529 Forced snapshot files after return in 2848 ms
1498.920 ms/op
Iteration   2: 2026-08-28 11:58:12.054 Forced snapshot files after return in 2812 ms
1534.156 ms/op
Iteration   3: 2026-08-28 11:58:16.577 Forced snapshot files after return in 2820 ms
1527.939 ms/op


Result "com.swirlds.benchmark.MerkleDbSnapshotBenchmark.snapshot":
  N = 3
  mean =   1520.338 ±(99.9%) 343.116 ms/op

  Histogram, ms/op:
    [1490.000, 1495.000) = 0 
    [1495.000, 1500.000) = 1 
    [1500.000, 1505.000) = 0 
    [1505.000, 1510.000) = 0 
    [1510.000, 1515.000) = 0 
    [1515.000, 1520.000) = 0 
    [1520.000, 1525.000) = 0 
    [1525.000, 1530.000) = 1 
    [1530.000, 1535.000) = 1 

  Percentiles, ms/op:
      p(0.0000) =   1498.920 ms/op
     p(50.0000) =   1527.939 ms/op
     p(90.0000) =   1534.156 ms/op
     p(95.0000) =   1534.156 ms/op
     p(99.0000) =   1534.156 ms/op
     p(99.9000) =   1534.156 ms/op
     p(99.9900) =   1534.156 ms/op
     p(99.9990) =   1534.156 ms/op
     p(99.9999) =   1534.156 ms/op
    p(100.0000) =   1534.156 ms/op


# JMH version: 1.37
# VM version: JDK 25.0.2, OpenJDK 64-Bit Server VM, 25.0.2+10-LTS
# VM invoker: /home/nikita.lebedev/.local/jdks/jdk-25.0.2+10/bin/java
# VM options: -Xms4g -Xmx32g -XX:MaxDirectMemorySize=16g
# Blackhole mode: compiler (auto-detected, use -Djmh.blackhole.autoDetect=false to disable)
# Warmup: 1 iterations, single-shot each
# Measurement: 3 iterations, single-shot each
# Timeout: 60 min per iteration
# Threads: 1 thread
# Benchmark mode: Single shot invocation time
# Benchmark: com.swirlds.benchmark.MerkleDbSnapshotBenchmark.snapshot
# Parameters: (keySize = 32, maxKey = 100000000, numFiles = 1000, numRecords = 100000, numThreads = 32, recordSize = 128, snapshotMode = UNFORCED, threadsPerLongList = 2, useDiskIndices = true)

# Run progress: 4.17% complete, ETA 00:08:03
# Fork: 1 of 1
WARNING: A terminally deprecated method in sun.misc.Unsafe has been called
WARNING: sun.misc.Unsafe::objectFieldOffset has been called by org.openjdk.jmh.util.Utils (file:/home/nikita.lebedev/hiero-consensus-node/platform-sdk/swirlds-benchmarks/build/libs/swirlds-benchmarks-0.79.0-SNAPSHOT-jmh.jar)
WARNING: Please consider reporting this to the maintainers of class org.openjdk.jmh.util.Utils
WARNING: sun.misc.Unsafe::objectFieldOffset will be removed in a future release
# Warmup Iteration   1: 2026-08-28 11:58:18.051 Benchmark configuration: BenchmarkConfig[benchmarkData=data,saveDataDirectory=true,verifyResult=true,enableSnapshots=false,printHistogram=false,csvOutputFolder=data,csvMetricsFileName=BenchmarkMetrics.csv,csvMetricNamesFileName=BenchmarkMetricNames.csv,csvWriteFrequency=0,csvAppend=true,deviceName=sda]
2026-08-28 11:58:18.053 Build: 3.15.0 (0a5e91a)
2026-08-28 11:58:18.054 Benchmark data directory: /home/nikita.lebedev/hiero-consensus-node/platform-sdk/swirlds-benchmarks/build/tmp/merkledb-snapshot-campaign/run.ydyLKD/data/MerkleDbSnapshotBenchmark
2026-08-28 11:58:20.182 Loaded 262144 hash chunks into the snapshot source cache
2026-08-28 11:58:25.942 Forced snapshot files after return in 3732 ms
2027.155 ms/op
Iteration   1: 2026-08-28 11:58:31.966 Forced snapshot files after return in 3915 ms
1925.888 ms/op
Iteration   2: 2026-08-28 11:58:36.848 Forced snapshot files after return in 2833 ms
1868.773 ms/op
Iteration   3: 2026-08-28 11:58:42.136 Forced snapshot files after return in 3210 ms
1901.701 ms/op


Result "com.swirlds.benchmark.MerkleDbSnapshotBenchmark.snapshot":
  N = 3
  mean =   1898.787 ±(99.9%) 523.020 ms/op

  Histogram, ms/op:
    [1860.000, 1865.000) = 0 
    [1865.000, 1870.000) = 1 
    [1870.000, 1875.000) = 0 
    [1875.000, 1880.000) = 0 
    [1880.000, 1885.000) = 0 
    [1885.000, 1890.000) = 0 
    [1890.000, 1895.000) = 0 
    [1895.000, 1900.000) = 0 
    [1900.000, 1905.000) = 1 
    [1905.000, 1910.000) = 0 
    [1910.000, 1915.000) = 0 
    [1915.000, 1920.000) = 0 
    [1920.000, 1925.000) = 0 

  Percentiles, ms/op:
      p(0.0000) =   1868.773 ms/op
     p(50.0000) =   1901.701 ms/op
     p(90.0000) =   1925.888 ms/op
     p(95.0000) =   1925.888 ms/op
     p(99.0000) =   1925.888 ms/op
     p(99.9000) =   1925.888 ms/op
     p(99.9900) =   1925.888 ms/op
     p(99.9990) =   1925.888 ms/op
     p(99.9999) =   1925.888 ms/op
    p(100.0000) =   1925.888 ms/op


# JMH version: 1.37
# VM version: JDK 25.0.2, OpenJDK 64-Bit Server VM, 25.0.2+10-LTS
# VM invoker: /home/nikita.lebedev/.local/jdks/jdk-25.0.2+10/bin/java
# VM options: -Xms4g -Xmx32g -XX:MaxDirectMemorySize=16g
# Blackhole mode: compiler (auto-detected, use -Djmh.blackhole.autoDetect=false to disable)
# Warmup: 1 iterations, single-shot each
# Measurement: 3 iterations, single-shot each
# Timeout: 60 min per iteration
# Threads: 1 thread
# Benchmark mode: Single shot invocation time
# Benchmark: com.swirlds.benchmark.MerkleDbSnapshotBenchmark.snapshot
# Parameters: (keySize = 32, maxKey = 100000000, numFiles = 1000, numRecords = 100000, numThreads = 32, recordSize = 128, snapshotMode = UNFORCED, threadsPerLongList = 8, useDiskIndices = false)

# Run progress: 8.33% complete, ETA 00:08:37
# Fork: 1 of 1
WARNING: A terminally deprecated method in sun.misc.Unsafe has been called
WARNING: sun.misc.Unsafe::objectFieldOffset has been called by org.openjdk.jmh.util.Utils (file:/home/nikita.lebedev/hiero-consensus-node/platform-sdk/swirlds-benchmarks/build/libs/swirlds-benchmarks-0.79.0-SNAPSHOT-jmh.jar)
WARNING: Please consider reporting this to the maintainers of class org.openjdk.jmh.util.Utils
WARNING: sun.misc.Unsafe::objectFieldOffset will be removed in a future release
# Warmup Iteration   1: 2026-08-28 11:58:44.115 Benchmark configuration: BenchmarkConfig[benchmarkData=data,saveDataDirectory=true,verifyResult=true,enableSnapshots=false,printHistogram=false,csvOutputFolder=data,csvMetricsFileName=BenchmarkMetrics.csv,csvMetricNamesFileName=BenchmarkMetricNames.csv,csvWriteFrequency=0,csvAppend=true,deviceName=sda]
2026-08-28 11:58:44.117 Build: 3.15.0 (0a5e91a)
2026-08-28 11:58:44.117 Benchmark data directory: /home/nikita.lebedev/hiero-consensus-node/platform-sdk/swirlds-benchmarks/build/tmp/merkledb-snapshot-campaign/run.ydyLKD/data/MerkleDbSnapshotBenchmark
2026-08-28 11:58:45.666 Loaded 262144 hash chunks into the snapshot source cache
2026-08-28 11:58:50.669 Forced snapshot files after return in 3484 ms
1518.356 ms/op
Iteration   1: 2026-08-28 11:58:55.551 Forced snapshot files after return in 3281 ms
1416.678 ms/op
Iteration   2: 2026-08-28 11:59:00.035 Forced snapshot files after return in 2833 ms
1474.442 ms/op
Iteration   3: 2026-08-28 11:59:04.445 Forced snapshot files after return in 2834 ms
1402.432 ms/op


Result "com.swirlds.benchmark.MerkleDbSnapshotBenchmark.snapshot":
  N = 3
  mean =   1431.184 ±(99.9%) 695.693 ms/op

  Histogram, ms/op:
    [1400.000, 1405.000) = 1 
    [1405.000, 1410.000) = 0 
    [1410.000, 1415.000) = 0 
    [1415.000, 1420.000) = 1 
    [1420.000, 1425.000) = 0 
    [1425.000, 1430.000) = 0 
    [1430.000, 1435.000) = 0 
    [1435.000, 1440.000) = 0 
    [1440.000, 1445.000) = 0 
    [1445.000, 1450.000) = 0 
    [1450.000, 1455.000) = 0 
    [1455.000, 1460.000) = 0 
    [1460.000, 1465.000) = 0 
    [1465.000, 1470.000) = 0 
    [1470.000, 1475.000) = 1 

  Percentiles, ms/op:
      p(0.0000) =   1402.432 ms/op
     p(50.0000) =   1416.678 ms/op
     p(90.0000) =   1474.442 ms/op
     p(95.0000) =   1474.442 ms/op
     p(99.0000) =   1474.442 ms/op
     p(99.9000) =   1474.442 ms/op
     p(99.9900) =   1474.442 ms/op
     p(99.9990) =   1474.442 ms/op
     p(99.9999) =   1474.442 ms/op
    p(100.0000) =   1474.442 ms/op


# JMH version: 1.37
# VM version: JDK 25.0.2, OpenJDK 64-Bit Server VM, 25.0.2+10-LTS
# VM invoker: /home/nikita.lebedev/.local/jdks/jdk-25.0.2+10/bin/java
# VM options: -Xms4g -Xmx32g -XX:MaxDirectMemorySize=16g
# Blackhole mode: compiler (auto-detected, use -Djmh.blackhole.autoDetect=false to disable)
# Warmup: 1 iterations, single-shot each
# Measurement: 3 iterations, single-shot each
# Timeout: 60 min per iteration
# Threads: 1 thread
# Benchmark mode: Single shot invocation time
# Benchmark: com.swirlds.benchmark.MerkleDbSnapshotBenchmark.snapshot
# Parameters: (keySize = 32, maxKey = 100000000, numFiles = 1000, numRecords = 100000, numThreads = 32, recordSize = 128, snapshotMode = UNFORCED, threadsPerLongList = 8, useDiskIndices = true)

# Run progress: 12.50% complete, ETA 00:08:02
# Fork: 1 of 1
WARNING: A terminally deprecated method in sun.misc.Unsafe has been called
WARNING: sun.misc.Unsafe::objectFieldOffset has been called by org.openjdk.jmh.util.Utils (file:/home/nikita.lebedev/hiero-consensus-node/platform-sdk/swirlds-benchmarks/build/libs/swirlds-benchmarks-0.79.0-SNAPSHOT-jmh.jar)
WARNING: Please consider reporting this to the maintainers of class org.openjdk.jmh.util.Utils
WARNING: sun.misc.Unsafe::objectFieldOffset will be removed in a future release
# Warmup Iteration   1: 2026-08-28 11:59:05.971 Benchmark configuration: BenchmarkConfig[benchmarkData=data,saveDataDirectory=true,verifyResult=true,enableSnapshots=false,printHistogram=false,csvOutputFolder=data,csvMetricsFileName=BenchmarkMetrics.csv,csvMetricNamesFileName=BenchmarkMetricNames.csv,csvWriteFrequency=0,csvAppend=true,deviceName=sda]
2026-08-28 11:59:05.973 Build: 3.15.0 (0a5e91a)
2026-08-28 11:59:05.973 Benchmark data directory: /home/nikita.lebedev/hiero-consensus-node/platform-sdk/swirlds-benchmarks/build/tmp/merkledb-snapshot-campaign/run.ydyLKD/data/MerkleDbSnapshotBenchmark
2026-08-28 11:59:08.086 Loaded 262144 hash chunks into the snapshot source cache
2026-08-28 11:59:13.287 Forced snapshot files after return in 3207 ms
1993.688 ms/op
Iteration   1: 2026-08-28 11:59:19.319 Forced snapshot files after return in 3938 ms
1910.055 ms/op
Iteration   2: 2026-08-28 11:59:24.120 Forced snapshot files after return in 2808 ms
1817.265 ms/op
Iteration   3: 2026-08-28 11:59:28.957 Forced snapshot files after return in 2836 ms
1829.176 ms/op


Result "com.swirlds.benchmark.MerkleDbSnapshotBenchmark.snapshot":
  N = 3
  mean =   1852.165 ±(99.9%) 921.056 ms/op

  Histogram, ms/op:
    [1810.000, 1820.000) = 1 
    [1820.000, 1830.000) = 1 
    [1830.000, 1840.000) = 0 
    [1840.000, 1850.000) = 0 
    [1850.000, 1860.000) = 0 
    [1860.000, 1870.000) = 0 
    [1870.000, 1880.000) = 0 
    [1880.000, 1890.000) = 0 
    [1890.000, 1900.000) = 0 
    [1900.000, 1910.000) = 0 

  Percentiles, ms/op:
      p(0.0000) =   1817.265 ms/op
     p(50.0000) =   1829.176 ms/op
     p(90.0000) =   1910.055 ms/op
     p(95.0000) =   1910.055 ms/op
     p(99.0000) =   1910.055 ms/op
     p(99.9000) =   1910.055 ms/op
     p(99.9900) =   1910.055 ms/op
     p(99.9990) =   1910.055 ms/op
     p(99.9999) =   1910.055 ms/op
    p(100.0000) =   1910.055 ms/op


# JMH version: 1.37
# VM version: JDK 25.0.2, OpenJDK 64-Bit Server VM, 25.0.2+10-LTS
# VM invoker: /home/nikita.lebedev/.local/jdks/jdk-25.0.2+10/bin/java
# VM options: -Xms4g -Xmx32g -XX:MaxDirectMemorySize=16g
# Blackhole mode: compiler (auto-detected, use -Djmh.blackhole.autoDetect=false to disable)
# Warmup: 1 iterations, single-shot each
# Measurement: 3 iterations, single-shot each
# Timeout: 60 min per iteration
# Threads: 1 thread
# Benchmark mode: Single shot invocation time
# Benchmark: com.swirlds.benchmark.MerkleDbSnapshotBenchmark.snapshot
# Parameters: (keySize = 32, maxKey = 100000000, numFiles = 1000, numRecords = 100000, numThreads = 32, recordSize = 128, snapshotMode = UNFORCED, threadsPerLongList = 1, useDiskIndices = false)

# Run progress: 16.67% complete, ETA 00:07:49
# Fork: 1 of 1
WARNING: A terminally deprecated method in sun.misc.Unsafe has been called
WARNING: sun.misc.Unsafe::objectFieldOffset has been called by org.openjdk.jmh.util.Utils (file:/home/nikita.lebedev/hiero-consensus-node/platform-sdk/swirlds-benchmarks/build/libs/swirlds-benchmarks-0.79.0-SNAPSHOT-jmh.jar)
WARNING: Please consider reporting this to the maintainers of class org.openjdk.jmh.util.Utils
WARNING: sun.misc.Unsafe::objectFieldOffset will be removed in a future release
# Warmup Iteration   1: 2026-08-28 11:59:30.995 Benchmark configuration: BenchmarkConfig[benchmarkData=data,saveDataDirectory=true,verifyResult=true,enableSnapshots=false,printHistogram=false,csvOutputFolder=data,csvMetricsFileName=BenchmarkMetrics.csv,csvMetricNamesFileName=BenchmarkMetricNames.csv,csvWriteFrequency=0,csvAppend=true,deviceName=sda]
2026-08-28 11:59:30.997 Build: 3.15.0 (0a5e91a)
2026-08-28 11:59:30.997 Benchmark data directory: /home/nikita.lebedev/hiero-consensus-node/platform-sdk/swirlds-benchmarks/build/tmp/merkledb-snapshot-campaign/run.ydyLKD/data/MerkleDbSnapshotBenchmark
2026-08-28 11:59:32.464 Loaded 262144 hash chunks into the snapshot source cache
2026-08-28 11:59:37.532 Forced snapshot files after return in 3390 ms
1676.593 ms/op
Iteration   1: 2026-08-28 11:59:42.600 Forced snapshot files after return in 3284 ms
1601.366 ms/op
Iteration   2: 2026-08-28 11:59:47.511 Forced snapshot files after return in 3134 ms
1597.327 ms/op
Iteration   3: 2026-08-28 11:59:52.072 Forced snapshot files after return in 2793 ms
1593.041 ms/op


Result "com.swirlds.benchmark.MerkleDbSnapshotBenchmark.snapshot":
  N = 3
  mean =   1597.245 ±(99.9%) 75.945 ms/op

  Histogram, ms/op:
    [1593.000, 1593.500) = 1 
    [1593.500, 1594.000) = 0 
    [1594.000, 1594.500) = 0 
    [1594.500, 1595.000) = 0 
    [1595.000, 1595.500) = 0 
    [1595.500, 1596.000) = 0 
    [1596.000, 1596.500) = 0 
    [1596.500, 1597.000) = 0 
    [1597.000, 1597.500) = 1 
    [1597.500, 1598.000) = 0 
    [1598.000, 1598.500) = 0 
    [1598.500, 1599.000) = 0 
    [1599.000, 1599.500) = 0 
    [1599.500, 1600.000) = 0 
    [1600.000, 1600.500) = 0 
    [1600.500, 1601.000) = 0 
    [1601.000, 1601.500) = 1 

  Percentiles, ms/op:
      p(0.0000) =   1593.041 ms/op
     p(50.0000) =   1597.327 ms/op
     p(90.0000) =   1601.366 ms/op
     p(95.0000) =   1601.366 ms/op
     p(99.0000) =   1601.366 ms/op
     p(99.9000) =   1601.366 ms/op
     p(99.9900) =   1601.366 ms/op
     p(99.9990) =   1601.366 ms/op
     p(99.9999) =   1601.366 ms/op
    p(100.0000) =   1601.366 ms/op


# JMH version: 1.37
# VM version: JDK 25.0.2, OpenJDK 64-Bit Server VM, 25.0.2+10-LTS
# VM invoker: /home/nikita.lebedev/.local/jdks/jdk-25.0.2+10/bin/java
# VM options: -Xms4g -Xmx32g -XX:MaxDirectMemorySize=16g
# Blackhole mode: compiler (auto-detected, use -Djmh.blackhole.autoDetect=false to disable)
# Warmup: 1 iterations, single-shot each
# Measurement: 3 iterations, single-shot each
# Timeout: 60 min per iteration
# Threads: 1 thread
# Benchmark mode: Single shot invocation time
# Benchmark: com.swirlds.benchmark.MerkleDbSnapshotBenchmark.snapshot
# Parameters: (keySize = 32, maxKey = 100000000, numFiles = 1000, numRecords = 100000, numThreads = 32, recordSize = 128, snapshotMode = UNFORCED, threadsPerLongList = 1, useDiskIndices = true)

# Run progress: 20.83% complete, ETA 00:07:22
# Fork: 1 of 1
WARNING: A terminally deprecated method in sun.misc.Unsafe has been called
WARNING: sun.misc.Unsafe::objectFieldOffset has been called by org.openjdk.jmh.util.Utils (file:/home/nikita.lebedev/hiero-consensus-node/platform-sdk/swirlds-benchmarks/build/libs/swirlds-benchmarks-0.79.0-SNAPSHOT-jmh.jar)
WARNING: Please consider reporting this to the maintainers of class org.openjdk.jmh.util.Utils
WARNING: sun.misc.Unsafe::objectFieldOffset will be removed in a future release
# Warmup Iteration   1: 2026-08-28 11:59:53.549 Benchmark configuration: BenchmarkConfig[benchmarkData=data,saveDataDirectory=true,verifyResult=true,enableSnapshots=false,printHistogram=false,csvOutputFolder=data,csvMetricsFileName=BenchmarkMetrics.csv,csvMetricNamesFileName=BenchmarkMetricNames.csv,csvWriteFrequency=0,csvAppend=true,deviceName=sda]
2026-08-28 11:59:53.551 Build: 3.15.0 (0a5e91a)
2026-08-28 11:59:53.551 Benchmark data directory: /home/nikita.lebedev/hiero-consensus-node/platform-sdk/swirlds-benchmarks/build/tmp/merkledb-snapshot-campaign/run.ydyLKD/data/MerkleDbSnapshotBenchmark
2026-08-28 11:59:55.673 Loaded 262144 hash chunks into the snapshot source cache
2026-08-28 12:00:01.198 Forced snapshot files after return in 3280 ms
2243.828 ms/op
Iteration   1: 2026-08-28 12:00:07.411 Forced snapshot files after return in 3866 ms
2164.357 ms/op
Iteration   2: 2026-08-28 12:00:12.504 Forced snapshot files after return in 2807 ms
2107.573 ms/op
Iteration   3: 2026-08-28 12:00:17.844 Forced snapshot files after return in 3069 ms
2096.709 ms/op


Result "com.swirlds.benchmark.MerkleDbSnapshotBenchmark.snapshot":
  N = 3
  mean =   2122.880 ±(99.9%) 662.778 ms/op

  Histogram, ms/op:
    [2090.000, 2095.000) = 0 
    [2095.000, 2100.000) = 1 
    [2100.000, 2105.000) = 0 
    [2105.000, 2110.000) = 1 
    [2110.000, 2115.000) = 0 
    [2115.000, 2120.000) = 0 
    [2120.000, 2125.000) = 0 
    [2125.000, 2130.000) = 0 
    [2130.000, 2135.000) = 0 
    [2135.000, 2140.000) = 0 
    [2140.000, 2145.000) = 0 
    [2145.000, 2150.000) = 0 
    [2150.000, 2155.000) = 0 
    [2155.000, 2160.000) = 0 
    [2160.000, 2165.000) = 1 

  Percentiles, ms/op:
      p(0.0000) =   2096.709 ms/op
     p(50.0000) =   2107.573 ms/op
     p(90.0000) =   2164.357 ms/op
     p(95.0000) =   2164.357 ms/op
     p(99.0000) =   2164.357 ms/op
     p(99.9000) =   2164.357 ms/op
     p(99.9900) =   2164.357 ms/op
     p(99.9990) =   2164.357 ms/op
     p(99.9999) =   2164.357 ms/op
    p(100.0000) =   2164.357 ms/op


# JMH version: 1.37
# VM version: JDK 25.0.2, OpenJDK 64-Bit Server VM, 25.0.2+10-LTS
# VM invoker: /home/nikita.lebedev/.local/jdks/jdk-25.0.2+10/bin/java
# VM options: -Xms4g -Xmx32g -XX:MaxDirectMemorySize=16g
# Blackhole mode: compiler (auto-detected, use -Djmh.blackhole.autoDetect=false to disable)
# Warmup: 1 iterations, single-shot each
# Measurement: 3 iterations, single-shot each
# Timeout: 60 min per iteration
# Threads: 1 thread
# Benchmark mode: Single shot invocation time
# Benchmark: com.swirlds.benchmark.MerkleDbSnapshotBenchmark.snapshot
# Parameters: (keySize = 32, maxKey = 100000000, numFiles = 1000, numRecords = 100000, numThreads = 32, recordSize = 128, snapshotMode = FORCED_OVERLAP, threadsPerLongList = 2, useDiskIndices = false)

# Run progress: 25.00% complete, ETA 00:07:08
# Fork: 1 of 1
WARNING: A terminally deprecated method in sun.misc.Unsafe has been called
WARNING: sun.misc.Unsafe::objectFieldOffset has been called by org.openjdk.jmh.util.Utils (file:/home/nikita.lebedev/hiero-consensus-node/platform-sdk/swirlds-benchmarks/build/libs/swirlds-benchmarks-0.79.0-SNAPSHOT-jmh.jar)
WARNING: Please consider reporting this to the maintainers of class org.openjdk.jmh.util.Utils
WARNING: sun.misc.Unsafe::objectFieldOffset will be removed in a future release
# Warmup Iteration   1: 2026-08-28 12:00:19.812 Benchmark configuration: BenchmarkConfig[benchmarkData=data,saveDataDirectory=true,verifyResult=true,enableSnapshots=false,printHistogram=false,csvOutputFolder=data,csvMetricsFileName=BenchmarkMetrics.csv,csvMetricNamesFileName=BenchmarkMetricNames.csv,csvWriteFrequency=0,csvAppend=true,deviceName=sda]
2026-08-28 12:00:19.814 Build: 3.15.0 (0a5e91a)
2026-08-28 12:00:19.814 Benchmark data directory: /home/nikita.lebedev/hiero-consensus-node/platform-sdk/swirlds-benchmarks/build/tmp/merkledb-snapshot-campaign/run.ydyLKD/data/MerkleDbSnapshotBenchmark
2026-08-28 12:00:21.385 Loaded 262144 hash chunks into the snapshot source cache
2026-08-28 12:00:25.517 Forced snapshot files after return in 1612 ms
2519.139 ms/op
Iteration   1: 2026-08-28 12:00:29.242 Forced snapshot files after return in 1290 ms
2251.725 ms/op
Iteration   2: 2026-08-28 12:00:32.689 Forced snapshot files after return in 1157 ms
2111.522 ms/op
Iteration   3: 2026-08-28 12:00:35.940 Forced snapshot files after return in 1124 ms
1950.052 ms/op


Result "com.swirlds.benchmark.MerkleDbSnapshotBenchmark.snapshot":
  N = 3
  mean =   2104.433 ±(99.9%) 2754.101 ms/op

  Histogram, ms/op:
    [1900.000, 1925.000) = 0 
    [1925.000, 1950.000) = 0 
    [1950.000, 1975.000) = 1 
    [1975.000, 2000.000) = 0 
    [2000.000, 2025.000) = 0 
    [2025.000, 2050.000) = 0 
    [2050.000, 2075.000) = 0 
    [2075.000, 2100.000) = 0 
    [2100.000, 2125.000) = 1 
    [2125.000, 2150.000) = 0 
    [2150.000, 2175.000) = 0 
    [2175.000, 2200.000) = 0 
    [2200.000, 2225.000) = 0 
    [2225.000, 2250.000) = 0 
    [2250.000, 2275.000) = 1 

  Percentiles, ms/op:
      p(0.0000) =   1950.052 ms/op
     p(50.0000) =   2111.522 ms/op
     p(90.0000) =   2251.725 ms/op
     p(95.0000) =   2251.725 ms/op
     p(99.0000) =   2251.725 ms/op
     p(99.9000) =   2251.725 ms/op
     p(99.9900) =   2251.725 ms/op
     p(99.9990) =   2251.725 ms/op
     p(99.9999) =   2251.725 ms/op
    p(100.0000) =   2251.725 ms/op


# JMH version: 1.37
# VM version: JDK 25.0.2, OpenJDK 64-Bit Server VM, 25.0.2+10-LTS
# VM invoker: /home/nikita.lebedev/.local/jdks/jdk-25.0.2+10/bin/java
# VM options: -Xms4g -Xmx32g -XX:MaxDirectMemorySize=16g
# Blackhole mode: compiler (auto-detected, use -Djmh.blackhole.autoDetect=false to disable)
# Warmup: 1 iterations, single-shot each
# Measurement: 3 iterations, single-shot each
# Timeout: 60 min per iteration
# Threads: 1 thread
# Benchmark mode: Single shot invocation time
# Benchmark: com.swirlds.benchmark.MerkleDbSnapshotBenchmark.snapshot
# Parameters: (keySize = 32, maxKey = 100000000, numFiles = 1000, numRecords = 100000, numThreads = 32, recordSize = 128, snapshotMode = FORCED_OVERLAP, threadsPerLongList = 2, useDiskIndices = true)

# Run progress: 29.17% complete, ETA 00:06:29
# Fork: 1 of 1
WARNING: A terminally deprecated method in sun.misc.Unsafe has been called
WARNING: sun.misc.Unsafe::objectFieldOffset has been called by org.openjdk.jmh.util.Utils (file:/home/nikita.lebedev/hiero-consensus-node/platform-sdk/swirlds-benchmarks/build/libs/swirlds-benchmarks-0.79.0-SNAPSHOT-jmh.jar)
WARNING: Please consider reporting this to the maintainers of class org.openjdk.jmh.util.Utils
WARNING: sun.misc.Unsafe::objectFieldOffset will be removed in a future release
# Warmup Iteration   1: 2026-08-28 12:00:37.419 Benchmark configuration: BenchmarkConfig[benchmarkData=data,saveDataDirectory=true,verifyResult=true,enableSnapshots=false,printHistogram=false,csvOutputFolder=data,csvMetricsFileName=BenchmarkMetrics.csv,csvMetricNamesFileName=BenchmarkMetricNames.csv,csvWriteFrequency=0,csvAppend=true,deviceName=sda]
2026-08-28 12:00:37.421 Build: 3.15.0 (0a5e91a)
2026-08-28 12:00:37.421 Benchmark data directory: /home/nikita.lebedev/hiero-consensus-node/platform-sdk/swirlds-benchmarks/build/tmp/merkledb-snapshot-campaign/run.ydyLKD/data/MerkleDbSnapshotBenchmark
2026-08-28 12:00:39.539 Loaded 262144 hash chunks into the snapshot source cache
2026-08-28 12:00:42.613 Forced snapshot files after return in 1128 ms
1945.880 ms/op
Iteration   1: 2026-08-28 12:00:46.296 Forced snapshot files after return in 1415 ms
2083.929 ms/op
Iteration   2: 2026-08-28 12:00:49.556 Forced snapshot files after return in 1131 ms
1951.471 ms/op
Iteration   3: 2026-08-28 12:00:52.898 Forced snapshot files after return in 1156 ms
2009.874 ms/op


Result "com.swirlds.benchmark.MerkleDbSnapshotBenchmark.snapshot":
  N = 3
  mean =   2015.091 ±(99.9%) 1211.073 ms/op

  Histogram, ms/op:
    [1900.000, 1912.500) = 0 
    [1912.500, 1925.000) = 0 
    [1925.000, 1937.500) = 0 
    [1937.500, 1950.000) = 0 
    [1950.000, 1962.500) = 1 
    [1962.500, 1975.000) = 0 
    [1975.000, 1987.500) = 0 
    [1987.500, 2000.000) = 0 
    [2000.000, 2012.500) = 1 
    [2012.500, 2025.000) = 0 
    [2025.000, 2037.500) = 0 
    [2037.500, 2050.000) = 0 
    [2050.000, 2062.500) = 0 
    [2062.500, 2075.000) = 0 
    [2075.000, 2087.500) = 1 

  Percentiles, ms/op:
      p(0.0000) =   1951.471 ms/op
     p(50.0000) =   2009.874 ms/op
     p(90.0000) =   2083.929 ms/op
     p(95.0000) =   2083.929 ms/op
     p(99.0000) =   2083.929 ms/op
     p(99.9000) =   2083.929 ms/op
     p(99.9900) =   2083.929 ms/op
     p(99.9990) =   2083.929 ms/op
     p(99.9999) =   2083.929 ms/op
    p(100.0000) =   2083.929 ms/op


# JMH version: 1.37
# VM version: JDK 25.0.2, OpenJDK 64-Bit Server VM, 25.0.2+10-LTS
# VM invoker: /home/nikita.lebedev/.local/jdks/jdk-25.0.2+10/bin/java
# VM options: -Xms4g -Xmx32g -XX:MaxDirectMemorySize=16g
# Blackhole mode: compiler (auto-detected, use -Djmh.blackhole.autoDetect=false to disable)
# Warmup: 1 iterations, single-shot each
# Measurement: 3 iterations, single-shot each
# Timeout: 60 min per iteration
# Threads: 1 thread
# Benchmark mode: Single shot invocation time
# Benchmark: com.swirlds.benchmark.MerkleDbSnapshotBenchmark.snapshot
# Parameters: (keySize = 32, maxKey = 100000000, numFiles = 1000, numRecords = 100000, numThreads = 32, recordSize = 128, snapshotMode = FORCED_OVERLAP, threadsPerLongList = 8, useDiskIndices = false)

# Run progress: 33.33% complete, ETA 00:05:59
# Fork: 1 of 1
WARNING: A terminally deprecated method in sun.misc.Unsafe has been called
WARNING: sun.misc.Unsafe::objectFieldOffset has been called by org.openjdk.jmh.util.Utils (file:/home/nikita.lebedev/hiero-consensus-node/platform-sdk/swirlds-benchmarks/build/libs/swirlds-benchmarks-0.79.0-SNAPSHOT-jmh.jar)
WARNING: Please consider reporting this to the maintainers of class org.openjdk.jmh.util.Utils
WARNING: sun.misc.Unsafe::objectFieldOffset will be removed in a future release
# Warmup Iteration   1: 2026-08-28 12:00:56.595 Benchmark configuration: BenchmarkConfig[benchmarkData=data,saveDataDirectory=true,verifyResult=true,enableSnapshots=false,printHistogram=false,csvOutputFolder=data,csvMetricsFileName=BenchmarkMetrics.csv,csvMetricNamesFileName=BenchmarkMetricNames.csv,csvWriteFrequency=0,csvAppend=true,deviceName=sda]
2026-08-28 12:00:56.597 Build: 3.15.0 (0a5e91a)
2026-08-28 12:00:56.598 Benchmark data directory: /home/nikita.lebedev/hiero-consensus-node/platform-sdk/swirlds-benchmarks/build/tmp/merkledb-snapshot-campaign/run.ydyLKD/data/MerkleDbSnapshotBenchmark
2026-08-28 12:00:58.151 Loaded 262144 hash chunks into the snapshot source cache
2026-08-28 12:01:01.198 Forced snapshot files after return in 1128 ms
1917.816 ms/op
Iteration   1: 2026-08-28 12:01:04.428 Forced snapshot files after return in 1139 ms
1906.647 ms/op
Iteration   2: 2026-08-28 12:01:07.705 Forced snapshot files after return in 1153 ms
1944.866 ms/op
Iteration   3: 2026-08-28 12:01:10.924 Forced snapshot files after return in 1125 ms
1916.736 ms/op


Result "com.swirlds.benchmark.MerkleDbSnapshotBenchmark.snapshot":
  N = 3
  mean =   1922.749 ±(99.9%) 361.342 ms/op

  Histogram, ms/op:
    [1900.000, 1905.000) = 0 
    [1905.000, 1910.000) = 1 
    [1910.000, 1915.000) = 0 
    [1915.000, 1920.000) = 1 
    [1920.000, 1925.000) = 0 
    [1925.000, 1930.000) = 0 
    [1930.000, 1935.000) = 0 
    [1935.000, 1940.000) = 0 
    [1940.000, 1945.000) = 1 

  Percentiles, ms/op:
      p(0.0000) =   1906.647 ms/op
     p(50.0000) =   1916.736 ms/op
     p(90.0000) =   1944.866 ms/op
     p(95.0000) =   1944.866 ms/op
     p(99.0000) =   1944.866 ms/op
     p(99.9000) =   1944.866 ms/op
     p(99.9900) =   1944.866 ms/op
     p(99.9990) =   1944.866 ms/op
     p(99.9999) =   1944.866 ms/op
    p(100.0000) =   1944.866 ms/op


# JMH version: 1.37
# VM version: JDK 25.0.2, OpenJDK 64-Bit Server VM, 25.0.2+10-LTS
# VM invoker: /home/nikita.lebedev/.local/jdks/jdk-25.0.2+10/bin/java
# VM options: -Xms4g -Xmx32g -XX:MaxDirectMemorySize=16g
# Blackhole mode: compiler (auto-detected, use -Djmh.blackhole.autoDetect=false to disable)
# Warmup: 1 iterations, single-shot each
# Measurement: 3 iterations, single-shot each
# Timeout: 60 min per iteration
# Threads: 1 thread
# Benchmark mode: Single shot invocation time
# Benchmark: com.swirlds.benchmark.MerkleDbSnapshotBenchmark.snapshot
# Parameters: (keySize = 32, maxKey = 100000000, numFiles = 1000, numRecords = 100000, numThreads = 32, recordSize = 128, snapshotMode = FORCED_OVERLAP, threadsPerLongList = 8, useDiskIndices = true)

# Run progress: 37.50% complete, ETA 00:05:25
# Fork: 1 of 1
WARNING: A terminally deprecated method in sun.misc.Unsafe has been called
WARNING: sun.misc.Unsafe::objectFieldOffset has been called by org.openjdk.jmh.util.Utils (file:/home/nikita.lebedev/hiero-consensus-node/platform-sdk/swirlds-benchmarks/build/libs/swirlds-benchmarks-0.79.0-SNAPSHOT-jmh.jar)
WARNING: Please consider reporting this to the maintainers of class org.openjdk.jmh.util.Utils
WARNING: sun.misc.Unsafe::objectFieldOffset will be removed in a future release
# Warmup Iteration   1: 2026-08-28 12:01:12.450 Benchmark configuration: BenchmarkConfig[benchmarkData=data,saveDataDirectory=true,verifyResult=true,enableSnapshots=false,printHistogram=false,csvOutputFolder=data,csvMetricsFileName=BenchmarkMetrics.csv,csvMetricNamesFileName=BenchmarkMetricNames.csv,csvWriteFrequency=0,csvAppend=true,deviceName=sda]
2026-08-28 12:01:12.452 Build: 3.15.0 (0a5e91a)
2026-08-28 12:01:12.452 Benchmark data directory: /home/nikita.lebedev/hiero-consensus-node/platform-sdk/swirlds-benchmarks/build/tmp/merkledb-snapshot-campaign/run.ydyLKD/data/MerkleDbSnapshotBenchmark
2026-08-28 12:01:14.560 Loaded 262144 hash chunks into the snapshot source cache
2026-08-28 12:01:17.625 Forced snapshot files after return in 1135 ms
1929.099 ms/op
Iteration   1: 2026-08-28 12:01:20.928 Forced snapshot files after return in 1150 ms
1969.903 ms/op
Iteration   2: 2026-08-28 12:01:24.210 Forced snapshot files after return in 1155 ms
1950.019 ms/op
Iteration   3: 2026-08-28 12:01:27.437 Forced snapshot files after return in 1136 ms
1916.318 ms/op


Result "com.swirlds.benchmark.MerkleDbSnapshotBenchmark.snapshot":
  N = 3
  mean =   1945.413 ±(99.9%) 494.180 ms/op

  Histogram, ms/op:
    [1910.000, 1915.000) = 0 
    [1915.000, 1920.000) = 1 
    [1920.000, 1925.000) = 0 
    [1925.000, 1930.000) = 0 
    [1930.000, 1935.000) = 0 
    [1935.000, 1940.000) = 0 
    [1940.000, 1945.000) = 0 
    [1945.000, 1950.000) = 0 
    [1950.000, 1955.000) = 1 
    [1955.000, 1960.000) = 0 
    [1960.000, 1965.000) = 0 

  Percentiles, ms/op:
      p(0.0000) =   1916.318 ms/op
     p(50.0000) =   1950.019 ms/op
     p(90.0000) =   1969.903 ms/op
     p(95.0000) =   1969.903 ms/op
     p(99.0000) =   1969.903 ms/op
     p(99.9000) =   1969.903 ms/op
     p(99.9900) =   1969.903 ms/op
     p(99.9990) =   1969.903 ms/op
     p(99.9999) =   1969.903 ms/op
    p(100.0000) =   1969.903 ms/op


# JMH version: 1.37
# VM version: JDK 25.0.2, OpenJDK 64-Bit Server VM, 25.0.2+10-LTS
# VM invoker: /home/nikita.lebedev/.local/jdks/jdk-25.0.2+10/bin/java
# VM options: -Xms4g -Xmx32g -XX:MaxDirectMemorySize=16g
# Blackhole mode: compiler (auto-detected, use -Djmh.blackhole.autoDetect=false to disable)
# Warmup: 1 iterations, single-shot each
# Measurement: 3 iterations, single-shot each
# Timeout: 60 min per iteration
# Threads: 1 thread
# Benchmark mode: Single shot invocation time
# Benchmark: com.swirlds.benchmark.MerkleDbSnapshotBenchmark.snapshot
# Parameters: (keySize = 32, maxKey = 100000000, numFiles = 1000, numRecords = 100000, numThreads = 32, recordSize = 128, snapshotMode = FORCED_OVERLAP, threadsPerLongList = 1, useDiskIndices = false)

# Run progress: 41.67% complete, ETA 00:04:59
# Fork: 1 of 1
WARNING: A terminally deprecated method in sun.misc.Unsafe has been called
WARNING: sun.misc.Unsafe::objectFieldOffset has been called by org.openjdk.jmh.util.Utils (file:/home/nikita.lebedev/hiero-consensus-node/platform-sdk/swirlds-benchmarks/build/libs/swirlds-benchmarks-0.79.0-SNAPSHOT-jmh.jar)
WARNING: Please consider reporting this to the maintainers of class org.openjdk.jmh.util.Utils
WARNING: sun.misc.Unsafe::objectFieldOffset will be removed in a future release
# Warmup Iteration   1: 2026-08-28 12:01:31.178 Benchmark configuration: BenchmarkConfig[benchmarkData=data,saveDataDirectory=true,verifyResult=true,enableSnapshots=false,printHistogram=false,csvOutputFolder=data,csvMetricsFileName=BenchmarkMetrics.csv,csvMetricNamesFileName=BenchmarkMetricNames.csv,csvWriteFrequency=0,csvAppend=true,deviceName=sda]
2026-08-28 12:01:31.180 Build: 3.15.0 (0a5e91a)
2026-08-28 12:01:31.180 Benchmark data directory: /home/nikita.lebedev/hiero-consensus-node/platform-sdk/swirlds-benchmarks/build/tmp/merkledb-snapshot-campaign/run.ydyLKD/data/MerkleDbSnapshotBenchmark
2026-08-28 12:01:32.780 Loaded 262144 hash chunks into the snapshot source cache
2026-08-28 12:01:35.932 Forced snapshot files after return in 1146 ms
2005.774 ms/op
Iteration   1: 2026-08-28 12:01:39.274 Forced snapshot files after return in 1122 ms
2035.463 ms/op
Iteration   2: 2026-08-28 12:01:42.657 Forced snapshot files after return in 1142 ms
2061.980 ms/op
Iteration   3: 2026-08-28 12:01:45.994 Forced snapshot files after return in 1123 ms
2036.776 ms/op


Result "com.swirlds.benchmark.MerkleDbSnapshotBenchmark.snapshot":
  N = 3
  mean =   2044.740 ±(99.9%) 272.647 ms/op

  Histogram, ms/op:
    [2030.000, 2032.500) = 0 
    [2032.500, 2035.000) = 0 
    [2035.000, 2037.500) = 2 
    [2037.500, 2040.000) = 0 
    [2040.000, 2042.500) = 0 
    [2042.500, 2045.000) = 0 
    [2045.000, 2047.500) = 0 
    [2047.500, 2050.000) = 0 
    [2050.000, 2052.500) = 0 
    [2052.500, 2055.000) = 0 
    [2055.000, 2057.500) = 0 
    [2057.500, 2060.000) = 0 
    [2060.000, 2062.500) = 1 
    [2062.500, 2065.000) = 0 
    [2065.000, 2067.500) = 0 

  Percentiles, ms/op:
      p(0.0000) =   2035.463 ms/op
     p(50.0000) =   2036.776 ms/op
     p(90.0000) =   2061.980 ms/op
     p(95.0000) =   2061.980 ms/op
     p(99.0000) =   2061.980 ms/op
     p(99.9000) =   2061.980 ms/op
     p(99.9900) =   2061.980 ms/op
     p(99.9990) =   2061.980 ms/op
     p(99.9999) =   2061.980 ms/op
    p(100.0000) =   2061.980 ms/op


# JMH version: 1.37
# VM version: JDK 25.0.2, OpenJDK 64-Bit Server VM, 25.0.2+10-LTS
# VM invoker: /home/nikita.lebedev/.local/jdks/jdk-25.0.2+10/bin/java
# VM options: -Xms4g -Xmx32g -XX:MaxDirectMemorySize=16g
# Blackhole mode: compiler (auto-detected, use -Djmh.blackhole.autoDetect=false to disable)
# Warmup: 1 iterations, single-shot each
# Measurement: 3 iterations, single-shot each
# Timeout: 60 min per iteration
# Threads: 1 thread
# Benchmark mode: Single shot invocation time
# Benchmark: com.swirlds.benchmark.MerkleDbSnapshotBenchmark.snapshot
# Parameters: (keySize = 32, maxKey = 100000000, numFiles = 1000, numRecords = 100000, numThreads = 32, recordSize = 128, snapshotMode = FORCED_OVERLAP, threadsPerLongList = 1, useDiskIndices = true)

# Run progress: 45.83% complete, ETA 00:04:32
# Fork: 1 of 1
WARNING: A terminally deprecated method in sun.misc.Unsafe has been called
WARNING: sun.misc.Unsafe::objectFieldOffset has been called by org.openjdk.jmh.util.Utils (file:/home/nikita.lebedev/hiero-consensus-node/platform-sdk/swirlds-benchmarks/build/libs/swirlds-benchmarks-0.79.0-SNAPSHOT-jmh.jar)
WARNING: Please consider reporting this to the maintainers of class org.openjdk.jmh.util.Utils
WARNING: sun.misc.Unsafe::objectFieldOffset will be removed in a future release
# Warmup Iteration   1: 2026-08-28 12:01:47.448 Benchmark configuration: BenchmarkConfig[benchmarkData=data,saveDataDirectory=true,verifyResult=true,enableSnapshots=false,printHistogram=false,csvOutputFolder=data,csvMetricsFileName=BenchmarkMetrics.csv,csvMetricNamesFileName=BenchmarkMetricNames.csv,csvWriteFrequency=0,csvAppend=true,deviceName=sda]
2026-08-28 12:01:47.450 Build: 3.15.0 (0a5e91a)
2026-08-28 12:01:47.450 Benchmark data directory: /home/nikita.lebedev/hiero-consensus-node/platform-sdk/swirlds-benchmarks/build/tmp/merkledb-snapshot-campaign/run.ydyLKD/data/MerkleDbSnapshotBenchmark
2026-08-28 12:01:49.796 Loaded 262144 hash chunks into the snapshot source cache
2026-08-28 12:01:53.085 Forced snapshot files after return in 1131 ms
2157.911 ms/op
Iteration   1: 2026-08-28 12:01:57.249 Forced snapshot files after return in 1141 ms
2840.683 ms/op
Iteration   2: 2026-08-28 12:02:01.863 Forced snapshot files after return in 1985 ms
2451.895 ms/op
Iteration   3: 2026-08-28 12:02:05.429 Forced snapshot files after return in 1137 ms
2245.914 ms/op


Result "com.swirlds.benchmark.MerkleDbSnapshotBenchmark.snapshot":
  N = 3
  mean =   2512.831 ±(99.9%) 5510.161 ms/op

  Histogram, ms/op:
    [2200.000, 2250.000) = 1 
    [2250.000, 2300.000) = 0 
    [2300.000, 2350.000) = 0 
    [2350.000, 2400.000) = 0 
    [2400.000, 2450.000) = 0 
    [2450.000, 2500.000) = 1 
    [2500.000, 2550.000) = 0 
    [2550.000, 2600.000) = 0 
    [2600.000, 2650.000) = 0 
    [2650.000, 2700.000) = 0 
    [2700.000, 2750.000) = 0 
    [2750.000, 2800.000) = 0 
    [2800.000, 2850.000) = 1 

  Percentiles, ms/op:
      p(0.0000) =   2245.914 ms/op
     p(50.0000) =   2451.895 ms/op
     p(90.0000) =   2840.683 ms/op
     p(95.0000) =   2840.683 ms/op
     p(99.0000) =   2840.683 ms/op
     p(99.9000) =   2840.683 ms/op
     p(99.9900) =   2840.683 ms/op
     p(99.9990) =   2840.683 ms/op
     p(99.9999) =   2840.683 ms/op
    p(100.0000) =   2840.683 ms/op


# JMH version: 1.37
# VM version: JDK 25.0.2, OpenJDK 64-Bit Server VM, 25.0.2+10-LTS
# VM invoker: /home/nikita.lebedev/.local/jdks/jdk-25.0.2+10/bin/java
# VM options: -Xms4g -Xmx32g -XX:MaxDirectMemorySize=16g
# Blackhole mode: compiler (auto-detected, use -Djmh.blackhole.autoDetect=false to disable)
# Warmup: 1 iterations, single-shot each
# Measurement: 3 iterations, single-shot each
# Timeout: 60 min per iteration
# Threads: 1 thread
# Benchmark mode: Single shot invocation time
# Benchmark: com.swirlds.benchmark.MerkleDbSnapshotBenchmark.snapshot
# Parameters: (keySize = 32, maxKey = 100000000, numFiles = 1000, numRecords = 100000, numThreads = 32, recordSize = 128, snapshotMode = FORCED, threadsPerLongList = 2, useDiskIndices = false)

# Run progress: 50.00% complete, ETA 00:04:10
# Fork: 1 of 1
WARNING: A terminally deprecated method in sun.misc.Unsafe has been called
WARNING: sun.misc.Unsafe::objectFieldOffset has been called by org.openjdk.jmh.util.Utils (file:/home/nikita.lebedev/hiero-consensus-node/platform-sdk/swirlds-benchmarks/build/libs/swirlds-benchmarks-0.79.0-SNAPSHOT-jmh.jar)
WARNING: Please consider reporting this to the maintainers of class org.openjdk.jmh.util.Utils
WARNING: sun.misc.Unsafe::objectFieldOffset will be removed in a future release
# Warmup Iteration   1: 2026-08-28 12:02:07.404 Benchmark configuration: BenchmarkConfig[benchmarkData=data,saveDataDirectory=true,verifyResult=true,enableSnapshots=false,printHistogram=false,csvOutputFolder=data,csvMetricsFileName=BenchmarkMetrics.csv,csvMetricNamesFileName=BenchmarkMetricNames.csv,csvWriteFrequency=0,csvAppend=true,deviceName=sda]
2026-08-28 12:02:07.407 Build: 3.15.0 (0a5e91a)
2026-08-28 12:02:07.407 Benchmark data directory: /home/nikita.lebedev/hiero-consensus-node/platform-sdk/swirlds-benchmarks/build/tmp/merkledb-snapshot-campaign/run.ydyLKD/data/MerkleDbSnapshotBenchmark
2026-08-28 12:02:08.908 Loaded 262144 hash chunks into the snapshot source cache
2026-08-28 12:02:13.065 Forced snapshot files after return in 1324 ms
2832.105 ms/op
Iteration   1: 2026-08-28 12:02:17.379 Forced snapshot files after return in 1142 ms
2989.385 ms/op
Iteration   2: 2026-08-28 12:02:21.730 Forced snapshot files after return in 1172 ms
3000.667 ms/op
Iteration   3: 2026-08-28 12:02:26.016 Forced snapshot files after return in 1137 ms
2975.860 ms/op


Result "com.swirlds.benchmark.MerkleDbSnapshotBenchmark.snapshot":
  N = 3
  mean =   2988.637 ±(99.9%) 226.599 ms/op

  Histogram, ms/op:
    [2970.000, 2972.500) = 0 
    [2972.500, 2975.000) = 0 
    [2975.000, 2977.500) = 1 
    [2977.500, 2980.000) = 0 
    [2980.000, 2982.500) = 0 
    [2982.500, 2985.000) = 0 
    [2985.000, 2987.500) = 0 
    [2987.500, 2990.000) = 1 
    [2990.000, 2992.500) = 0 
    [2992.500, 2995.000) = 0 
    [2995.000, 2997.500) = 0 
    [2997.500, 3000.000) = 0 
    [3000.000, 3002.500) = 1 
    [3002.500, 3005.000) = 0 
    [3005.000, 3007.500) = 0 

  Percentiles, ms/op:
      p(0.0000) =   2975.860 ms/op
     p(50.0000) =   2989.385 ms/op
     p(90.0000) =   3000.667 ms/op
     p(95.0000) =   3000.667 ms/op
     p(99.0000) =   3000.667 ms/op
     p(99.9000) =   3000.667 ms/op
     p(99.9900) =   3000.667 ms/op
     p(99.9990) =   3000.667 ms/op
     p(99.9999) =   3000.667 ms/op
    p(100.0000) =   3000.667 ms/op


# JMH version: 1.37
# VM version: JDK 25.0.2, OpenJDK 64-Bit Server VM, 25.0.2+10-LTS
# VM invoker: /home/nikita.lebedev/.local/jdks/jdk-25.0.2+10/bin/java
# VM options: -Xms4g -Xmx32g -XX:MaxDirectMemorySize=16g
# Blackhole mode: compiler (auto-detected, use -Djmh.blackhole.autoDetect=false to disable)
# Warmup: 1 iterations, single-shot each
# Measurement: 3 iterations, single-shot each
# Timeout: 60 min per iteration
# Threads: 1 thread
# Benchmark mode: Single shot invocation time
# Benchmark: com.swirlds.benchmark.MerkleDbSnapshotBenchmark.snapshot
# Parameters: (keySize = 32, maxKey = 100000000, numFiles = 1000, numRecords = 100000, numThreads = 32, recordSize = 128, snapshotMode = FORCED, threadsPerLongList = 2, useDiskIndices = true)

# Run progress: 54.17% complete, ETA 00:03:48
# Fork: 1 of 1
WARNING: A terminally deprecated method in sun.misc.Unsafe has been called
WARNING: sun.misc.Unsafe::objectFieldOffset has been called by org.openjdk.jmh.util.Utils (file:/home/nikita.lebedev/hiero-consensus-node/platform-sdk/swirlds-benchmarks/build/libs/swirlds-benchmarks-0.79.0-SNAPSHOT-jmh.jar)
WARNING: Please consider reporting this to the maintainers of class org.openjdk.jmh.util.Utils
WARNING: sun.misc.Unsafe::objectFieldOffset will be removed in a future release
# Warmup Iteration   1: 2026-08-28 12:02:27.470 Benchmark configuration: BenchmarkConfig[benchmarkData=data,saveDataDirectory=true,verifyResult=true,enableSnapshots=false,printHistogram=false,csvOutputFolder=data,csvMetricsFileName=BenchmarkMetrics.csv,csvMetricNamesFileName=BenchmarkMetricNames.csv,csvWriteFrequency=0,csvAppend=true,deviceName=sda]
2026-08-28 12:02:27.472 Build: 3.15.0 (0a5e91a)
2026-08-28 12:02:27.472 Benchmark data directory: /home/nikita.lebedev/hiero-consensus-node/platform-sdk/swirlds-benchmarks/build/tmp/merkledb-snapshot-campaign/run.ydyLKD/data/MerkleDbSnapshotBenchmark
2026-08-28 12:02:29.597 Loaded 262144 hash chunks into the snapshot source cache
2026-08-28 12:02:34.443 Forced snapshot files after return in 1132 ms
3714.131 ms/op
Iteration   1: 2026-08-28 12:02:40.074 Forced snapshot files after return in 1922 ms
3526.076 ms/op
Iteration   2: 2026-08-28 12:02:44.734 Forced snapshot files after return in 1136 ms
3348.153 ms/op
Iteration   3: 2026-08-28 12:02:49.121 Forced snapshot files after return in 1129 ms
3085.992 ms/op


Result "com.swirlds.benchmark.MerkleDbSnapshotBenchmark.snapshot":
  N = 3
  mean =   3320.074 ±(99.9%) 4038.820 ms/op

  Histogram, ms/op:
    [3000.000, 3050.000) = 0 
    [3050.000, 3100.000) = 1 
    [3100.000, 3150.000) = 0 
    [3150.000, 3200.000) = 0 
    [3200.000, 3250.000) = 0 
    [3250.000, 3300.000) = 0 
    [3300.000, 3350.000) = 1 
    [3350.000, 3400.000) = 0 
    [3400.000, 3450.000) = 0 
    [3450.000, 3500.000) = 0 
    [3500.000, 3550.000) = 1 

  Percentiles, ms/op:
      p(0.0000) =   3085.992 ms/op
     p(50.0000) =   3348.153 ms/op
     p(90.0000) =   3526.076 ms/op
     p(95.0000) =   3526.076 ms/op
     p(99.0000) =   3526.076 ms/op
     p(99.9000) =   3526.076 ms/op
     p(99.9900) =   3526.076 ms/op
     p(99.9990) =   3526.076 ms/op
     p(99.9999) =   3526.076 ms/op
    p(100.0000) =   3526.076 ms/op


# JMH version: 1.37
# VM version: JDK 25.0.2, OpenJDK 64-Bit Server VM, 25.0.2+10-LTS
# VM invoker: /home/nikita.lebedev/.local/jdks/jdk-25.0.2+10/bin/java
# VM options: -Xms4g -Xmx32g -XX:MaxDirectMemorySize=16g
# Blackhole mode: compiler (auto-detected, use -Djmh.blackhole.autoDetect=false to disable)
# Warmup: 1 iterations, single-shot each
# Measurement: 3 iterations, single-shot each
# Timeout: 60 min per iteration
# Threads: 1 thread
# Benchmark mode: Single shot invocation time
# Benchmark: com.swirlds.benchmark.MerkleDbSnapshotBenchmark.snapshot
# Parameters: (keySize = 32, maxKey = 100000000, numFiles = 1000, numRecords = 100000, numThreads = 32, recordSize = 128, snapshotMode = FORCED, threadsPerLongList = 8, useDiskIndices = false)

# Run progress: 58.33% complete, ETA 00:03:30
# Fork: 1 of 1
WARNING: A terminally deprecated method in sun.misc.Unsafe has been called
WARNING: sun.misc.Unsafe::objectFieldOffset has been called by org.openjdk.jmh.util.Utils (file:/home/nikita.lebedev/hiero-consensus-node/platform-sdk/swirlds-benchmarks/build/libs/swirlds-benchmarks-0.79.0-SNAPSHOT-jmh.jar)
WARNING: Please consider reporting this to the maintainers of class org.openjdk.jmh.util.Utils
WARNING: sun.misc.Unsafe::objectFieldOffset will be removed in a future release
# Warmup Iteration   1: 2026-08-28 12:02:51.137 Benchmark configuration: BenchmarkConfig[benchmarkData=data,saveDataDirectory=true,verifyResult=true,enableSnapshots=false,printHistogram=false,csvOutputFolder=data,csvMetricsFileName=BenchmarkMetrics.csv,csvMetricNamesFileName=BenchmarkMetricNames.csv,csvWriteFrequency=0,csvAppend=true,deviceName=sda]
2026-08-28 12:02:51.139 Build: 3.15.0 (0a5e91a)
2026-08-28 12:02:51.139 Benchmark data directory: /home/nikita.lebedev/hiero-consensus-node/platform-sdk/swirlds-benchmarks/build/tmp/merkledb-snapshot-campaign/run.ydyLKD/data/MerkleDbSnapshotBenchmark
2026-08-28 12:02:52.767 Loaded 262144 hash chunks into the snapshot source cache
2026-08-28 12:02:56.689 Forced snapshot files after return in 1130 ms
2792.077 ms/op
Iteration   1: 2026-08-28 12:03:01.182 Forced snapshot files after return in 1136 ms
3174.243 ms/op
Iteration   2: 2026-08-28 12:03:05.697 Forced snapshot files after return in 1414 ms
2925.288 ms/op
Iteration   3: 2026-08-28 12:03:10.492 Forced snapshot files after return in 1145 ms
3476.493 ms/op


Result "com.swirlds.benchmark.MerkleDbSnapshotBenchmark.snapshot":
  N = 3
  mean =   3192.008 ±(99.9%) 5035.845 ms/op

  Histogram, ms/op:
    [2900.000, 2950.000) = 1 
    [2950.000, 3000.000) = 0 
    [3000.000, 3050.000) = 0 
    [3050.000, 3100.000) = 0 
    [3100.000, 3150.000) = 0 
    [3150.000, 3200.000) = 1 
    [3200.000, 3250.000) = 0 
    [3250.000, 3300.000) = 0 
    [3300.000, 3350.000) = 0 
    [3350.000, 3400.000) = 0 
    [3400.000, 3450.000) = 0 

  Percentiles, ms/op:
      p(0.0000) =   2925.288 ms/op
     p(50.0000) =   3174.243 ms/op
     p(90.0000) =   3476.493 ms/op
     p(95.0000) =   3476.493 ms/op
     p(99.0000) =   3476.493 ms/op
     p(99.9000) =   3476.493 ms/op
     p(99.9900) =   3476.493 ms/op
     p(99.9990) =   3476.493 ms/op
     p(99.9999) =   3476.493 ms/op
    p(100.0000) =   3476.493 ms/op


# JMH version: 1.37
# VM version: JDK 25.0.2, OpenJDK 64-Bit Server VM, 25.0.2+10-LTS
# VM invoker: /home/nikita.lebedev/.local/jdks/jdk-25.0.2+10/bin/java
# VM options: -Xms4g -Xmx32g -XX:MaxDirectMemorySize=16g
# Blackhole mode: compiler (auto-detected, use -Djmh.blackhole.autoDetect=false to disable)
# Warmup: 1 iterations, single-shot each
# Measurement: 3 iterations, single-shot each
# Timeout: 60 min per iteration
# Threads: 1 thread
# Benchmark mode: Single shot invocation time
# Benchmark: com.swirlds.benchmark.MerkleDbSnapshotBenchmark.snapshot
# Parameters: (keySize = 32, maxKey = 100000000, numFiles = 1000, numRecords = 100000, numThreads = 32, recordSize = 128, snapshotMode = FORCED, threadsPerLongList = 8, useDiskIndices = true)

# Run progress: 62.50% complete, ETA 00:03:09
# Fork: 1 of 1
WARNING: A terminally deprecated method in sun.misc.Unsafe has been called
WARNING: sun.misc.Unsafe::objectFieldOffset has been called by org.openjdk.jmh.util.Utils (file:/home/nikita.lebedev/hiero-consensus-node/platform-sdk/swirlds-benchmarks/build/libs/swirlds-benchmarks-0.79.0-SNAPSHOT-jmh.jar)
WARNING: Please consider reporting this to the maintainers of class org.openjdk.jmh.util.Utils
WARNING: sun.misc.Unsafe::objectFieldOffset will be removed in a future release
# Warmup Iteration   1: 2026-08-28 12:03:12.046 Benchmark configuration: BenchmarkConfig[benchmarkData=data,saveDataDirectory=true,verifyResult=true,enableSnapshots=false,printHistogram=false,csvOutputFolder=data,csvMetricsFileName=BenchmarkMetrics.csv,csvMetricNamesFileName=BenchmarkMetricNames.csv,csvWriteFrequency=0,csvAppend=true,deviceName=sda]
2026-08-28 12:03:12.048 Build: 3.15.0 (0a5e91a)
2026-08-28 12:03:12.048 Benchmark data directory: /home/nikita.lebedev/hiero-consensus-node/platform-sdk/swirlds-benchmarks/build/tmp/merkledb-snapshot-campaign/run.ydyLKD/data/MerkleDbSnapshotBenchmark
2026-08-28 12:03:14.214 Loaded 262144 hash chunks into the snapshot source cache
2026-08-28 12:03:19.025 Forced snapshot files after return in 1125 ms
3684.748 ms/op
Iteration   1: 2026-08-28 12:03:24.674 Forced snapshot files after return in 1977 ms
3489.486 ms/op
Iteration   2: 2026-08-28 12:03:29.516 Forced snapshot files after return in 1299 ms
3368.043 ms/op
Iteration   3: 2026-08-28 12:03:34.302 Forced snapshot files after return in 1138 ms
3475.548 ms/op


Result "com.swirlds.benchmark.MerkleDbSnapshotBenchmark.snapshot":
  N = 3
  mean =   3444.359 ±(99.9%) 1212.442 ms/op

  Histogram, ms/op:
    [3300.000, 3312.500) = 0 
    [3312.500, 3325.000) = 0 
    [3325.000, 3337.500) = 0 
    [3337.500, 3350.000) = 0 
    [3350.000, 3362.500) = 0 
    [3362.500, 3375.000) = 1 
    [3375.000, 3387.500) = 0 
    [3387.500, 3400.000) = 0 
    [3400.000, 3412.500) = 0 
    [3412.500, 3425.000) = 0 
    [3425.000, 3437.500) = 0 
    [3437.500, 3450.000) = 0 
    [3450.000, 3462.500) = 0 
    [3462.500, 3475.000) = 0 
    [3475.000, 3487.500) = 1 

  Percentiles, ms/op:
      p(0.0000) =   3368.043 ms/op
     p(50.0000) =   3475.548 ms/op
     p(90.0000) =   3489.486 ms/op
     p(95.0000) =   3489.486 ms/op
     p(99.0000) =   3489.486 ms/op
     p(99.9000) =   3489.486 ms/op
     p(99.9900) =   3489.486 ms/op
     p(99.9990) =   3489.486 ms/op
     p(99.9999) =   3489.486 ms/op
    p(100.0000) =   3489.486 ms/op


# JMH version: 1.37
# VM version: JDK 25.0.2, OpenJDK 64-Bit Server VM, 25.0.2+10-LTS
# VM invoker: /home/nikita.lebedev/.local/jdks/jdk-25.0.2+10/bin/java
# VM options: -Xms4g -Xmx32g -XX:MaxDirectMemorySize=16g
# Blackhole mode: compiler (auto-detected, use -Djmh.blackhole.autoDetect=false to disable)
# Warmup: 1 iterations, single-shot each
# Measurement: 3 iterations, single-shot each
# Timeout: 60 min per iteration
# Threads: 1 thread
# Benchmark mode: Single shot invocation time
# Benchmark: com.swirlds.benchmark.MerkleDbSnapshotBenchmark.snapshot
# Parameters: (keySize = 32, maxKey = 100000000, numFiles = 1000, numRecords = 100000, numThreads = 32, recordSize = 128, snapshotMode = FORCED, threadsPerLongList = 1, useDiskIndices = false)

# Run progress: 66.67% complete, ETA 00:02:49
# Fork: 1 of 1
WARNING: A terminally deprecated method in sun.misc.Unsafe has been called
WARNING: sun.misc.Unsafe::objectFieldOffset has been called by org.openjdk.jmh.util.Utils (file:/home/nikita.lebedev/hiero-consensus-node/platform-sdk/swirlds-benchmarks/build/libs/swirlds-benchmarks-0.79.0-SNAPSHOT-jmh.jar)
WARNING: Please consider reporting this to the maintainers of class org.openjdk.jmh.util.Utils
WARNING: sun.misc.Unsafe::objectFieldOffset will be removed in a future release
# Warmup Iteration   1: 2026-08-28 12:03:36.319 Benchmark configuration: BenchmarkConfig[benchmarkData=data,saveDataDirectory=true,verifyResult=true,enableSnapshots=false,printHistogram=false,csvOutputFolder=data,csvMetricsFileName=BenchmarkMetrics.csv,csvMetricNamesFileName=BenchmarkMetricNames.csv,csvWriteFrequency=0,csvAppend=true,deviceName=sda]
2026-08-28 12:03:36.321 Build: 3.15.0 (0a5e91a)
2026-08-28 12:03:36.322 Benchmark data directory: /home/nikita.lebedev/hiero-consensus-node/platform-sdk/swirlds-benchmarks/build/tmp/merkledb-snapshot-campaign/run.ydyLKD/data/MerkleDbSnapshotBenchmark
2026-08-28 12:03:37.855 Loaded 262144 hash chunks into the snapshot source cache
2026-08-28 12:03:41.785 Forced snapshot files after return in 1125 ms
2804.393 ms/op
Iteration   1: 2026-08-28 12:03:45.829 Forced snapshot files after return in 1119 ms
2744.029 ms/op
Iteration   2: 2026-08-28 12:03:49.936 Forced snapshot files after return in 1179 ms
2750.190 ms/op
Iteration   3: 2026-08-28 12:03:54.352 Forced snapshot files after return in 1119 ms
3124.353 ms/op


Result "com.swirlds.benchmark.MerkleDbSnapshotBenchmark.snapshot":
  N = 3
  mean =   2872.857 ±(99.9%) 3973.903 ms/op

  Histogram, ms/op:
    [2700.000, 2750.000) = 1 
    [2750.000, 2800.000) = 1 
    [2800.000, 2850.000) = 0 
    [2850.000, 2900.000) = 0 
    [2900.000, 2950.000) = 0 
    [2950.000, 3000.000) = 0 
    [3000.000, 3050.000) = 0 
    [3050.000, 3100.000) = 0 
    [3100.000, 3150.000) = 1 

  Percentiles, ms/op:
      p(0.0000) =   2744.029 ms/op
     p(50.0000) =   2750.190 ms/op
     p(90.0000) =   3124.353 ms/op
     p(95.0000) =   3124.353 ms/op
     p(99.0000) =   3124.353 ms/op
     p(99.9000) =   3124.353 ms/op
     p(99.9900) =   3124.353 ms/op
     p(99.9990) =   3124.353 ms/op
     p(99.9999) =   3124.353 ms/op
    p(100.0000) =   3124.353 ms/op


# JMH version: 1.37
# VM version: JDK 25.0.2, OpenJDK 64-Bit Server VM, 25.0.2+10-LTS
# VM invoker: /home/nikita.lebedev/.local/jdks/jdk-25.0.2+10/bin/java
# VM options: -Xms4g -Xmx32g -XX:MaxDirectMemorySize=16g
# Blackhole mode: compiler (auto-detected, use -Djmh.blackhole.autoDetect=false to disable)
# Warmup: 1 iterations, single-shot each
# Measurement: 3 iterations, single-shot each
# Timeout: 60 min per iteration
# Threads: 1 thread
# Benchmark mode: Single shot invocation time
# Benchmark: com.swirlds.benchmark.MerkleDbSnapshotBenchmark.snapshot
# Parameters: (keySize = 32, maxKey = 100000000, numFiles = 1000, numRecords = 100000, numThreads = 32, recordSize = 128, snapshotMode = FORCED, threadsPerLongList = 1, useDiskIndices = true)

# Run progress: 70.83% complete, ETA 00:02:27
# Fork: 1 of 1
WARNING: A terminally deprecated method in sun.misc.Unsafe has been called
WARNING: sun.misc.Unsafe::objectFieldOffset has been called by org.openjdk.jmh.util.Utils (file:/home/nikita.lebedev/hiero-consensus-node/platform-sdk/swirlds-benchmarks/build/libs/swirlds-benchmarks-0.79.0-SNAPSHOT-jmh.jar)
WARNING: Please consider reporting this to the maintainers of class org.openjdk.jmh.util.Utils
WARNING: sun.misc.Unsafe::objectFieldOffset will be removed in a future release
# Warmup Iteration   1: 2026-08-28 12:03:55.826 Benchmark configuration: BenchmarkConfig[benchmarkData=data,saveDataDirectory=true,verifyResult=true,enableSnapshots=false,printHistogram=false,csvOutputFolder=data,csvMetricsFileName=BenchmarkMetrics.csv,csvMetricNamesFileName=BenchmarkMetricNames.csv,csvWriteFrequency=0,csvAppend=true,deviceName=sda]
2026-08-28 12:03:55.828 Build: 3.15.0 (0a5e91a)
2026-08-28 12:03:55.828 Benchmark data directory: /home/nikita.lebedev/hiero-consensus-node/platform-sdk/swirlds-benchmarks/build/tmp/merkledb-snapshot-campaign/run.ydyLKD/data/MerkleDbSnapshotBenchmark
2026-08-28 12:03:57.999 Loaded 262144 hash chunks into the snapshot source cache
2026-08-28 12:04:02.907 Forced snapshot files after return in 1131 ms
3776.141 ms/op
Iteration   1: 2026-08-28 12:04:08.689 Forced snapshot files after return in 1918 ms
3679.752 ms/op
Iteration   2: 2026-08-28 12:04:13.774 Forced snapshot files after return in 1318 ms
3588.281 ms/op
Iteration   3: 2026-08-28 12:04:18.791 Forced snapshot files after return in 1142 ms
3700.531 ms/op


Result "com.swirlds.benchmark.MerkleDbSnapshotBenchmark.snapshot":
  N = 3
  mean =   3656.188 ±(99.9%) 1089.507 ms/op

  Histogram, ms/op:
    [3500.000, 3525.000) = 0 
    [3525.000, 3550.000) = 0 
    [3550.000, 3575.000) = 0 
    [3575.000, 3600.000) = 1 
    [3600.000, 3625.000) = 0 
    [3625.000, 3650.000) = 0 
    [3650.000, 3675.000) = 0 
    [3675.000, 3700.000) = 1 
    [3700.000, 3725.000) = 1 
    [3725.000, 3750.000) = 0 
    [3750.000, 3775.000) = 0 

  Percentiles, ms/op:
      p(0.0000) =   3588.281 ms/op
     p(50.0000) =   3679.752 ms/op
     p(90.0000) =   3700.531 ms/op
     p(95.0000) =   3700.531 ms/op
     p(99.0000) =   3700.531 ms/op
     p(99.9000) =   3700.531 ms/op
     p(99.9900) =   3700.531 ms/op
     p(99.9990) =   3700.531 ms/op
     p(99.9999) =   3700.531 ms/op
    p(100.0000) =   3700.531 ms/op


# JMH version: 1.37
# VM version: JDK 25.0.2, OpenJDK 64-Bit Server VM, 25.0.2+10-LTS
# VM invoker: /home/nikita.lebedev/.local/jdks/jdk-25.0.2+10/bin/java
# VM options: -Xms4g -Xmx32g -XX:MaxDirectMemorySize=16g
# Blackhole mode: compiler (auto-detected, use -Djmh.blackhole.autoDetect=false to disable)
# Warmup: 1 iterations, single-shot each
# Measurement: 3 iterations, single-shot each
# Timeout: 60 min per iteration
# Threads: 1 thread
# Benchmark mode: Single shot invocation time
# Benchmark: com.swirlds.benchmark.MerkleDbSnapshotBenchmark.snapshot
# Parameters: (keySize = 32, maxKey = 100000000, numFiles = 1000, numRecords = 100000, numThreads = 32, recordSize = 128, snapshotMode = UNFORCED_OVERLAP, threadsPerLongList = 2, useDiskIndices = false)

# Run progress: 75.00% complete, ETA 00:02:07
# Fork: 1 of 1
WARNING: A terminally deprecated method in sun.misc.Unsafe has been called
WARNING: sun.misc.Unsafe::objectFieldOffset has been called by org.openjdk.jmh.util.Utils (file:/home/nikita.lebedev/hiero-consensus-node/platform-sdk/swirlds-benchmarks/build/libs/swirlds-benchmarks-0.79.0-SNAPSHOT-jmh.jar)
WARNING: Please consider reporting this to the maintainers of class org.openjdk.jmh.util.Utils
WARNING: sun.misc.Unsafe::objectFieldOffset will be removed in a future release
# Warmup Iteration   1: 2026-08-28 12:04:20.716 Benchmark configuration: BenchmarkConfig[benchmarkData=data,saveDataDirectory=true,verifyResult=true,enableSnapshots=false,printHistogram=false,csvOutputFolder=data,csvMetricsFileName=BenchmarkMetrics.csv,csvMetricNamesFileName=BenchmarkMetricNames.csv,csvWriteFrequency=0,csvAppend=true,deviceName=sda]
2026-08-28 12:04:20.718 Build: 3.15.0 (0a5e91a)
2026-08-28 12:04:20.718 Benchmark data directory: /home/nikita.lebedev/hiero-consensus-node/platform-sdk/swirlds-benchmarks/build/tmp/merkledb-snapshot-campaign/run.ydyLKD/data/MerkleDbSnapshotBenchmark
2026-08-28 12:04:22.237 Loaded 262144 hash chunks into the snapshot source cache
2026-08-28 12:04:26.151 Forced snapshot files after return in 2800 ms
1114.018 ms/op
Iteration   1: 2026-08-28 12:04:30.182 Forced snapshot files after return in 2802 ms
1045.404 ms/op
Iteration   2: 2026-08-28 12:04:34.457 Forced snapshot files after return in 3068 ms
1028.516 ms/op
Iteration   3: 2026-08-28 12:04:39.513 Forced snapshot files after return in 3854 ms
1025.882 ms/op


Result "com.swirlds.benchmark.MerkleDbSnapshotBenchmark.snapshot":
  N = 3
  mean =   1033.267 ±(99.9%) 193.261 ms/op

  Histogram, ms/op:
    [1020.000, 1022.500) = 0 
    [1022.500, 1025.000) = 0 
    [1025.000, 1027.500) = 1 
    [1027.500, 1030.000) = 1 
    [1030.000, 1032.500) = 0 
    [1032.500, 1035.000) = 0 
    [1035.000, 1037.500) = 0 
    [1037.500, 1040.000) = 0 
    [1040.000, 1042.500) = 0 
    [1042.500, 1045.000) = 0 
    [1045.000, 1047.500) = 1 

  Percentiles, ms/op:
      p(0.0000) =   1025.882 ms/op
     p(50.0000) =   1028.516 ms/op
     p(90.0000) =   1045.404 ms/op
     p(95.0000) =   1045.404 ms/op
     p(99.0000) =   1045.404 ms/op
     p(99.9000) =   1045.404 ms/op
     p(99.9900) =   1045.404 ms/op
     p(99.9990) =   1045.404 ms/op
     p(99.9999) =   1045.404 ms/op
    p(100.0000) =   1045.404 ms/op


# JMH version: 1.37
# VM version: JDK 25.0.2, OpenJDK 64-Bit Server VM, 25.0.2+10-LTS
# VM invoker: /home/nikita.lebedev/.local/jdks/jdk-25.0.2+10/bin/java
# VM options: -Xms4g -Xmx32g -XX:MaxDirectMemorySize=16g
# Blackhole mode: compiler (auto-detected, use -Djmh.blackhole.autoDetect=false to disable)
# Warmup: 1 iterations, single-shot each
# Measurement: 3 iterations, single-shot each
# Timeout: 60 min per iteration
# Threads: 1 thread
# Benchmark mode: Single shot invocation time
# Benchmark: com.swirlds.benchmark.MerkleDbSnapshotBenchmark.snapshot
# Parameters: (keySize = 32, maxKey = 100000000, numFiles = 1000, numRecords = 100000, numThreads = 32, recordSize = 128, snapshotMode = UNFORCED_OVERLAP, threadsPerLongList = 2, useDiskIndices = true)

# Run progress: 79.17% complete, ETA 00:01:46
# Fork: 1 of 1
WARNING: A terminally deprecated method in sun.misc.Unsafe has been called
WARNING: sun.misc.Unsafe::objectFieldOffset has been called by org.openjdk.jmh.util.Utils (file:/home/nikita.lebedev/hiero-consensus-node/platform-sdk/swirlds-benchmarks/build/libs/swirlds-benchmarks-0.79.0-SNAPSHOT-jmh.jar)
WARNING: Please consider reporting this to the maintainers of class org.openjdk.jmh.util.Utils
WARNING: sun.misc.Unsafe::objectFieldOffset will be removed in a future release
# Warmup Iteration   1: 2026-08-28 12:04:40.976 Benchmark configuration: BenchmarkConfig[benchmarkData=data,saveDataDirectory=true,verifyResult=true,enableSnapshots=false,printHistogram=false,csvOutputFolder=data,csvMetricsFileName=BenchmarkMetrics.csv,csvMetricNamesFileName=BenchmarkMetricNames.csv,csvWriteFrequency=0,csvAppend=true,deviceName=sda]
2026-08-28 12:04:40.978 Build: 3.15.0 (0a5e91a)
2026-08-28 12:04:40.978 Benchmark data directory: /home/nikita.lebedev/hiero-consensus-node/platform-sdk/swirlds-benchmarks/build/tmp/merkledb-snapshot-campaign/run.ydyLKD/data/MerkleDbSnapshotBenchmark
2026-08-28 12:04:43.129 Loaded 262144 hash chunks into the snapshot source cache
2026-08-28 12:04:48.403 Forced snapshot files after return in 3312 ms
1961.618 ms/op
Iteration   1: 2026-08-28 12:04:53.573 Forced snapshot files after return in 3589 ms
1398.195 ms/op
Iteration   2: 2026-08-28 12:04:57.961 Forced snapshot files after return in 2828 ms
1382.307 ms/op
Iteration   3: 2026-08-28 12:05:02.619 Forced snapshot files after return in 3106 ms
1376.967 ms/op


Result "com.swirlds.benchmark.MerkleDbSnapshotBenchmark.snapshot":
  N = 3
  mean =   1385.823 ±(99.9%) 201.454 ms/op

  Histogram, ms/op:
    [1370.000, 1372.500) = 0 
    [1372.500, 1375.000) = 0 
    [1375.000, 1377.500) = 1 
    [1377.500, 1380.000) = 0 
    [1380.000, 1382.500) = 1 
    [1382.500, 1385.000) = 0 
    [1385.000, 1387.500) = 0 
    [1387.500, 1390.000) = 0 
    [1390.000, 1392.500) = 0 
    [1392.500, 1395.000) = 0 
    [1395.000, 1397.500) = 0 

  Percentiles, ms/op:
      p(0.0000) =   1376.967 ms/op
     p(50.0000) =   1382.307 ms/op
     p(90.0000) =   1398.195 ms/op
     p(95.0000) =   1398.195 ms/op
     p(99.0000) =   1398.195 ms/op
     p(99.9000) =   1398.195 ms/op
     p(99.9900) =   1398.195 ms/op
     p(99.9990) =   1398.195 ms/op
     p(99.9999) =   1398.195 ms/op
    p(100.0000) =   1398.195 ms/op


# JMH version: 1.37
# VM version: JDK 25.0.2, OpenJDK 64-Bit Server VM, 25.0.2+10-LTS
# VM invoker: /home/nikita.lebedev/.local/jdks/jdk-25.0.2+10/bin/java
# VM options: -Xms4g -Xmx32g -XX:MaxDirectMemorySize=16g
# Blackhole mode: compiler (auto-detected, use -Djmh.blackhole.autoDetect=false to disable)
# Warmup: 1 iterations, single-shot each
# Measurement: 3 iterations, single-shot each
# Timeout: 60 min per iteration
# Threads: 1 thread
# Benchmark mode: Single shot invocation time
# Benchmark: com.swirlds.benchmark.MerkleDbSnapshotBenchmark.snapshot
# Parameters: (keySize = 32, maxKey = 100000000, numFiles = 1000, numRecords = 100000, numThreads = 32, recordSize = 128, snapshotMode = UNFORCED_OVERLAP, threadsPerLongList = 8, useDiskIndices = false)

# Run progress: 83.33% complete, ETA 00:01:25
# Fork: 1 of 1
WARNING: A terminally deprecated method in sun.misc.Unsafe has been called
WARNING: sun.misc.Unsafe::objectFieldOffset has been called by org.openjdk.jmh.util.Utils (file:/home/nikita.lebedev/hiero-consensus-node/platform-sdk/swirlds-benchmarks/build/libs/swirlds-benchmarks-0.79.0-SNAPSHOT-jmh.jar)
WARNING: Please consider reporting this to the maintainers of class org.openjdk.jmh.util.Utils
WARNING: sun.misc.Unsafe::objectFieldOffset will be removed in a future release
# Warmup Iteration   1: 2026-08-28 12:05:04.571 Benchmark configuration: BenchmarkConfig[benchmarkData=data,saveDataDirectory=true,verifyResult=true,enableSnapshots=false,printHistogram=false,csvOutputFolder=data,csvMetricsFileName=BenchmarkMetrics.csv,csvMetricNamesFileName=BenchmarkMetricNames.csv,csvWriteFrequency=0,csvAppend=true,deviceName=sda]
2026-08-28 12:05:04.573 Build: 3.15.0 (0a5e91a)
2026-08-28 12:05:04.573 Benchmark data directory: /home/nikita.lebedev/hiero-consensus-node/platform-sdk/swirlds-benchmarks/build/tmp/merkledb-snapshot-campaign/run.ydyLKD/data/MerkleDbSnapshotBenchmark
2026-08-28 12:05:06.079 Loaded 262144 hash chunks into the snapshot source cache
2026-08-28 12:05:10.227 Forced snapshot files after return in 3016 ms
1130.934 ms/op
Iteration   1: 2026-08-28 12:05:14.365 Forced snapshot files after return in 2886 ms
1067.879 ms/op
Iteration   2: 2026-08-28 12:05:18.734 Forced snapshot files after return in 3094 ms
1094.858 ms/op
Iteration   3: 2026-08-28 12:05:23.626 Forced snapshot files after return in 3624 ms
1091.278 ms/op


Result "com.swirlds.benchmark.MerkleDbSnapshotBenchmark.snapshot":
  N = 3
  mean =   1084.672 ±(99.9%) 267.324 ms/op

  Histogram, ms/op:
    [1060.000, 1062.500) = 0 
    [1062.500, 1065.000) = 0 
    [1065.000, 1067.500) = 0 
    [1067.500, 1070.000) = 1 
    [1070.000, 1072.500) = 0 
    [1072.500, 1075.000) = 0 
    [1075.000, 1077.500) = 0 
    [1077.500, 1080.000) = 0 
    [1080.000, 1082.500) = 0 
    [1082.500, 1085.000) = 0 
    [1085.000, 1087.500) = 0 
    [1087.500, 1090.000) = 0 
    [1090.000, 1092.500) = 1 
    [1092.500, 1095.000) = 1 
    [1095.000, 1097.500) = 0 

  Percentiles, ms/op:
      p(0.0000) =   1067.879 ms/op
     p(50.0000) =   1091.278 ms/op
     p(90.0000) =   1094.858 ms/op
     p(95.0000) =   1094.858 ms/op
     p(99.0000) =   1094.858 ms/op
     p(99.9000) =   1094.858 ms/op
     p(99.9900) =   1094.858 ms/op
     p(99.9990) =   1094.858 ms/op
     p(99.9999) =   1094.858 ms/op
    p(100.0000) =   1094.858 ms/op


# JMH version: 1.37
# VM version: JDK 25.0.2, OpenJDK 64-Bit Server VM, 25.0.2+10-LTS
# VM invoker: /home/nikita.lebedev/.local/jdks/jdk-25.0.2+10/bin/java
# VM options: -Xms4g -Xmx32g -XX:MaxDirectMemorySize=16g
# Blackhole mode: compiler (auto-detected, use -Djmh.blackhole.autoDetect=false to disable)
# Warmup: 1 iterations, single-shot each
# Measurement: 3 iterations, single-shot each
# Timeout: 60 min per iteration
# Threads: 1 thread
# Benchmark mode: Single shot invocation time
# Benchmark: com.swirlds.benchmark.MerkleDbSnapshotBenchmark.snapshot
# Parameters: (keySize = 32, maxKey = 100000000, numFiles = 1000, numRecords = 100000, numThreads = 32, recordSize = 128, snapshotMode = UNFORCED_OVERLAP, threadsPerLongList = 8, useDiskIndices = true)

# Run progress: 87.50% complete, ETA 00:01:04
# Fork: 1 of 1
WARNING: A terminally deprecated method in sun.misc.Unsafe has been called
WARNING: sun.misc.Unsafe::objectFieldOffset has been called by org.openjdk.jmh.util.Utils (file:/home/nikita.lebedev/hiero-consensus-node/platform-sdk/swirlds-benchmarks/build/libs/swirlds-benchmarks-0.79.0-SNAPSHOT-jmh.jar)
WARNING: Please consider reporting this to the maintainers of class org.openjdk.jmh.util.Utils
WARNING: sun.misc.Unsafe::objectFieldOffset will be removed in a future release
# Warmup Iteration   1: 2026-08-28 12:05:25.151 Benchmark configuration: BenchmarkConfig[benchmarkData=data,saveDataDirectory=true,verifyResult=true,enableSnapshots=false,printHistogram=false,csvOutputFolder=data,csvMetricsFileName=BenchmarkMetrics.csv,csvMetricNamesFileName=BenchmarkMetricNames.csv,csvWriteFrequency=0,csvAppend=true,deviceName=sda]
2026-08-28 12:05:25.153 Build: 3.15.0 (0a5e91a)
2026-08-28 12:05:25.154 Benchmark data directory: /home/nikita.lebedev/hiero-consensus-node/platform-sdk/swirlds-benchmarks/build/tmp/merkledb-snapshot-campaign/run.ydyLKD/data/MerkleDbSnapshotBenchmark
2026-08-28 12:05:27.278 Loaded 262144 hash chunks into the snapshot source cache
2026-08-28 12:05:32.184 Forced snapshot files after return in 2752 ms
2154.276 ms/op
Iteration   1: 2026-08-28 12:05:37.296 Forced snapshot files after return in 3526 ms
1403.956 ms/op
Iteration   2: 2026-08-28 12:05:41.695 Forced snapshot files after return in 2800 ms
1395.879 ms/op
Iteration   3: 2026-08-28 12:05:46.533 Forced snapshot files after return in 3291 ms
1371.871 ms/op


Result "com.swirlds.benchmark.MerkleDbSnapshotBenchmark.snapshot":
  N = 3
  mean =   1390.569 ±(99.9%) 304.468 ms/op

  Histogram, ms/op:
    [1370.000, 1372.500) = 1 
    [1372.500, 1375.000) = 0 
    [1375.000, 1377.500) = 0 
    [1377.500, 1380.000) = 0 
    [1380.000, 1382.500) = 0 
    [1382.500, 1385.000) = 0 
    [1385.000, 1387.500) = 0 
    [1387.500, 1390.000) = 0 
    [1390.000, 1392.500) = 0 
    [1392.500, 1395.000) = 0 
    [1395.000, 1397.500) = 1 
    [1397.500, 1400.000) = 0 
    [1400.000, 1402.500) = 0 
    [1402.500, 1405.000) = 1 
    [1405.000, 1407.500) = 0 

  Percentiles, ms/op:
      p(0.0000) =   1371.871 ms/op
     p(50.0000) =   1395.879 ms/op
     p(90.0000) =   1403.956 ms/op
     p(95.0000) =   1403.956 ms/op
     p(99.0000) =   1403.956 ms/op
     p(99.9000) =   1403.956 ms/op
     p(99.9900) =   1403.956 ms/op
     p(99.9990) =   1403.956 ms/op
     p(99.9999) =   1403.956 ms/op
    p(100.0000) =   1403.956 ms/op


# JMH version: 1.37
# VM version: JDK 25.0.2, OpenJDK 64-Bit Server VM, 25.0.2+10-LTS
# VM invoker: /home/nikita.lebedev/.local/jdks/jdk-25.0.2+10/bin/java
# VM options: -Xms4g -Xmx32g -XX:MaxDirectMemorySize=16g
# Blackhole mode: compiler (auto-detected, use -Djmh.blackhole.autoDetect=false to disable)
# Warmup: 1 iterations, single-shot each
# Measurement: 3 iterations, single-shot each
# Timeout: 60 min per iteration
# Threads: 1 thread
# Benchmark mode: Single shot invocation time
# Benchmark: com.swirlds.benchmark.MerkleDbSnapshotBenchmark.snapshot
# Parameters: (keySize = 32, maxKey = 100000000, numFiles = 1000, numRecords = 100000, numThreads = 32, recordSize = 128, snapshotMode = UNFORCED_OVERLAP, threadsPerLongList = 1, useDiskIndices = false)

# Run progress: 91.67% complete, ETA 00:00:42
# Fork: 1 of 1
WARNING: A terminally deprecated method in sun.misc.Unsafe has been called
WARNING: sun.misc.Unsafe::objectFieldOffset has been called by org.openjdk.jmh.util.Utils (file:/home/nikita.lebedev/hiero-consensus-node/platform-sdk/swirlds-benchmarks/build/libs/swirlds-benchmarks-0.79.0-SNAPSHOT-jmh.jar)
WARNING: Please consider reporting this to the maintainers of class org.openjdk.jmh.util.Utils
WARNING: sun.misc.Unsafe::objectFieldOffset will be removed in a future release
# Warmup Iteration   1: 2026-08-28 12:05:48.569 Benchmark configuration: BenchmarkConfig[benchmarkData=data,saveDataDirectory=true,verifyResult=true,enableSnapshots=false,printHistogram=false,csvOutputFolder=data,csvMetricsFileName=BenchmarkMetrics.csv,csvMetricNamesFileName=BenchmarkMetricNames.csv,csvWriteFrequency=0,csvAppend=true,deviceName=sda]
2026-08-28 12:05:48.571 Build: 3.15.0 (0a5e91a)
2026-08-28 12:05:48.571 Benchmark data directory: /home/nikita.lebedev/hiero-consensus-node/platform-sdk/swirlds-benchmarks/build/tmp/merkledb-snapshot-campaign/run.ydyLKD/data/MerkleDbSnapshotBenchmark
2026-08-28 12:05:50.044 Loaded 262144 hash chunks into the snapshot source cache
2026-08-28 12:05:53.988 Forced snapshot files after return in 2815 ms
1128.217 ms/op
Iteration   1: 2026-08-28 12:05:58.085 Forced snapshot files after return in 2842 ms
1070.626 ms/op
Iteration   2: 2026-08-28 12:06:02.186 Forced snapshot files after return in 2858 ms
1063.927 ms/op
Iteration   3: 2026-08-28 12:06:06.262 Forced snapshot files after return in 2837 ms
1061.783 ms/op


Result "com.swirlds.benchmark.MerkleDbSnapshotBenchmark.snapshot":
  N = 3
  mean =   1065.445 ±(99.9%) 84.149 ms/op

  Histogram, ms/op:
    [1061.000, 1062.000) = 1 
    [1062.000, 1063.000) = 0 
    [1063.000, 1064.000) = 1 
    [1064.000, 1065.000) = 0 
    [1065.000, 1066.000) = 0 
    [1066.000, 1067.000) = 0 
    [1067.000, 1068.000) = 0 
    [1068.000, 1069.000) = 0 
    [1069.000, 1070.000) = 0 

  Percentiles, ms/op:
      p(0.0000) =   1061.783 ms/op
     p(50.0000) =   1063.927 ms/op
     p(90.0000) =   1070.626 ms/op
     p(95.0000) =   1070.626 ms/op
     p(99.0000) =   1070.626 ms/op
     p(99.9000) =   1070.626 ms/op
     p(99.9900) =   1070.626 ms/op
     p(99.9990) =   1070.626 ms/op
     p(99.9999) =   1070.626 ms/op
    p(100.0000) =   1070.626 ms/op


# JMH version: 1.37
# VM version: JDK 25.0.2, OpenJDK 64-Bit Server VM, 25.0.2+10-LTS
# VM invoker: /home/nikita.lebedev/.local/jdks/jdk-25.0.2+10/bin/java
# VM options: -Xms4g -Xmx32g -XX:MaxDirectMemorySize=16g
# Blackhole mode: compiler (auto-detected, use -Djmh.blackhole.autoDetect=false to disable)
# Warmup: 1 iterations, single-shot each
# Measurement: 3 iterations, single-shot each
# Timeout: 60 min per iteration
# Threads: 1 thread
# Benchmark mode: Single shot invocation time
# Benchmark: com.swirlds.benchmark.MerkleDbSnapshotBenchmark.snapshot
# Parameters: (keySize = 32, maxKey = 100000000, numFiles = 1000, numRecords = 100000, numThreads = 32, recordSize = 128, snapshotMode = UNFORCED_OVERLAP, threadsPerLongList = 1, useDiskIndices = true)

# Run progress: 95.83% complete, ETA 00:00:21
# Fork: 1 of 1
WARNING: A terminally deprecated method in sun.misc.Unsafe has been called
WARNING: sun.misc.Unsafe::objectFieldOffset has been called by org.openjdk.jmh.util.Utils (file:/home/nikita.lebedev/hiero-consensus-node/platform-sdk/swirlds-benchmarks/build/libs/swirlds-benchmarks-0.79.0-SNAPSHOT-jmh.jar)
WARNING: Please consider reporting this to the maintainers of class org.openjdk.jmh.util.Utils
WARNING: sun.misc.Unsafe::objectFieldOffset will be removed in a future release
# Warmup Iteration   1: 2026-08-28 12:06:07.740 Benchmark configuration: BenchmarkConfig[benchmarkData=data,saveDataDirectory=true,verifyResult=true,enableSnapshots=false,printHistogram=false,csvOutputFolder=data,csvMetricsFileName=BenchmarkMetrics.csv,csvMetricNamesFileName=BenchmarkMetricNames.csv,csvWriteFrequency=0,csvAppend=true,deviceName=sda]
2026-08-28 12:06:07.742 Build: 3.15.0 (0a5e91a)
2026-08-28 12:06:07.743 Benchmark data directory: /home/nikita.lebedev/hiero-consensus-node/platform-sdk/swirlds-benchmarks/build/tmp/merkledb-snapshot-campaign/run.ydyLKD/data/MerkleDbSnapshotBenchmark
2026-08-28 12:06:09.848 Loaded 262144 hash chunks into the snapshot source cache
2026-08-28 12:06:14.572 Forced snapshot files after return in 2894 ms
1829.009 ms/op
Iteration   1: 2026-08-28 12:06:19.772 Forced snapshot files after return in 3555 ms
1461.752 ms/op
Iteration   2: 2026-08-28 12:06:24.657 Forced snapshot files after return in 3278 ms
1427.603 ms/op
Iteration   3: 2026-08-28 12:06:29.065 Forced snapshot files after return in 2803 ms
1426.917 ms/op


Result "com.swirlds.benchmark.MerkleDbSnapshotBenchmark.snapshot":
  N = 3
  mean =   1438.757 ±(99.9%) 363.354 ms/op

  Histogram, ms/op:
    [1420.000, 1425.000) = 0 
    [1425.000, 1430.000) = 2 
    [1430.000, 1435.000) = 0 
    [1435.000, 1440.000) = 0 
    [1440.000, 1445.000) = 0 
    [1445.000, 1450.000) = 0 
    [1450.000, 1455.000) = 0 
    [1455.000, 1460.000) = 0 
    [1460.000, 1465.000) = 1 

  Percentiles, ms/op:
      p(0.0000) =   1426.917 ms/op
     p(50.0000) =   1427.603 ms/op
     p(90.0000) =   1461.752 ms/op
     p(95.0000) =   1461.752 ms/op
     p(99.0000) =   1461.752 ms/op
     p(99.9000) =   1461.752 ms/op
     p(99.9900) =   1461.752 ms/op
     p(99.9990) =   1461.752 ms/op
     p(99.9999) =   1461.752 ms/op
    p(100.0000) =   1461.752 ms/op


# Run complete. Total time: 00:08:33

REMEMBER: The numbers below are just data. To gain reusable insights, you need to follow up on
why the numbers are the way they are. Use profilers (see -prof, -lprof), design factorial
experiments, perform baseline and negative tests that provide experimental control, make sure
the benchmarking environment is safe on JVM/OS/HW level, ask for reviews from the domain experts.
Do not assume the numbers tell you what you want them to tell.

NOTE: Current JVM experimentally supports Compiler Blackholes, and they are in use. Please exercise
extra caution when trusting the results, look into the generated code to check the benchmark still
works, and factor in a small probability of new VM bugs. Additionally, while comparisons between
different JVMs are already problematic, the performance difference caused by different Blackhole
modes can be very significant. Please make sure you use the consistent Blackhole mode for comparisons.

Benchmark                           (keySize)   (maxKey)  (numFiles)  (numRecords)  (numThreads)  (recordSize)    (snapshotMode)  (threadsPerLongList)  (useDiskIndices)  Mode  Cnt     Score      Error  Units
MerkleDbSnapshotBenchmark.snapshot         32  100000000        1000        100000            32           128          UNFORCED                     2             false    ss    3  1520.338 ±  343.116  ms/op
MerkleDbSnapshotBenchmark.snapshot         32  100000000        1000        100000            32           128          UNFORCED                     2              true    ss    3  1898.787 ±  523.020  ms/op
MerkleDbSnapshotBenchmark.snapshot         32  100000000        1000        100000            32           128          UNFORCED                     8             false    ss    3  1431.184 ±  695.693  ms/op
MerkleDbSnapshotBenchmark.snapshot         32  100000000        1000        100000            32           128          UNFORCED                     8              true    ss    3  1852.165 ±  921.056  ms/op
MerkleDbSnapshotBenchmark.snapshot         32  100000000        1000        100000            32           128          UNFORCED                     1             false    ss    3  1597.245 ±   75.945  ms/op
MerkleDbSnapshotBenchmark.snapshot         32  100000000        1000        100000            32           128          UNFORCED                     1              true    ss    3  2122.880 ±  662.778  ms/op
MerkleDbSnapshotBenchmark.snapshot         32  100000000        1000        100000            32           128    FORCED_OVERLAP                     2             false    ss    3  2104.433 ± 2754.101  ms/op
MerkleDbSnapshotBenchmark.snapshot         32  100000000        1000        100000            32           128    FORCED_OVERLAP                     2              true    ss    3  2015.091 ± 1211.073  ms/op
MerkleDbSnapshotBenchmark.snapshot         32  100000000        1000        100000            32           128    FORCED_OVERLAP                     8             false    ss    3  1922.749 ±  361.342  ms/op
MerkleDbSnapshotBenchmark.snapshot         32  100000000        1000        100000            32           128    FORCED_OVERLAP                     8              true    ss    3  1945.413 ±  494.180  ms/op
MerkleDbSnapshotBenchmark.snapshot         32  100000000        1000        100000            32           128    FORCED_OVERLAP                     1             false    ss    3  2044.740 ±  272.647  ms/op
MerkleDbSnapshotBenchmark.snapshot         32  100000000        1000        100000            32           128    FORCED_OVERLAP                     1              true    ss    3  2512.831 ± 5510.161  ms/op
MerkleDbSnapshotBenchmark.snapshot         32  100000000        1000        100000            32           128            FORCED                     2             false    ss    3  2988.637 ±  226.599  ms/op
MerkleDbSnapshotBenchmark.snapshot         32  100000000        1000        100000            32           128            FORCED                     2              true    ss    3  3320.074 ± 4038.820  ms/op
MerkleDbSnapshotBenchmark.snapshot         32  100000000        1000        100000            32           128            FORCED                     8             false    ss    3  3192.008 ± 5035.845  ms/op
MerkleDbSnapshotBenchmark.snapshot         32  100000000        1000        100000            32           128            FORCED                     8              true    ss    3  3444.359 ± 1212.442  ms/op
MerkleDbSnapshotBenchmark.snapshot         32  100000000        1000        100000            32           128            FORCED                     1             false    ss    3  2872.857 ± 3973.903  ms/op
MerkleDbSnapshotBenchmark.snapshot         32  100000000        1000        100000            32           128            FORCED                     1              true    ss    3  3656.188 ± 1089.507  ms/op
MerkleDbSnapshotBenchmark.snapshot         32  100000000        1000        100000            32           128  UNFORCED_OVERLAP                     2             false    ss    3  1033.267 ±  193.261  ms/op
MerkleDbSnapshotBenchmark.snapshot         32  100000000        1000        100000            32           128  UNFORCED_OVERLAP                     2              true    ss    3  1385.823 ±  201.454  ms/op
MerkleDbSnapshotBenchmark.snapshot         32  100000000        1000        100000            32           128  UNFORCED_OVERLAP                     8             false    ss    3  1084.672 ±  267.324  ms/op
MerkleDbSnapshotBenchmark.snapshot         32  100000000        1000        100000            32           128  UNFORCED_OVERLAP                     8              true    ss    3  1390.569 ±  304.468  ms/op
MerkleDbSnapshotBenchmark.snapshot         32  100000000        1000        100000            32           128  UNFORCED_OVERLAP                     1             false    ss    3  1065.445 ±   84.149  ms/op
MerkleDbSnapshotBenchmark.snapshot         32  100000000        1000        100000            32           128  UNFORCED_OVERLAP                     1              true    ss    3  1438.757 ±  363.354  ms/op

Benchmark result is saved to /home/nikita.lebedev/hiero-consensus-node/platform-sdk/swirlds-benchmarks/build/results/jmh/merkledb-snapshot-campaign/20260828T113202Z-1105376/merkledb-snapshot-block-C.json

Results archive: /home/nikita.lebedev/hiero-consensus-node/platform-sdk/swirlds-benchmarks/build/results/jmh/merkledb-snapshot-campaign/20260828T113202Z-1105376.tar.gz
