nohup: ignoring input
Starting a Gradle Daemon (subsequent builds will be faster)
Isolated Projects is an incubating feature.
Reusing configuration cache.
> Task :hapi:protobufDummy UP-TO-DATE
> Task :swirlds-base:processResources NO-SOURCE
> Task :swirlds-metrics-impl:processResources NO-SOURCE
> Task :swirlds-config-extensions:processResources NO-SOURCE
> Task :swirlds-config-api:processResources NO-SOURCE
> Task :swirlds-metrics-api:processResources NO-SOURCE
> Task :consensus-model:processResources NO-SOURCE
> Task :swirlds-base:processTestFixturesResources NO-SOURCE
> Task :base-utility:processResources NO-SOURCE
> Task :swirlds-merkledb:processJmhResources NO-SOURCE
> Task :swirlds-config-processor:generateMetaInfServices UP-TO-DATE
> Task :base-crypto:generateMetaInfServices UP-TO-DATE
> Task :base-concurrent:generateMetaInfServices UP-TO-DATE
> Task :consensus-metrics:generateMetaInfServices UP-TO-DATE
> Task :swirlds-config-impl:generateMetaInfServices UP-TO-DATE
> Task :swirlds-logging:generateMetaInfServices UP-TO-DATE
> Task :base-crypto:processResources UP-TO-DATE
> Task :swirlds-virtualmap:generateMetaInfServices UP-TO-DATE
> Task :swirlds-config-impl:processResources UP-TO-DATE
> Task :swirlds-logging:processResources UP-TO-DATE
> Task :swirlds-merkledb:generateMetaInfServices UP-TO-DATE
> Task :swirlds-virtualmap:processResources UP-TO-DATE
> Task :consensus-metrics:processResources UP-TO-DATE
> Task :swirlds-common:processResources UP-TO-DATE
> Task :swirlds-config-processor:processResources UP-TO-DATE
> Task :swirlds-merkledb:processResources UP-TO-DATE
> Task :base-concurrent:processResources UP-TO-DATE
> Task :hapi:extractProto UP-TO-DATE
> Task :hapi:extractIncludeProto UP-TO-DATE
> Task :hapi:processProtoResources UP-TO-DATE
> Task :swirlds-config-api:compileJava UP-TO-DATE
> Task :swirlds-base:compileJava UP-TO-DATE
> Task :swirlds-config-api:classes UP-TO-DATE
> Task :swirlds-base:classes UP-TO-DATE
> Task :swirlds-base:jar UP-TO-DATE
> Task :swirlds-config-api:jar UP-TO-DATE
> Task :hapi:processResources UP-TO-DATE
> Task :swirlds-metrics-api:compileJava UP-TO-DATE
> Task :swirlds-metrics-api:classes UP-TO-DATE
> Task :swirlds-metrics-api:jar UP-TO-DATE
> Task :swirlds-config-extensions:compileJava UP-TO-DATE
> Task :swirlds-config-extensions:classes UP-TO-DATE
> Task :swirlds-config-processor:compileJava UP-TO-DATE
> Task :swirlds-config-processor:classes UP-TO-DATE
> Task :swirlds-config-extensions:jar UP-TO-DATE
> Task :swirlds-config-processor:jar UP-TO-DATE
> Task :swirlds-metrics-impl:compileJava UP-TO-DATE
> Task :swirlds-metrics-impl:classes UP-TO-DATE
> Task :swirlds-metrics-impl:jar UP-TO-DATE
> Task :swirlds-config-impl:compileJava UP-TO-DATE
> Task :swirlds-config-impl:classes UP-TO-DATE
> Task :swirlds-config-impl:jar UP-TO-DATE
> Task :swirlds-logging:compileJava UP-TO-DATE
> Task :swirlds-logging:classes UP-TO-DATE
> Task :hapi:generateProto UP-TO-DATE
> Task :swirlds-logging:jar UP-TO-DATE
> Task :swirlds-base:compileTestFixturesJava UP-TO-DATE
> Task :swirlds-base:testFixturesClasses UP-TO-DATE
> Task :swirlds-base:testFixturesJar UP-TO-DATE
> Task :base-utility:compileJava UP-TO-DATE
> Task :base-utility:classes UP-TO-DATE
> Task :base-utility:jar UP-TO-DATE
> Task :base-concurrent:compileJava UP-TO-DATE
> Task :base-concurrent:classes UP-TO-DATE
> Task :hapi:generatePbjSource UP-TO-DATE
> Task :base-concurrent:jar UP-TO-DATE
> Task :base-crypto:compileJava UP-TO-DATE
> Task :base-crypto:classes UP-TO-DATE
> Task :base-crypto:jar UP-TO-DATE
> Task :hapi:compileJava UP-TO-DATE
> Task :hapi:classes UP-TO-DATE
> Task :hapi:jar UP-TO-DATE
> Task :consensus-model:compileJava UP-TO-DATE
> Task :consensus-model:classes UP-TO-DATE
> Task :consensus-model:jar UP-TO-DATE
> Task :swirlds-common:compileJava UP-TO-DATE
> Task :swirlds-common:classes UP-TO-DATE
> Task :swirlds-common:jar UP-TO-DATE
> Task :consensus-metrics:compileJava UP-TO-DATE
> Task :consensus-metrics:classes UP-TO-DATE
> Task :consensus-metrics:jar UP-TO-DATE
> Task :swirlds-virtualmap:compileJava UP-TO-DATE
> Task :swirlds-virtualmap:classes UP-TO-DATE
> Task :swirlds-virtualmap:jar UP-TO-DATE

> Task :swirlds-merkledb:compileJava
Note: ConfigDataAnnotationProcessor: Config Data Annotation Processor started...
Note: ConfigDataAnnotationProcessor: handling: MerkleDbConfig.java in com.swirlds.merkledb.config
Note: ConfigDataAnnotationProcessor: generating config constants file: /home/nikita.lebedev/hiero-consensus-node/platform-sdk/swirlds-merkledb/build/generated/sources/annotationProcessor/java/main/com/swirlds/merkledb/config/MerkleDbConfig_.java
Note: ConfigDataAnnotationProcessor: generating config doc file: config.md

> Task :swirlds-merkledb:classes
> Task :swirlds-merkledb:compileJmhJava
> Task :swirlds-merkledb:jmhClasses
> Task :swirlds-merkledb:jmhRunBytecodeGenerator
> Task :swirlds-merkledb:jmhCompileGeneratedClasses
> Task :swirlds-merkledb:jmhJar

[Incubating] Problems report is available at: file:///home/nikita.lebedev/hiero-consensus-node/build/reports/problems/problems-report.html

BUILD SUCCESSFUL in 15s
62 actionable tasks: 5 executed, 57 up-to-date
Configuration cache entry reused.

Running long-list-block-A, threadsPerLongList={1,8}, forceToDisk={true,false}
WARNING: A terminally deprecated method in sun.misc.Unsafe has been called
WARNING: sun.misc.Unsafe::objectFieldOffset has been called by org.openjdk.jmh.util.Utils (file:/home/nikita.lebedev/hiero-consensus-node/platform-sdk/swirlds-merkledb/build/libs/swirlds-merkledb-0.79.0-SNAPSHOT-jmh.jar)
WARNING: Please consider reporting this to the maintainers of class org.openjdk.jmh.util.Utils
WARNING: sun.misc.Unsafe::objectFieldOffset will be removed in a future release
# JMH version: 1.37
# VM version: JDK 25.0.2, OpenJDK 64-Bit Server VM, 25.0.2+10-LTS
# VM invoker: /home/nikita.lebedev/.local/jdks/jdk-25.0.2+10/bin/java
# VM options: -Xms512m -Xmx16g -XX:MaxDirectMemorySize=16g
# Blackhole mode: compiler (auto-detected, use -Djmh.blackhole.autoDetect=false to disable)
# Warmup: 1 iterations, single-shot each
# Measurement: 5 iterations, single-shot each
# Timeout: 60 min per iteration
# Threads: 1 thread
# Benchmark mode: Single shot invocation time
# Benchmark: com.swirlds.benchmark.LongListSnapshotBenchmark.writeToFile
# Parameters: (diskCacheState = UNCHANGED, forceToDisk = true, leafCount = 1000000000, listImpl = LongListHeap, longListChunkSize = 1048576, threadsPerLongList = 1, verify = false, workDir = long-list)

# Run progress: 0.00% complete, ETA 00:00:00
# Fork: 1 of 1
# Preparing profilers: JavaFlightRecorderProfiler 
WARNING: A terminally deprecated method in sun.misc.Unsafe has been called
WARNING: sun.misc.Unsafe::objectFieldOffset has been called by org.openjdk.jmh.util.Utils (file:/home/nikita.lebedev/hiero-consensus-node/platform-sdk/swirlds-merkledb/build/libs/swirlds-merkledb-0.79.0-SNAPSHOT-jmh.jar)
WARNING: Please consider reporting this to the maintainers of class org.openjdk.jmh.util.Utils
WARNING: sun.misc.Unsafe::objectFieldOffset will be removed in a future release
# Warmup Iteration   1: Creating dense leaf-index fixture with 1,000,000,000 entries
14483.720 ms/op
Iteration   1: 14607.557 ms/op
                 postReturnForceNanos: ≈ 0 #

Iteration   2: 14499.018 ms/op
                 postReturnForceNanos: ≈ 0 #

Iteration   3: 14404.355 ms/op
                 postReturnForceNanos: ≈ 0 #

Iteration   4: 14685.687 ms/op
                 postReturnForceNanos: ≈ 0 #

Iteration   5: 14296.966 ms/op
                 jfr:                  (text only)
                 postReturnForceNanos: ≈ 0 #

# Processing profiler results: JavaFlightRecorderProfiler 


Result "com.swirlds.benchmark.LongListSnapshotBenchmark.writeToFile":
  N = 5
  mean =  14498.717 ±(99.9%) 597.817 ms/op

  Histogram, ms/op:
    [14200.000, 14250.000) = 0 
    [14250.000, 14300.000) = 1 
    [14300.000, 14350.000) = 0 
    [14350.000, 14400.000) = 0 
    [14400.000, 14450.000) = 1 
    [14450.000, 14500.000) = 1 
    [14500.000, 14550.000) = 0 
    [14550.000, 14600.000) = 0 
    [14600.000, 14650.000) = 1 

  Percentiles, ms/op:
      p(0.0000) =  14296.966 ms/op
     p(50.0000) =  14499.018 ms/op
     p(90.0000) =  14685.687 ms/op
     p(95.0000) =  14685.687 ms/op
     p(99.0000) =  14685.687 ms/op
     p(99.9000) =  14685.687 ms/op
     p(99.9900) =  14685.687 ms/op
     p(99.9990) =  14685.687 ms/op
     p(99.9999) =  14685.687 ms/op
    p(100.0000) =  14685.687 ms/op

Secondary result "com.swirlds.benchmark.LongListSnapshotBenchmark.writeToFile:jfr":
JFR profiler results:
  /home/nikita.lebedev/hiero-consensus-node/platform-sdk/swirlds-merkledb/build/results/jmh/long-list-force-comparison/20260827T075601Z-418584/jfr/long-list-block-A/com.swirlds.benchmark.LongListSnapshotBenchmark.writeToFile-SingleShotTime-diskCacheState-UNCHANGED-forceToDisk-true-leafCount-1000000000-listImpl-LongListHeap-longListChunkSize-1048576-threadsPerLongList-1-verify-false-workDir-long-list/profile.jfr

Secondary result "com.swirlds.benchmark.LongListSnapshotBenchmark.writeToFile:postReturnForceNanos":
  ≈ 0 #


# JMH version: 1.37
# VM version: JDK 25.0.2, OpenJDK 64-Bit Server VM, 25.0.2+10-LTS
# VM invoker: /home/nikita.lebedev/.local/jdks/jdk-25.0.2+10/bin/java
# VM options: -Xms512m -Xmx16g -XX:MaxDirectMemorySize=16g
# Blackhole mode: compiler (auto-detected, use -Djmh.blackhole.autoDetect=false to disable)
# Warmup: 1 iterations, single-shot each
# Measurement: 5 iterations, single-shot each
# Timeout: 60 min per iteration
# Threads: 1 thread
# Benchmark mode: Single shot invocation time
# Benchmark: com.swirlds.benchmark.LongListSnapshotBenchmark.writeToFile
# Parameters: (diskCacheState = UNCHANGED, forceToDisk = true, leafCount = 1000000000, listImpl = LongListHeap, longListChunkSize = 1048576, threadsPerLongList = 8, verify = false, workDir = long-list)

# Run progress: 5.00% complete, ETA 00:36:26
# Fork: 1 of 1
# Preparing profilers: JavaFlightRecorderProfiler 
WARNING: A terminally deprecated method in sun.misc.Unsafe has been called
WARNING: sun.misc.Unsafe::objectFieldOffset has been called by org.openjdk.jmh.util.Utils (file:/home/nikita.lebedev/hiero-consensus-node/platform-sdk/swirlds-merkledb/build/libs/swirlds-merkledb-0.79.0-SNAPSHOT-jmh.jar)
WARNING: Please consider reporting this to the maintainers of class org.openjdk.jmh.util.Utils
WARNING: sun.misc.Unsafe::objectFieldOffset will be removed in a future release
# Warmup Iteration   1: 12737.901 ms/op
Iteration   1: 12862.746 ms/op
                 postReturnForceNanos: ≈ 0 #

Iteration   2: 12802.187 ms/op
                 postReturnForceNanos: ≈ 0 #

Iteration   3: 12672.704 ms/op
                 postReturnForceNanos: ≈ 0 #

Iteration   4: 12666.398 ms/op
                 postReturnForceNanos: ≈ 0 #

Iteration   5: 12643.036 ms/op
                 jfr:                  (text only)
                 postReturnForceNanos: ≈ 0 #

# Processing profiler results: JavaFlightRecorderProfiler 


Result "com.swirlds.benchmark.LongListSnapshotBenchmark.writeToFile":
  N = 5
  mean =  12729.414 ±(99.9%) 373.937 ms/op

  Histogram, ms/op:
    [12600.000, 12625.000) = 0 
    [12625.000, 12650.000) = 1 
    [12650.000, 12675.000) = 2 
    [12675.000, 12700.000) = 0 
    [12700.000, 12725.000) = 0 
    [12725.000, 12750.000) = 0 
    [12750.000, 12775.000) = 0 
    [12775.000, 12800.000) = 0 
    [12800.000, 12825.000) = 1 
    [12825.000, 12850.000) = 0 
    [12850.000, 12875.000) = 1 

  Percentiles, ms/op:
      p(0.0000) =  12643.036 ms/op
     p(50.0000) =  12672.704 ms/op
     p(90.0000) =  12862.746 ms/op
     p(95.0000) =  12862.746 ms/op
     p(99.0000) =  12862.746 ms/op
     p(99.9000) =  12862.746 ms/op
     p(99.9900) =  12862.746 ms/op
     p(99.9990) =  12862.746 ms/op
     p(99.9999) =  12862.746 ms/op
    p(100.0000) =  12862.746 ms/op

Secondary result "com.swirlds.benchmark.LongListSnapshotBenchmark.writeToFile:jfr":
JFR profiler results:
  /home/nikita.lebedev/hiero-consensus-node/platform-sdk/swirlds-merkledb/build/results/jmh/long-list-force-comparison/20260827T075601Z-418584/jfr/long-list-block-A/com.swirlds.benchmark.LongListSnapshotBenchmark.writeToFile-SingleShotTime-diskCacheState-UNCHANGED-forceToDisk-true-leafCount-1000000000-listImpl-LongListHeap-longListChunkSize-1048576-threadsPerLongList-8-verify-false-workDir-long-list/profile.jfr

Secondary result "com.swirlds.benchmark.LongListSnapshotBenchmark.writeToFile:postReturnForceNanos":
  ≈ 0 #


# JMH version: 1.37
# VM version: JDK 25.0.2, OpenJDK 64-Bit Server VM, 25.0.2+10-LTS
# VM invoker: /home/nikita.lebedev/.local/jdks/jdk-25.0.2+10/bin/java
# VM options: -Xms512m -Xmx16g -XX:MaxDirectMemorySize=16g
# Blackhole mode: compiler (auto-detected, use -Djmh.blackhole.autoDetect=false to disable)
# Warmup: 1 iterations, single-shot each
# Measurement: 5 iterations, single-shot each
# Timeout: 60 min per iteration
# Threads: 1 thread
# Benchmark mode: Single shot invocation time
# Benchmark: com.swirlds.benchmark.LongListSnapshotBenchmark.writeToFile
# Parameters: (diskCacheState = UNCHANGED, forceToDisk = true, leafCount = 1000000000, listImpl = LongListOffHeap, longListChunkSize = 1048576, threadsPerLongList = 1, verify = false, workDir = long-list)

# Run progress: 10.00% complete, ETA 00:30:56
# Fork: 1 of 1
# Preparing profilers: JavaFlightRecorderProfiler 
WARNING: A terminally deprecated method in sun.misc.Unsafe has been called
WARNING: sun.misc.Unsafe::objectFieldOffset has been called by org.openjdk.jmh.util.Utils (file:/home/nikita.lebedev/hiero-consensus-node/platform-sdk/swirlds-merkledb/build/libs/swirlds-merkledb-0.79.0-SNAPSHOT-jmh.jar)
WARNING: Please consider reporting this to the maintainers of class org.openjdk.jmh.util.Utils
WARNING: sun.misc.Unsafe::objectFieldOffset will be removed in a future release
# Warmup Iteration   1: 13715.780 ms/op
Iteration   1: 13917.721 ms/op
                 postReturnForceNanos: ≈ 0 #

Iteration   2: 14061.695 ms/op
                 postReturnForceNanos: ≈ 0 #

Iteration   3: 13828.496 ms/op
                 postReturnForceNanos: ≈ 0 #

Iteration   4: 13593.660 ms/op
                 postReturnForceNanos: ≈ 0 #

Iteration   5: 13929.588 ms/op
                 jfr:                  (text only)
                 postReturnForceNanos: ≈ 0 #

# Processing profiler results: JavaFlightRecorderProfiler 


Result "com.swirlds.benchmark.LongListSnapshotBenchmark.writeToFile":
  N = 5
  mean =  13866.232 ±(99.9%) 668.589 ms/op

  Histogram, ms/op:
    [13500.000, 13550.000) = 0 
    [13550.000, 13600.000) = 1 
    [13600.000, 13650.000) = 0 
    [13650.000, 13700.000) = 0 
    [13700.000, 13750.000) = 0 
    [13750.000, 13800.000) = 0 
    [13800.000, 13850.000) = 1 
    [13850.000, 13900.000) = 0 
    [13900.000, 13950.000) = 2 
    [13950.000, 14000.000) = 0 
    [14000.000, 14050.000) = 0 

  Percentiles, ms/op:
      p(0.0000) =  13593.660 ms/op
     p(50.0000) =  13917.721 ms/op
     p(90.0000) =  14061.695 ms/op
     p(95.0000) =  14061.695 ms/op
     p(99.0000) =  14061.695 ms/op
     p(99.9000) =  14061.695 ms/op
     p(99.9900) =  14061.695 ms/op
     p(99.9990) =  14061.695 ms/op
     p(99.9999) =  14061.695 ms/op
    p(100.0000) =  14061.695 ms/op

Secondary result "com.swirlds.benchmark.LongListSnapshotBenchmark.writeToFile:jfr":
JFR profiler results:
  /home/nikita.lebedev/hiero-consensus-node/platform-sdk/swirlds-merkledb/build/results/jmh/long-list-force-comparison/20260827T075601Z-418584/jfr/long-list-block-A/com.swirlds.benchmark.LongListSnapshotBenchmark.writeToFile-SingleShotTime-diskCacheState-UNCHANGED-forceToDisk-true-leafCount-1000000000-listImpl-LongListOffHeap-longListChunkSize-1048576-threadsPerLongList-1-verify-false-workDir-long-list/profile.jfr

Secondary result "com.swirlds.benchmark.LongListSnapshotBenchmark.writeToFile:postReturnForceNanos":
  ≈ 0 #


# JMH version: 1.37
# VM version: JDK 25.0.2, OpenJDK 64-Bit Server VM, 25.0.2+10-LTS
# VM invoker: /home/nikita.lebedev/.local/jdks/jdk-25.0.2+10/bin/java
# VM options: -Xms512m -Xmx16g -XX:MaxDirectMemorySize=16g
# Blackhole mode: compiler (auto-detected, use -Djmh.blackhole.autoDetect=false to disable)
# Warmup: 1 iterations, single-shot each
# Measurement: 5 iterations, single-shot each
# Timeout: 60 min per iteration
# Threads: 1 thread
# Benchmark mode: Single shot invocation time
# Benchmark: com.swirlds.benchmark.LongListSnapshotBenchmark.writeToFile
# Parameters: (diskCacheState = UNCHANGED, forceToDisk = true, leafCount = 1000000000, listImpl = LongListOffHeap, longListChunkSize = 1048576, threadsPerLongList = 8, verify = false, workDir = long-list)

# Run progress: 15.00% complete, ETA 00:28:25
# Fork: 1 of 1
# Preparing profilers: JavaFlightRecorderProfiler 
WARNING: A terminally deprecated method in sun.misc.Unsafe has been called
WARNING: sun.misc.Unsafe::objectFieldOffset has been called by org.openjdk.jmh.util.Utils (file:/home/nikita.lebedev/hiero-consensus-node/platform-sdk/swirlds-merkledb/build/libs/swirlds-merkledb-0.79.0-SNAPSHOT-jmh.jar)
WARNING: Please consider reporting this to the maintainers of class org.openjdk.jmh.util.Utils
WARNING: sun.misc.Unsafe::objectFieldOffset will be removed in a future release
# Warmup Iteration   1: 13224.005 ms/op
Iteration   1: 13210.414 ms/op
                 postReturnForceNanos: ≈ 0 #

Iteration   2: 13192.881 ms/op
                 postReturnForceNanos: ≈ 0 #

Iteration   3: 13276.830 ms/op
                 postReturnForceNanos: ≈ 0 #

Iteration   4: 13255.333 ms/op
                 postReturnForceNanos: ≈ 0 #

Iteration   5: 13238.396 ms/op
                 jfr:                  (text only)
                 postReturnForceNanos: ≈ 0 #

# Processing profiler results: JavaFlightRecorderProfiler 


Result "com.swirlds.benchmark.LongListSnapshotBenchmark.writeToFile":
  N = 5
  mean =  13234.771 ±(99.9%) 129.913 ms/op

  Histogram, ms/op:
    [13190.000, 13195.000) = 1 
    [13195.000, 13200.000) = 0 
    [13200.000, 13205.000) = 0 
    [13205.000, 13210.000) = 0 
    [13210.000, 13215.000) = 1 
    [13215.000, 13220.000) = 0 
    [13220.000, 13225.000) = 0 
    [13225.000, 13230.000) = 0 
    [13230.000, 13235.000) = 0 
    [13235.000, 13240.000) = 1 
    [13240.000, 13245.000) = 0 
    [13245.000, 13250.000) = 0 
    [13250.000, 13255.000) = 0 
    [13255.000, 13260.000) = 1 
    [13260.000, 13265.000) = 0 
    [13265.000, 13270.000) = 0 
    [13270.000, 13275.000) = 0 

  Percentiles, ms/op:
      p(0.0000) =  13192.881 ms/op
     p(50.0000) =  13238.396 ms/op
     p(90.0000) =  13276.830 ms/op
     p(95.0000) =  13276.830 ms/op
     p(99.0000) =  13276.830 ms/op
     p(99.9000) =  13276.830 ms/op
     p(99.9900) =  13276.830 ms/op
     p(99.9990) =  13276.830 ms/op
     p(99.9999) =  13276.830 ms/op
    p(100.0000) =  13276.830 ms/op

Secondary result "com.swirlds.benchmark.LongListSnapshotBenchmark.writeToFile:jfr":
JFR profiler results:
  /home/nikita.lebedev/hiero-consensus-node/platform-sdk/swirlds-merkledb/build/results/jmh/long-list-force-comparison/20260827T075601Z-418584/jfr/long-list-block-A/com.swirlds.benchmark.LongListSnapshotBenchmark.writeToFile-SingleShotTime-diskCacheState-UNCHANGED-forceToDisk-true-leafCount-1000000000-listImpl-LongListOffHeap-longListChunkSize-1048576-threadsPerLongList-8-verify-false-workDir-long-list/profile.jfr

Secondary result "com.swirlds.benchmark.LongListSnapshotBenchmark.writeToFile:postReturnForceNanos":
  ≈ 0 #


# JMH version: 1.37
# VM version: JDK 25.0.2, OpenJDK 64-Bit Server VM, 25.0.2+10-LTS
# VM invoker: /home/nikita.lebedev/.local/jdks/jdk-25.0.2+10/bin/java
# VM options: -Xms512m -Xmx16g -XX:MaxDirectMemorySize=16g
# Blackhole mode: compiler (auto-detected, use -Djmh.blackhole.autoDetect=false to disable)
# Warmup: 1 iterations, single-shot each
# Measurement: 5 iterations, single-shot each
# Timeout: 60 min per iteration
# Threads: 1 thread
# Benchmark mode: Single shot invocation time
# Benchmark: com.swirlds.benchmark.LongListSnapshotBenchmark.writeToFile
# Parameters: (diskCacheState = UNCHANGED, forceToDisk = true, leafCount = 1000000000, listImpl = LongListSegment, longListChunkSize = 1048576, threadsPerLongList = 1, verify = false, workDir = long-list)

# Run progress: 20.00% complete, ETA 00:26:07
# Fork: 1 of 1
# Preparing profilers: JavaFlightRecorderProfiler 
WARNING: A terminally deprecated method in sun.misc.Unsafe has been called
WARNING: sun.misc.Unsafe::objectFieldOffset has been called by org.openjdk.jmh.util.Utils (file:/home/nikita.lebedev/hiero-consensus-node/platform-sdk/swirlds-merkledb/build/libs/swirlds-merkledb-0.79.0-SNAPSHOT-jmh.jar)
WARNING: Please consider reporting this to the maintainers of class org.openjdk.jmh.util.Utils
WARNING: sun.misc.Unsafe::objectFieldOffset will be removed in a future release
# Warmup Iteration   1: 13807.396 ms/op
Iteration   1: 13961.239 ms/op
                 postReturnForceNanos: ≈ 0 #

Iteration   2: 13902.546 ms/op
                 postReturnForceNanos: ≈ 0 #

Iteration   3: 13904.831 ms/op
                 postReturnForceNanos: ≈ 0 #

Iteration   4: 13862.786 ms/op
                 postReturnForceNanos: ≈ 0 #

Iteration   5: 13937.852 ms/op
                 jfr:                  (text only)
                 postReturnForceNanos: ≈ 0 #

# Processing profiler results: JavaFlightRecorderProfiler 


Result "com.swirlds.benchmark.LongListSnapshotBenchmark.writeToFile":
  N = 5
  mean =  13913.851 ±(99.9%) 144.572 ms/op

  Histogram, ms/op:
    [13860.000, 13870.000) = 1 
    [13870.000, 13880.000) = 0 
    [13880.000, 13890.000) = 0 
    [13890.000, 13900.000) = 0 
    [13900.000, 13910.000) = 2 
    [13910.000, 13920.000) = 0 
    [13920.000, 13930.000) = 0 
    [13930.000, 13940.000) = 1 
    [13940.000, 13950.000) = 0 
    [13950.000, 13960.000) = 0 

  Percentiles, ms/op:
      p(0.0000) =  13862.786 ms/op
     p(50.0000) =  13904.831 ms/op
     p(90.0000) =  13961.239 ms/op
     p(95.0000) =  13961.239 ms/op
     p(99.0000) =  13961.239 ms/op
     p(99.9000) =  13961.239 ms/op
     p(99.9900) =  13961.239 ms/op
     p(99.9990) =  13961.239 ms/op
     p(99.9999) =  13961.239 ms/op
    p(100.0000) =  13961.239 ms/op

Secondary result "com.swirlds.benchmark.LongListSnapshotBenchmark.writeToFile:jfr":
JFR profiler results:
  /home/nikita.lebedev/hiero-consensus-node/platform-sdk/swirlds-merkledb/build/results/jmh/long-list-force-comparison/20260827T075601Z-418584/jfr/long-list-block-A/com.swirlds.benchmark.LongListSnapshotBenchmark.writeToFile-SingleShotTime-diskCacheState-UNCHANGED-forceToDisk-true-leafCount-1000000000-listImpl-LongListSegment-longListChunkSize-1048576-threadsPerLongList-1-verify-false-workDir-long-list/profile.jfr

Secondary result "com.swirlds.benchmark.LongListSnapshotBenchmark.writeToFile:postReturnForceNanos":
  ≈ 0 #


# JMH version: 1.37
# VM version: JDK 25.0.2, OpenJDK 64-Bit Server VM, 25.0.2+10-LTS
# VM invoker: /home/nikita.lebedev/.local/jdks/jdk-25.0.2+10/bin/java
# VM options: -Xms512m -Xmx16g -XX:MaxDirectMemorySize=16g
# Blackhole mode: compiler (auto-detected, use -Djmh.blackhole.autoDetect=false to disable)
# Warmup: 1 iterations, single-shot each
# Measurement: 5 iterations, single-shot each
# Timeout: 60 min per iteration
# Threads: 1 thread
# Benchmark mode: Single shot invocation time
# Benchmark: com.swirlds.benchmark.LongListSnapshotBenchmark.writeToFile
# Parameters: (diskCacheState = UNCHANGED, forceToDisk = true, leafCount = 1000000000, listImpl = LongListSegment, longListChunkSize = 1048576, threadsPerLongList = 8, verify = false, workDir = long-list)

# Run progress: 25.00% complete, ETA 00:24:19
# Fork: 1 of 1
# Preparing profilers: JavaFlightRecorderProfiler 
WARNING: A terminally deprecated method in sun.misc.Unsafe has been called
WARNING: sun.misc.Unsafe::objectFieldOffset has been called by org.openjdk.jmh.util.Utils (file:/home/nikita.lebedev/hiero-consensus-node/platform-sdk/swirlds-merkledb/build/libs/swirlds-merkledb-0.79.0-SNAPSHOT-jmh.jar)
WARNING: Please consider reporting this to the maintainers of class org.openjdk.jmh.util.Utils
WARNING: sun.misc.Unsafe::objectFieldOffset will be removed in a future release
# Warmup Iteration   1: 13280.227 ms/op
Iteration   1: 13374.906 ms/op
                 postReturnForceNanos: ≈ 0 #

Iteration   2: 13347.225 ms/op
                 postReturnForceNanos: ≈ 0 #

Iteration   3: 13429.567 ms/op
                 postReturnForceNanos: ≈ 0 #

Iteration   4: 13686.556 ms/op
                 postReturnForceNanos: ≈ 0 #

Iteration   5: 13229.763 ms/op
                 jfr:                  (text only)
                 postReturnForceNanos: ≈ 0 #

# Processing profiler results: JavaFlightRecorderProfiler 


Result "com.swirlds.benchmark.LongListSnapshotBenchmark.writeToFile":
  N = 5
  mean =  13413.603 ±(99.9%) 651.371 ms/op

  Histogram, ms/op:
    [13200.000, 13250.000) = 1 
    [13250.000, 13300.000) = 0 
    [13300.000, 13350.000) = 1 
    [13350.000, 13400.000) = 1 
    [13400.000, 13450.000) = 1 
    [13450.000, 13500.000) = 0 
    [13500.000, 13550.000) = 0 
    [13550.000, 13600.000) = 0 
    [13600.000, 13650.000) = 0 

  Percentiles, ms/op:
      p(0.0000) =  13229.763 ms/op
     p(50.0000) =  13374.906 ms/op
     p(90.0000) =  13686.556 ms/op
     p(95.0000) =  13686.556 ms/op
     p(99.0000) =  13686.556 ms/op
     p(99.9000) =  13686.556 ms/op
     p(99.9900) =  13686.556 ms/op
     p(99.9990) =  13686.556 ms/op
     p(99.9999) =  13686.556 ms/op
    p(100.0000) =  13686.556 ms/op

Secondary result "com.swirlds.benchmark.LongListSnapshotBenchmark.writeToFile:jfr":
JFR profiler results:
  /home/nikita.lebedev/hiero-consensus-node/platform-sdk/swirlds-merkledb/build/results/jmh/long-list-force-comparison/20260827T075601Z-418584/jfr/long-list-block-A/com.swirlds.benchmark.LongListSnapshotBenchmark.writeToFile-SingleShotTime-diskCacheState-UNCHANGED-forceToDisk-true-leafCount-1000000000-listImpl-LongListSegment-longListChunkSize-1048576-threadsPerLongList-8-verify-false-workDir-long-list/profile.jfr

Secondary result "com.swirlds.benchmark.LongListSnapshotBenchmark.writeToFile:postReturnForceNanos":
  ≈ 0 #


# JMH version: 1.37
# VM version: JDK 25.0.2, OpenJDK 64-Bit Server VM, 25.0.2+10-LTS
# VM invoker: /home/nikita.lebedev/.local/jdks/jdk-25.0.2+10/bin/java
# VM options: -Xms512m -Xmx16g -XX:MaxDirectMemorySize=16g
# Blackhole mode: compiler (auto-detected, use -Djmh.blackhole.autoDetect=false to disable)
# Warmup: 1 iterations, single-shot each
# Measurement: 5 iterations, single-shot each
# Timeout: 60 min per iteration
# Threads: 1 thread
# Benchmark mode: Single shot invocation time
# Benchmark: com.swirlds.benchmark.LongListSnapshotBenchmark.writeToFile
# Parameters: (diskCacheState = UNCHANGED, forceToDisk = true, leafCount = 1000000000, listImpl = LongListDisk, longListChunkSize = 1048576, threadsPerLongList = 1, verify = false, workDir = long-list)

# Run progress: 30.00% complete, ETA 00:22:29
# Fork: 1 of 1
# Preparing profilers: JavaFlightRecorderProfiler 
WARNING: A terminally deprecated method in sun.misc.Unsafe has been called
WARNING: sun.misc.Unsafe::objectFieldOffset has been called by org.openjdk.jmh.util.Utils (file:/home/nikita.lebedev/hiero-consensus-node/platform-sdk/swirlds-merkledb/build/libs/swirlds-merkledb-0.79.0-SNAPSHOT-jmh.jar)
WARNING: Please consider reporting this to the maintainers of class org.openjdk.jmh.util.Utils
WARNING: sun.misc.Unsafe::objectFieldOffset will be removed in a future release
# Warmup Iteration   1: 16598.460 ms/op
Iteration   1: 14929.948 ms/op
                 postReturnForceNanos: ≈ 0 #

Iteration   2: 14653.638 ms/op
                 postReturnForceNanos: ≈ 0 #

Iteration   3: 14722.896 ms/op
                 postReturnForceNanos: ≈ 0 #

Iteration   4: 14665.823 ms/op
                 postReturnForceNanos: ≈ 0 #

Iteration   5: 14487.701 ms/op
                 jfr:                  (text only)
                 postReturnForceNanos: ≈ 0 #

# Processing profiler results: JavaFlightRecorderProfiler 


Result "com.swirlds.benchmark.LongListSnapshotBenchmark.writeToFile":
  N = 5
  mean =  14692.001 ±(99.9%) 613.295 ms/op

  Histogram, ms/op:
    [14400.000, 14450.000) = 0 
    [14450.000, 14500.000) = 1 
    [14500.000, 14550.000) = 0 
    [14550.000, 14600.000) = 0 
    [14600.000, 14650.000) = 0 
    [14650.000, 14700.000) = 2 
    [14700.000, 14750.000) = 1 
    [14750.000, 14800.000) = 0 
    [14800.000, 14850.000) = 0 
    [14850.000, 14900.000) = 0 
    [14900.000, 14950.000) = 1 

  Percentiles, ms/op:
      p(0.0000) =  14487.701 ms/op
     p(50.0000) =  14665.823 ms/op
     p(90.0000) =  14929.948 ms/op
     p(95.0000) =  14929.948 ms/op
     p(99.0000) =  14929.948 ms/op
     p(99.9000) =  14929.948 ms/op
     p(99.9900) =  14929.948 ms/op
     p(99.9990) =  14929.948 ms/op
     p(99.9999) =  14929.948 ms/op
    p(100.0000) =  14929.948 ms/op

Secondary result "com.swirlds.benchmark.LongListSnapshotBenchmark.writeToFile:jfr":
JFR profiler results:
  /home/nikita.lebedev/hiero-consensus-node/platform-sdk/swirlds-merkledb/build/results/jmh/long-list-force-comparison/20260827T075601Z-418584/jfr/long-list-block-A/com.swirlds.benchmark.LongListSnapshotBenchmark.writeToFile-SingleShotTime-diskCacheState-UNCHANGED-forceToDisk-true-leafCount-1000000000-listImpl-LongListDisk-longListChunkSize-1048576-threadsPerLongList-1-verify-false-workDir-long-list/profile.jfr

Secondary result "com.swirlds.benchmark.LongListSnapshotBenchmark.writeToFile:postReturnForceNanos":
  ≈ 0 #


# JMH version: 1.37
# VM version: JDK 25.0.2, OpenJDK 64-Bit Server VM, 25.0.2+10-LTS
# VM invoker: /home/nikita.lebedev/.local/jdks/jdk-25.0.2+10/bin/java
# VM options: -Xms512m -Xmx16g -XX:MaxDirectMemorySize=16g
# Blackhole mode: compiler (auto-detected, use -Djmh.blackhole.autoDetect=false to disable)
# Warmup: 1 iterations, single-shot each
# Measurement: 5 iterations, single-shot each
# Timeout: 60 min per iteration
# Threads: 1 thread
# Benchmark mode: Single shot invocation time
# Benchmark: com.swirlds.benchmark.LongListSnapshotBenchmark.writeToFile
# Parameters: (diskCacheState = UNCHANGED, forceToDisk = true, leafCount = 1000000000, listImpl = LongListDisk, longListChunkSize = 1048576, threadsPerLongList = 8, verify = false, workDir = long-list)

# Run progress: 35.00% complete, ETA 00:21:17
# Fork: 1 of 1
# Preparing profilers: JavaFlightRecorderProfiler 
WARNING: A terminally deprecated method in sun.misc.Unsafe has been called
WARNING: sun.misc.Unsafe::objectFieldOffset has been called by org.openjdk.jmh.util.Utils (file:/home/nikita.lebedev/hiero-consensus-node/platform-sdk/swirlds-merkledb/build/libs/swirlds-merkledb-0.79.0-SNAPSHOT-jmh.jar)
WARNING: Please consider reporting this to the maintainers of class org.openjdk.jmh.util.Utils
WARNING: sun.misc.Unsafe::objectFieldOffset will be removed in a future release
# Warmup Iteration   1: 17157.219 ms/op
Iteration   1: 13783.757 ms/op
                 postReturnForceNanos: ≈ 0 #

Iteration   2: 13573.765 ms/op
                 postReturnForceNanos: ≈ 0 #

Iteration   3: 13724.536 ms/op
                 postReturnForceNanos: ≈ 0 #

Iteration   4: 13410.684 ms/op
                 postReturnForceNanos: ≈ 0 #

Iteration   5: 13443.073 ms/op
                 jfr:                  (text only)
                 postReturnForceNanos: ≈ 0 #

# Processing profiler results: JavaFlightRecorderProfiler 


Result "com.swirlds.benchmark.LongListSnapshotBenchmark.writeToFile":
  N = 5
  mean =  13587.163 ±(99.9%) 637.415 ms/op

  Histogram, ms/op:
    [13400.000, 13425.000) = 1 
    [13425.000, 13450.000) = 1 
    [13450.000, 13475.000) = 0 
    [13475.000, 13500.000) = 0 
    [13500.000, 13525.000) = 0 
    [13525.000, 13550.000) = 0 
    [13550.000, 13575.000) = 1 
    [13575.000, 13600.000) = 0 
    [13600.000, 13625.000) = 0 
    [13625.000, 13650.000) = 0 
    [13650.000, 13675.000) = 0 
    [13675.000, 13700.000) = 0 
    [13700.000, 13725.000) = 1 
    [13725.000, 13750.000) = 0 
    [13750.000, 13775.000) = 0 

  Percentiles, ms/op:
      p(0.0000) =  13410.684 ms/op
     p(50.0000) =  13573.765 ms/op
     p(90.0000) =  13783.757 ms/op
     p(95.0000) =  13783.757 ms/op
     p(99.0000) =  13783.757 ms/op
     p(99.9000) =  13783.757 ms/op
     p(99.9900) =  13783.757 ms/op
     p(99.9990) =  13783.757 ms/op
     p(99.9999) =  13783.757 ms/op
    p(100.0000) =  13783.757 ms/op

Secondary result "com.swirlds.benchmark.LongListSnapshotBenchmark.writeToFile:jfr":
JFR profiler results:
  /home/nikita.lebedev/hiero-consensus-node/platform-sdk/swirlds-merkledb/build/results/jmh/long-list-force-comparison/20260827T075601Z-418584/jfr/long-list-block-A/com.swirlds.benchmark.LongListSnapshotBenchmark.writeToFile-SingleShotTime-diskCacheState-UNCHANGED-forceToDisk-true-leafCount-1000000000-listImpl-LongListDisk-longListChunkSize-1048576-threadsPerLongList-8-verify-false-workDir-long-list/profile.jfr

Secondary result "com.swirlds.benchmark.LongListSnapshotBenchmark.writeToFile:postReturnForceNanos":
  ≈ 0 #


# JMH version: 1.37
# VM version: JDK 25.0.2, OpenJDK 64-Bit Server VM, 25.0.2+10-LTS
# VM invoker: /home/nikita.lebedev/.local/jdks/jdk-25.0.2+10/bin/java
# VM options: -Xms512m -Xmx16g -XX:MaxDirectMemorySize=16g
# Blackhole mode: compiler (auto-detected, use -Djmh.blackhole.autoDetect=false to disable)
# Warmup: 1 iterations, single-shot each
# Measurement: 5 iterations, single-shot each
# Timeout: 60 min per iteration
# Threads: 1 thread
# Benchmark mode: Single shot invocation time
# Benchmark: com.swirlds.benchmark.LongListSnapshotBenchmark.writeToFile
# Parameters: (diskCacheState = UNCHANGED, forceToDisk = true, leafCount = 1000000000, listImpl = LongListDiskSegment, longListChunkSize = 1048576, threadsPerLongList = 1, verify = false, workDir = long-list)

# Run progress: 40.00% complete, ETA 00:19:47
# Fork: 1 of 1
# Preparing profilers: JavaFlightRecorderProfiler 
WARNING: A terminally deprecated method in sun.misc.Unsafe has been called
WARNING: sun.misc.Unsafe::objectFieldOffset has been called by org.openjdk.jmh.util.Utils (file:/home/nikita.lebedev/hiero-consensus-node/platform-sdk/swirlds-merkledb/build/libs/swirlds-merkledb-0.79.0-SNAPSHOT-jmh.jar)
WARNING: Please consider reporting this to the maintainers of class org.openjdk.jmh.util.Utils
WARNING: sun.misc.Unsafe::objectFieldOffset will be removed in a future release
# Warmup Iteration   1: 14738.805 ms/op
Iteration   1: 14173.854 ms/op
                 postReturnForceNanos: ≈ 0 #

Iteration   2: 13909.625 ms/op
                 postReturnForceNanos: ≈ 0 #

Iteration   3: 14049.254 ms/op
                 postReturnForceNanos: ≈ 0 #

Iteration   4: 14094.824 ms/op
                 postReturnForceNanos: ≈ 0 #

Iteration   5: 13861.440 ms/op
                 jfr:                  (text only)
                 postReturnForceNanos: ≈ 0 #

# Processing profiler results: JavaFlightRecorderProfiler 


Result "com.swirlds.benchmark.LongListSnapshotBenchmark.writeToFile":
  N = 5
  mean =  14017.799 ±(99.9%) 499.936 ms/op

  Histogram, ms/op:
    [13800.000, 13825.000) = 0 
    [13825.000, 13850.000) = 0 
    [13850.000, 13875.000) = 1 
    [13875.000, 13900.000) = 0 
    [13900.000, 13925.000) = 1 
    [13925.000, 13950.000) = 0 
    [13950.000, 13975.000) = 0 
    [13975.000, 14000.000) = 0 
    [14000.000, 14025.000) = 0 
    [14025.000, 14050.000) = 1 
    [14050.000, 14075.000) = 0 
    [14075.000, 14100.000) = 1 
    [14100.000, 14125.000) = 0 
    [14125.000, 14150.000) = 0 
    [14150.000, 14175.000) = 1 

  Percentiles, ms/op:
      p(0.0000) =  13861.440 ms/op
     p(50.0000) =  14049.254 ms/op
     p(90.0000) =  14173.854 ms/op
     p(95.0000) =  14173.854 ms/op
     p(99.0000) =  14173.854 ms/op
     p(99.9000) =  14173.854 ms/op
     p(99.9900) =  14173.854 ms/op
     p(99.9990) =  14173.854 ms/op
     p(99.9999) =  14173.854 ms/op
    p(100.0000) =  14173.854 ms/op

Secondary result "com.swirlds.benchmark.LongListSnapshotBenchmark.writeToFile:jfr":
JFR profiler results:
  /home/nikita.lebedev/hiero-consensus-node/platform-sdk/swirlds-merkledb/build/results/jmh/long-list-force-comparison/20260827T075601Z-418584/jfr/long-list-block-A/com.swirlds.benchmark.LongListSnapshotBenchmark.writeToFile-SingleShotTime-diskCacheState-UNCHANGED-forceToDisk-true-leafCount-1000000000-listImpl-LongListDiskSegment-longListChunkSize-1048576-threadsPerLongList-1-verify-false-workDir-long-list/profile.jfr

Secondary result "com.swirlds.benchmark.LongListSnapshotBenchmark.writeToFile:postReturnForceNanos":
  ≈ 0 #


# JMH version: 1.37
# VM version: JDK 25.0.2, OpenJDK 64-Bit Server VM, 25.0.2+10-LTS
# VM invoker: /home/nikita.lebedev/.local/jdks/jdk-25.0.2+10/bin/java
# VM options: -Xms512m -Xmx16g -XX:MaxDirectMemorySize=16g
# Blackhole mode: compiler (auto-detected, use -Djmh.blackhole.autoDetect=false to disable)
# Warmup: 1 iterations, single-shot each
# Measurement: 5 iterations, single-shot each
# Timeout: 60 min per iteration
# Threads: 1 thread
# Benchmark mode: Single shot invocation time
# Benchmark: com.swirlds.benchmark.LongListSnapshotBenchmark.writeToFile
# Parameters: (diskCacheState = UNCHANGED, forceToDisk = true, leafCount = 1000000000, listImpl = LongListDiskSegment, longListChunkSize = 1048576, threadsPerLongList = 8, verify = false, workDir = long-list)

# Run progress: 45.00% complete, ETA 00:18:14
# Fork: 1 of 1
# Preparing profilers: JavaFlightRecorderProfiler 
WARNING: A terminally deprecated method in sun.misc.Unsafe has been called
WARNING: sun.misc.Unsafe::objectFieldOffset has been called by org.openjdk.jmh.util.Utils (file:/home/nikita.lebedev/hiero-consensus-node/platform-sdk/swirlds-merkledb/build/libs/swirlds-merkledb-0.79.0-SNAPSHOT-jmh.jar)
WARNING: Please consider reporting this to the maintainers of class org.openjdk.jmh.util.Utils
WARNING: sun.misc.Unsafe::objectFieldOffset will be removed in a future release
# Warmup Iteration   1: 15079.920 ms/op
Iteration   1: 13433.820 ms/op
                 postReturnForceNanos: ≈ 0 #

Iteration   2: 13358.813 ms/op
                 postReturnForceNanos: ≈ 0 #

Iteration   3: 13411.884 ms/op
                 postReturnForceNanos: ≈ 0 #

Iteration   4: 13272.992 ms/op
                 postReturnForceNanos: ≈ 0 #

Iteration   5: 13356.394 ms/op
                 jfr:                  (text only)
                 postReturnForceNanos: ≈ 0 #

# Processing profiler results: JavaFlightRecorderProfiler 


Result "com.swirlds.benchmark.LongListSnapshotBenchmark.writeToFile":
  N = 5
  mean =  13366.781 ±(99.9%) 239.672 ms/op

  Histogram, ms/op:
    [13200.000, 13225.000) = 0 
    [13225.000, 13250.000) = 0 
    [13250.000, 13275.000) = 1 
    [13275.000, 13300.000) = 0 
    [13300.000, 13325.000) = 0 
    [13325.000, 13350.000) = 0 
    [13350.000, 13375.000) = 2 
    [13375.000, 13400.000) = 0 
    [13400.000, 13425.000) = 1 
    [13425.000, 13450.000) = 1 
    [13450.000, 13475.000) = 0 

  Percentiles, ms/op:
      p(0.0000) =  13272.992 ms/op
     p(50.0000) =  13358.813 ms/op
     p(90.0000) =  13433.820 ms/op
     p(95.0000) =  13433.820 ms/op
     p(99.0000) =  13433.820 ms/op
     p(99.9000) =  13433.820 ms/op
     p(99.9900) =  13433.820 ms/op
     p(99.9990) =  13433.820 ms/op
     p(99.9999) =  13433.820 ms/op
    p(100.0000) =  13433.820 ms/op

Secondary result "com.swirlds.benchmark.LongListSnapshotBenchmark.writeToFile:jfr":
JFR profiler results:
  /home/nikita.lebedev/hiero-consensus-node/platform-sdk/swirlds-merkledb/build/results/jmh/long-list-force-comparison/20260827T075601Z-418584/jfr/long-list-block-A/com.swirlds.benchmark.LongListSnapshotBenchmark.writeToFile-SingleShotTime-diskCacheState-UNCHANGED-forceToDisk-true-leafCount-1000000000-listImpl-LongListDiskSegment-longListChunkSize-1048576-threadsPerLongList-8-verify-false-workDir-long-list/profile.jfr

Secondary result "com.swirlds.benchmark.LongListSnapshotBenchmark.writeToFile:postReturnForceNanos":
  ≈ 0 #


# JMH version: 1.37
# VM version: JDK 25.0.2, OpenJDK 64-Bit Server VM, 25.0.2+10-LTS
# VM invoker: /home/nikita.lebedev/.local/jdks/jdk-25.0.2+10/bin/java
# VM options: -Xms512m -Xmx16g -XX:MaxDirectMemorySize=16g
# Blackhole mode: compiler (auto-detected, use -Djmh.blackhole.autoDetect=false to disable)
# Warmup: 1 iterations, single-shot each
# Measurement: 5 iterations, single-shot each
# Timeout: 60 min per iteration
# Threads: 1 thread
# Benchmark mode: Single shot invocation time
# Benchmark: com.swirlds.benchmark.LongListSnapshotBenchmark.writeToFile
# Parameters: (diskCacheState = UNCHANGED, forceToDisk = false, leafCount = 1000000000, listImpl = LongListHeap, longListChunkSize = 1048576, threadsPerLongList = 1, verify = false, workDir = long-list)

# Run progress: 50.00% complete, ETA 00:16:37
# Fork: 1 of 1
# Preparing profilers: JavaFlightRecorderProfiler 
WARNING: A terminally deprecated method in sun.misc.Unsafe has been called
WARNING: sun.misc.Unsafe::objectFieldOffset has been called by org.openjdk.jmh.util.Utils (file:/home/nikita.lebedev/hiero-consensus-node/platform-sdk/swirlds-merkledb/build/libs/swirlds-merkledb-0.79.0-SNAPSHOT-jmh.jar)
WARNING: Please consider reporting this to the maintainers of class org.openjdk.jmh.util.Utils
WARNING: sun.misc.Unsafe::objectFieldOffset will be removed in a future release
# Warmup Iteration   1: 11842.702 ms/op
Iteration   1: 11356.459 ms/op
                 postReturnForceNanos: 3574693219.000 #

Iteration   2: 11412.188 ms/op
                 postReturnForceNanos: 3140192967.000 #

Iteration   3: 11917.752 ms/op
                 postReturnForceNanos: 2949736410.000 #

Iteration   4: 11222.253 ms/op
                 postReturnForceNanos: 3086023797.000 #

Iteration   5: 11248.771 ms/op
                 jfr:                  (text only)
                 postReturnForceNanos: 3135219574.000 #

# Processing profiler results: JavaFlightRecorderProfiler 


Result "com.swirlds.benchmark.LongListSnapshotBenchmark.writeToFile":
  N = 5
  mean =  11431.484 ±(99.9%) 1088.479 ms/op

  Histogram, ms/op:
    [11200.000, 11250.000) = 2 
    [11250.000, 11300.000) = 0 
    [11300.000, 11350.000) = 0 
    [11350.000, 11400.000) = 1 
    [11400.000, 11450.000) = 1 
    [11450.000, 11500.000) = 0 
    [11500.000, 11550.000) = 0 
    [11550.000, 11600.000) = 0 
    [11600.000, 11650.000) = 0 
    [11650.000, 11700.000) = 0 
    [11700.000, 11750.000) = 0 
    [11750.000, 11800.000) = 0 
    [11800.000, 11850.000) = 0 
    [11850.000, 11900.000) = 0 
    [11900.000, 11950.000) = 1 

  Percentiles, ms/op:
      p(0.0000) =  11222.253 ms/op
     p(50.0000) =  11356.459 ms/op
     p(90.0000) =  11917.752 ms/op
     p(95.0000) =  11917.752 ms/op
     p(99.0000) =  11917.752 ms/op
     p(99.9000) =  11917.752 ms/op
     p(99.9900) =  11917.752 ms/op
     p(99.9990) =  11917.752 ms/op
     p(99.9999) =  11917.752 ms/op
    p(100.0000) =  11917.752 ms/op

Secondary result "com.swirlds.benchmark.LongListSnapshotBenchmark.writeToFile:jfr":
JFR profiler results:
  /home/nikita.lebedev/hiero-consensus-node/platform-sdk/swirlds-merkledb/build/results/jmh/long-list-force-comparison/20260827T075601Z-418584/jfr/long-list-block-A/com.swirlds.benchmark.LongListSnapshotBenchmark.writeToFile-SingleShotTime-diskCacheState-UNCHANGED-forceToDisk-false-leafCount-1000000000-listImpl-LongListHeap-longListChunkSize-1048576-threadsPerLongList-1-verify-false-workDir-long-list/profile.jfr

Secondary result "com.swirlds.benchmark.LongListSnapshotBenchmark.writeToFile:postReturnForceNanos":
  15885865967.000 ±(99.9%) 0.001 # [Sum]
  (min, avg, max) = (2949736410.000, 3177173193.400, 3574693219.000), stdev = 235151821.695
  CI (99.9%): [15885865967.000, 15885865967.000] (assumes normal distribution)


# JMH version: 1.37
# VM version: JDK 25.0.2, OpenJDK 64-Bit Server VM, 25.0.2+10-LTS
# VM invoker: /home/nikita.lebedev/.local/jdks/jdk-25.0.2+10/bin/java
# VM options: -Xms512m -Xmx16g -XX:MaxDirectMemorySize=16g
# Blackhole mode: compiler (auto-detected, use -Djmh.blackhole.autoDetect=false to disable)
# Warmup: 1 iterations, single-shot each
# Measurement: 5 iterations, single-shot each
# Timeout: 60 min per iteration
# Threads: 1 thread
# Benchmark mode: Single shot invocation time
# Benchmark: com.swirlds.benchmark.LongListSnapshotBenchmark.writeToFile
# Parameters: (diskCacheState = UNCHANGED, forceToDisk = false, leafCount = 1000000000, listImpl = LongListHeap, longListChunkSize = 1048576, threadsPerLongList = 8, verify = false, workDir = long-list)

# Run progress: 55.00% complete, ETA 00:14:59
# Fork: 1 of 1
# Preparing profilers: JavaFlightRecorderProfiler 
WARNING: A terminally deprecated method in sun.misc.Unsafe has been called
WARNING: sun.misc.Unsafe::objectFieldOffset has been called by org.openjdk.jmh.util.Utils (file:/home/nikita.lebedev/hiero-consensus-node/platform-sdk/swirlds-merkledb/build/libs/swirlds-merkledb-0.79.0-SNAPSHOT-jmh.jar)
WARNING: Please consider reporting this to the maintainers of class org.openjdk.jmh.util.Utils
WARNING: sun.misc.Unsafe::objectFieldOffset will be removed in a future release
# Warmup Iteration   1: 5629.044 ms/op
Iteration   1: 5483.558 ms/op
                 postReturnForceNanos: 7164103564.000 #

Iteration   2: 5429.919 ms/op
                 postReturnForceNanos: 7225462140.000 #

Iteration   3: 5212.904 ms/op
                 postReturnForceNanos: 7304362918.000 #

Iteration   4: 5132.972 ms/op
                 postReturnForceNanos: 7444098767.000 #

Iteration   5: 5323.177 ms/op
                 jfr:                  (text only)
                 postReturnForceNanos: 7263298230.000 #

# Processing profiler results: JavaFlightRecorderProfiler 


Result "com.swirlds.benchmark.LongListSnapshotBenchmark.writeToFile":
  N = 5
  mean =   5316.506 ±(99.9%) 562.086 ms/op

  Histogram, ms/op:
    [5100.000, 5125.000) = 0 
    [5125.000, 5150.000) = 1 
    [5150.000, 5175.000) = 0 
    [5175.000, 5200.000) = 0 
    [5200.000, 5225.000) = 1 
    [5225.000, 5250.000) = 0 
    [5250.000, 5275.000) = 0 
    [5275.000, 5300.000) = 0 
    [5300.000, 5325.000) = 1 
    [5325.000, 5350.000) = 0 
    [5350.000, 5375.000) = 0 
    [5375.000, 5400.000) = 0 
    [5400.000, 5425.000) = 0 
    [5425.000, 5450.000) = 1 
    [5450.000, 5475.000) = 0 

  Percentiles, ms/op:
      p(0.0000) =   5132.972 ms/op
     p(50.0000) =   5323.177 ms/op
     p(90.0000) =   5483.558 ms/op
     p(95.0000) =   5483.558 ms/op
     p(99.0000) =   5483.558 ms/op
     p(99.9000) =   5483.558 ms/op
     p(99.9900) =   5483.558 ms/op
     p(99.9990) =   5483.558 ms/op
     p(99.9999) =   5483.558 ms/op
    p(100.0000) =   5483.558 ms/op

Secondary result "com.swirlds.benchmark.LongListSnapshotBenchmark.writeToFile:jfr":
JFR profiler results:
  /home/nikita.lebedev/hiero-consensus-node/platform-sdk/swirlds-merkledb/build/results/jmh/long-list-force-comparison/20260827T075601Z-418584/jfr/long-list-block-A/com.swirlds.benchmark.LongListSnapshotBenchmark.writeToFile-SingleShotTime-diskCacheState-UNCHANGED-forceToDisk-false-leafCount-1000000000-listImpl-LongListHeap-longListChunkSize-1048576-threadsPerLongList-8-verify-false-workDir-long-list/profile.jfr

Secondary result "com.swirlds.benchmark.LongListSnapshotBenchmark.writeToFile:postReturnForceNanos":
  36401325619.000 ±(99.9%) 0.001 # [Sum]
  (min, avg, max) = (7164103564.000, 7280265123.800, 7444098767.000), stdev = 105127204.880
  CI (99.9%): [36401325619.000, 36401325619.000] (assumes normal distribution)


# JMH version: 1.37
# VM version: JDK 25.0.2, OpenJDK 64-Bit Server VM, 25.0.2+10-LTS
# VM invoker: /home/nikita.lebedev/.local/jdks/jdk-25.0.2+10/bin/java
# VM options: -Xms512m -Xmx16g -XX:MaxDirectMemorySize=16g
# Blackhole mode: compiler (auto-detected, use -Djmh.blackhole.autoDetect=false to disable)
# Warmup: 1 iterations, single-shot each
# Measurement: 5 iterations, single-shot each
# Timeout: 60 min per iteration
# Threads: 1 thread
# Benchmark mode: Single shot invocation time
# Benchmark: com.swirlds.benchmark.LongListSnapshotBenchmark.writeToFile
# Parameters: (diskCacheState = UNCHANGED, forceToDisk = false, leafCount = 1000000000, listImpl = LongListOffHeap, longListChunkSize = 1048576, threadsPerLongList = 1, verify = false, workDir = long-list)

# Run progress: 60.00% complete, ETA 00:13:13
# Fork: 1 of 1
# Preparing profilers: JavaFlightRecorderProfiler 
WARNING: A terminally deprecated method in sun.misc.Unsafe has been called
WARNING: sun.misc.Unsafe::objectFieldOffset has been called by org.openjdk.jmh.util.Utils (file:/home/nikita.lebedev/hiero-consensus-node/platform-sdk/swirlds-merkledb/build/libs/swirlds-merkledb-0.79.0-SNAPSHOT-jmh.jar)
WARNING: Please consider reporting this to the maintainers of class org.openjdk.jmh.util.Utils
WARNING: sun.misc.Unsafe::objectFieldOffset will be removed in a future release
# Warmup Iteration   1: 9383.927 ms/op
Iteration   1: 9674.283 ms/op
                 postReturnForceNanos: 4206391987.000 #

Iteration   2: 9698.058 ms/op
                 postReturnForceNanos: 4141738303.000 #

Iteration   3: 10014.188 ms/op
                 postReturnForceNanos: 3867707312.000 #

Iteration   4: 9877.025 ms/op
                 postReturnForceNanos: 3872987691.000 #

Iteration   5: 9968.363 ms/op
                 jfr:                  (text only)
                 postReturnForceNanos: 3980203881.000 #

# Processing profiler results: JavaFlightRecorderProfiler 


Result "com.swirlds.benchmark.LongListSnapshotBenchmark.writeToFile":
  N = 5
  mean =   9846.383 ±(99.9%) 595.280 ms/op

  Histogram, ms/op:
    [ 9600.000,  9650.000) = 0 
    [ 9650.000,  9700.000) = 2 
    [ 9700.000,  9750.000) = 0 
    [ 9750.000,  9800.000) = 0 
    [ 9800.000,  9850.000) = 0 
    [ 9850.000,  9900.000) = 1 
    [ 9900.000,  9950.000) = 0 
    [ 9950.000, 10000.000) = 1 
    [10000.000, 10050.000) = 1 

  Percentiles, ms/op:
      p(0.0000) =   9674.283 ms/op
     p(50.0000) =   9877.025 ms/op
     p(90.0000) =  10014.188 ms/op
     p(95.0000) =  10014.188 ms/op
     p(99.0000) =  10014.188 ms/op
     p(99.9000) =  10014.188 ms/op
     p(99.9900) =  10014.188 ms/op
     p(99.9990) =  10014.188 ms/op
     p(99.9999) =  10014.188 ms/op
    p(100.0000) =  10014.188 ms/op

Secondary result "com.swirlds.benchmark.LongListSnapshotBenchmark.writeToFile:jfr":
JFR profiler results:
  /home/nikita.lebedev/hiero-consensus-node/platform-sdk/swirlds-merkledb/build/results/jmh/long-list-force-comparison/20260827T075601Z-418584/jfr/long-list-block-A/com.swirlds.benchmark.LongListSnapshotBenchmark.writeToFile-SingleShotTime-diskCacheState-UNCHANGED-forceToDisk-false-leafCount-1000000000-listImpl-LongListOffHeap-longListChunkSize-1048576-threadsPerLongList-1-verify-false-workDir-long-list/profile.jfr

Secondary result "com.swirlds.benchmark.LongListSnapshotBenchmark.writeToFile:postReturnForceNanos":
  20069029174.000 ±(99.9%) 0.001 # [Sum]
  (min, avg, max) = (3867707312.000, 4013805834.800, 4206391987.000), stdev = 154725371.001
  CI (99.9%): [20069029174.000, 20069029174.000] (assumes normal distribution)


# JMH version: 1.37
# VM version: JDK 25.0.2, OpenJDK 64-Bit Server VM, 25.0.2+10-LTS
# VM invoker: /home/nikita.lebedev/.local/jdks/jdk-25.0.2+10/bin/java
# VM options: -Xms512m -Xmx16g -XX:MaxDirectMemorySize=16g
# Blackhole mode: compiler (auto-detected, use -Djmh.blackhole.autoDetect=false to disable)
# Warmup: 1 iterations, single-shot each
# Measurement: 5 iterations, single-shot each
# Timeout: 60 min per iteration
# Threads: 1 thread
# Benchmark mode: Single shot invocation time
# Benchmark: com.swirlds.benchmark.LongListSnapshotBenchmark.writeToFile
# Parameters: (diskCacheState = UNCHANGED, forceToDisk = false, leafCount = 1000000000, listImpl = LongListOffHeap, longListChunkSize = 1048576, threadsPerLongList = 8, verify = false, workDir = long-list)

# Run progress: 65.00% complete, ETA 00:11:31
# Fork: 1 of 1
# Preparing profilers: JavaFlightRecorderProfiler 
WARNING: A terminally deprecated method in sun.misc.Unsafe has been called
WARNING: sun.misc.Unsafe::objectFieldOffset has been called by org.openjdk.jmh.util.Utils (file:/home/nikita.lebedev/hiero-consensus-node/platform-sdk/swirlds-merkledb/build/libs/swirlds-merkledb-0.79.0-SNAPSHOT-jmh.jar)
WARNING: Please consider reporting this to the maintainers of class org.openjdk.jmh.util.Utils
WARNING: sun.misc.Unsafe::objectFieldOffset will be removed in a future release
# Warmup Iteration   1: 7364.130 ms/op
Iteration   1: 7348.566 ms/op
                 postReturnForceNanos: 5992533492.000 #

Iteration   2: 7669.799 ms/op
                 postReturnForceNanos: 5797368990.000 #

Iteration   3: 7087.097 ms/op
                 postReturnForceNanos: 6193975002.000 #

Iteration   4: 7406.307 ms/op
                 postReturnForceNanos: 5834571062.000 #

Iteration   5: 7587.759 ms/op
                 jfr:                  (text only)
                 postReturnForceNanos: 5672571999.000 #

# Processing profiler results: JavaFlightRecorderProfiler 


Result "com.swirlds.benchmark.LongListSnapshotBenchmark.writeToFile":
  N = 5
  mean =   7419.906 ±(99.9%) 875.244 ms/op

  Histogram, ms/op:
    [7000.000, 7050.000) = 0 
    [7050.000, 7100.000) = 1 
    [7100.000, 7150.000) = 0 
    [7150.000, 7200.000) = 0 
    [7200.000, 7250.000) = 0 
    [7250.000, 7300.000) = 0 
    [7300.000, 7350.000) = 1 
    [7350.000, 7400.000) = 0 
    [7400.000, 7450.000) = 1 
    [7450.000, 7500.000) = 0 
    [7500.000, 7550.000) = 0 
    [7550.000, 7600.000) = 1 
    [7600.000, 7650.000) = 0 

  Percentiles, ms/op:
      p(0.0000) =   7087.097 ms/op
     p(50.0000) =   7406.307 ms/op
     p(90.0000) =   7669.799 ms/op
     p(95.0000) =   7669.799 ms/op
     p(99.0000) =   7669.799 ms/op
     p(99.9000) =   7669.799 ms/op
     p(99.9900) =   7669.799 ms/op
     p(99.9990) =   7669.799 ms/op
     p(99.9999) =   7669.799 ms/op
    p(100.0000) =   7669.799 ms/op

Secondary result "com.swirlds.benchmark.LongListSnapshotBenchmark.writeToFile:jfr":
JFR profiler results:
  /home/nikita.lebedev/hiero-consensus-node/platform-sdk/swirlds-merkledb/build/results/jmh/long-list-force-comparison/20260827T075601Z-418584/jfr/long-list-block-A/com.swirlds.benchmark.LongListSnapshotBenchmark.writeToFile-SingleShotTime-diskCacheState-UNCHANGED-forceToDisk-false-leafCount-1000000000-listImpl-LongListOffHeap-longListChunkSize-1048576-threadsPerLongList-8-verify-false-workDir-long-list/profile.jfr

Secondary result "com.swirlds.benchmark.LongListSnapshotBenchmark.writeToFile:postReturnForceNanos":
  29491020545.000 ±(99.9%) 0.001 # [Sum]
  (min, avg, max) = (5672571999.000, 5898204109.000, 6193975002.000), stdev = 200938540.729
  CI (99.9%): [29491020545.000, 29491020545.000] (assumes normal distribution)


# JMH version: 1.37
# VM version: JDK 25.0.2, OpenJDK 64-Bit Server VM, 25.0.2+10-LTS
# VM invoker: /home/nikita.lebedev/.local/jdks/jdk-25.0.2+10/bin/java
# VM options: -Xms512m -Xmx16g -XX:MaxDirectMemorySize=16g
# Blackhole mode: compiler (auto-detected, use -Djmh.blackhole.autoDetect=false to disable)
# Warmup: 1 iterations, single-shot each
# Measurement: 5 iterations, single-shot each
# Timeout: 60 min per iteration
# Threads: 1 thread
# Benchmark mode: Single shot invocation time
# Benchmark: com.swirlds.benchmark.LongListSnapshotBenchmark.writeToFile
# Parameters: (diskCacheState = UNCHANGED, forceToDisk = false, leafCount = 1000000000, listImpl = LongListSegment, longListChunkSize = 1048576, threadsPerLongList = 1, verify = false, workDir = long-list)

# Run progress: 70.00% complete, ETA 00:09:49
# Fork: 1 of 1
# Preparing profilers: JavaFlightRecorderProfiler 
WARNING: A terminally deprecated method in sun.misc.Unsafe has been called
WARNING: sun.misc.Unsafe::objectFieldOffset has been called by org.openjdk.jmh.util.Utils (file:/home/nikita.lebedev/hiero-consensus-node/platform-sdk/swirlds-merkledb/build/libs/swirlds-merkledb-0.79.0-SNAPSHOT-jmh.jar)
WARNING: Please consider reporting this to the maintainers of class org.openjdk.jmh.util.Utils
WARNING: sun.misc.Unsafe::objectFieldOffset will be removed in a future release
# Warmup Iteration   1: 9310.998 ms/op
Iteration   1: 9661.493 ms/op
                 postReturnForceNanos: 4115793877.000 #

Iteration   2: 9799.188 ms/op
                 postReturnForceNanos: 4060715516.000 #

Iteration   3: 9860.012 ms/op
                 postReturnForceNanos: 3918450144.000 #

Iteration   4: 9667.537 ms/op
                 postReturnForceNanos: 4031921976.000 #

Iteration   5: 10157.983 ms/op
                 jfr:                  (text only)
                 postReturnForceNanos: 3875328711.000 #

# Processing profiler results: JavaFlightRecorderProfiler 


Result "com.swirlds.benchmark.LongListSnapshotBenchmark.writeToFile":
  N = 5
  mean =   9829.243 ±(99.9%) 780.193 ms/op

  Histogram, ms/op:
    [ 9600.000,  9650.000) = 0 
    [ 9650.000,  9700.000) = 2 
    [ 9700.000,  9750.000) = 0 
    [ 9750.000,  9800.000) = 1 
    [ 9800.000,  9850.000) = 0 
    [ 9850.000,  9900.000) = 1 
    [ 9900.000,  9950.000) = 0 
    [ 9950.000, 10000.000) = 0 
    [10000.000, 10050.000) = 0 
    [10050.000, 10100.000) = 0 
    [10100.000, 10150.000) = 0 

  Percentiles, ms/op:
      p(0.0000) =   9661.493 ms/op
     p(50.0000) =   9799.188 ms/op
     p(90.0000) =  10157.983 ms/op
     p(95.0000) =  10157.983 ms/op
     p(99.0000) =  10157.983 ms/op
     p(99.9000) =  10157.983 ms/op
     p(99.9900) =  10157.983 ms/op
     p(99.9990) =  10157.983 ms/op
     p(99.9999) =  10157.983 ms/op
    p(100.0000) =  10157.983 ms/op

Secondary result "com.swirlds.benchmark.LongListSnapshotBenchmark.writeToFile:jfr":
JFR profiler results:
  /home/nikita.lebedev/hiero-consensus-node/platform-sdk/swirlds-merkledb/build/results/jmh/long-list-force-comparison/20260827T075601Z-418584/jfr/long-list-block-A/com.swirlds.benchmark.LongListSnapshotBenchmark.writeToFile-SingleShotTime-diskCacheState-UNCHANGED-forceToDisk-false-leafCount-1000000000-listImpl-LongListSegment-longListChunkSize-1048576-threadsPerLongList-1-verify-false-workDir-long-list/profile.jfr

Secondary result "com.swirlds.benchmark.LongListSnapshotBenchmark.writeToFile:postReturnForceNanos":
  20002210224.000 ±(99.9%) 0.001 # [Sum]
  (min, avg, max) = (3875328711.000, 4000442044.800, 4115793877.000), stdev = 100381697.388
  CI (99.9%): [20002210224.000, 20002210224.000] (assumes normal distribution)


# JMH version: 1.37
# VM version: JDK 25.0.2, OpenJDK 64-Bit Server VM, 25.0.2+10-LTS
# VM invoker: /home/nikita.lebedev/.local/jdks/jdk-25.0.2+10/bin/java
# VM options: -Xms512m -Xmx16g -XX:MaxDirectMemorySize=16g
# Blackhole mode: compiler (auto-detected, use -Djmh.blackhole.autoDetect=false to disable)
# Warmup: 1 iterations, single-shot each
# Measurement: 5 iterations, single-shot each
# Timeout: 60 min per iteration
# Threads: 1 thread
# Benchmark mode: Single shot invocation time
# Benchmark: com.swirlds.benchmark.LongListSnapshotBenchmark.writeToFile
# Parameters: (diskCacheState = UNCHANGED, forceToDisk = false, leafCount = 1000000000, listImpl = LongListSegment, longListChunkSize = 1048576, threadsPerLongList = 8, verify = false, workDir = long-list)

# Run progress: 75.00% complete, ETA 00:08:09
# Fork: 1 of 1
# Preparing profilers: JavaFlightRecorderProfiler 
WARNING: A terminally deprecated method in sun.misc.Unsafe has been called
WARNING: sun.misc.Unsafe::objectFieldOffset has been called by org.openjdk.jmh.util.Utils (file:/home/nikita.lebedev/hiero-consensus-node/platform-sdk/swirlds-merkledb/build/libs/swirlds-merkledb-0.79.0-SNAPSHOT-jmh.jar)
WARNING: Please consider reporting this to the maintainers of class org.openjdk.jmh.util.Utils
WARNING: sun.misc.Unsafe::objectFieldOffset will be removed in a future release
# Warmup Iteration   1: 7593.800 ms/op
Iteration   1: 7613.172 ms/op
                 postReturnForceNanos: 5752710407.000 #

Iteration   2: 7685.872 ms/op
                 postReturnForceNanos: 5758078442.000 #

Iteration   3: 7616.165 ms/op
                 postReturnForceNanos: 5625460003.000 #

Iteration   4: 7419.492 ms/op
                 postReturnForceNanos: 5885509838.000 #

Iteration   5: 7647.474 ms/op
                 jfr:                  (text only)
                 postReturnForceNanos: 5937562524.000 #

# Processing profiler results: JavaFlightRecorderProfiler 


Result "com.swirlds.benchmark.LongListSnapshotBenchmark.writeToFile":
  N = 5
  mean =   7596.435 ±(99.9%) 397.300 ms/op

  Histogram, ms/op:
    [7400.000, 7425.000) = 1 
    [7425.000, 7450.000) = 0 
    [7450.000, 7475.000) = 0 
    [7475.000, 7500.000) = 0 
    [7500.000, 7525.000) = 0 
    [7525.000, 7550.000) = 0 
    [7550.000, 7575.000) = 0 
    [7575.000, 7600.000) = 0 
    [7600.000, 7625.000) = 2 
    [7625.000, 7650.000) = 1 
    [7650.000, 7675.000) = 0 

  Percentiles, ms/op:
      p(0.0000) =   7419.492 ms/op
     p(50.0000) =   7616.165 ms/op
     p(90.0000) =   7685.872 ms/op
     p(95.0000) =   7685.872 ms/op
     p(99.0000) =   7685.872 ms/op
     p(99.9000) =   7685.872 ms/op
     p(99.9900) =   7685.872 ms/op
     p(99.9990) =   7685.872 ms/op
     p(99.9999) =   7685.872 ms/op
    p(100.0000) =   7685.872 ms/op

Secondary result "com.swirlds.benchmark.LongListSnapshotBenchmark.writeToFile:jfr":
JFR profiler results:
  /home/nikita.lebedev/hiero-consensus-node/platform-sdk/swirlds-merkledb/build/results/jmh/long-list-force-comparison/20260827T075601Z-418584/jfr/long-list-block-A/com.swirlds.benchmark.LongListSnapshotBenchmark.writeToFile-SingleShotTime-diskCacheState-UNCHANGED-forceToDisk-false-leafCount-1000000000-listImpl-LongListSegment-longListChunkSize-1048576-threadsPerLongList-8-verify-false-workDir-long-list/profile.jfr

Secondary result "com.swirlds.benchmark.LongListSnapshotBenchmark.writeToFile:postReturnForceNanos":
  28959321214.000 ±(99.9%) 0.001 # [Sum]
  (min, avg, max) = (5625460003.000, 5791864242.800, 5937562524.000), stdev = 122843763.438
  CI (99.9%): [28959321214.000, 28959321214.000] (assumes normal distribution)


# JMH version: 1.37
# VM version: JDK 25.0.2, OpenJDK 64-Bit Server VM, 25.0.2+10-LTS
# VM invoker: /home/nikita.lebedev/.local/jdks/jdk-25.0.2+10/bin/java
# VM options: -Xms512m -Xmx16g -XX:MaxDirectMemorySize=16g
# Blackhole mode: compiler (auto-detected, use -Djmh.blackhole.autoDetect=false to disable)
# Warmup: 1 iterations, single-shot each
# Measurement: 5 iterations, single-shot each
# Timeout: 60 min per iteration
# Threads: 1 thread
# Benchmark mode: Single shot invocation time
# Benchmark: com.swirlds.benchmark.LongListSnapshotBenchmark.writeToFile
# Parameters: (diskCacheState = UNCHANGED, forceToDisk = false, leafCount = 1000000000, listImpl = LongListDisk, longListChunkSize = 1048576, threadsPerLongList = 1, verify = false, workDir = long-list)

# Run progress: 80.00% complete, ETA 00:06:30
# Fork: 1 of 1
# Preparing profilers: JavaFlightRecorderProfiler 
WARNING: A terminally deprecated method in sun.misc.Unsafe has been called
WARNING: sun.misc.Unsafe::objectFieldOffset has been called by org.openjdk.jmh.util.Utils (file:/home/nikita.lebedev/hiero-consensus-node/platform-sdk/swirlds-merkledb/build/libs/swirlds-merkledb-0.79.0-SNAPSHOT-jmh.jar)
WARNING: Please consider reporting this to the maintainers of class org.openjdk.jmh.util.Utils
WARNING: sun.misc.Unsafe::objectFieldOffset will be removed in a future release
# Warmup Iteration   1: 10982.643 ms/op
Iteration   1: 11382.710 ms/op
                 postReturnForceNanos: 3122782029.000 #

Iteration   2: 11288.916 ms/op
                 postReturnForceNanos: 3299251366.000 #

Iteration   3: 11339.281 ms/op
                 postReturnForceNanos: 3520921516.000 #

Iteration   4: 11203.233 ms/op
                 postReturnForceNanos: 3440521099.000 #

Iteration   5: 11321.271 ms/op
                 jfr:                  (text only)
                 postReturnForceNanos: 3294068664.000 #

# Processing profiler results: JavaFlightRecorderProfiler 


Result "com.swirlds.benchmark.LongListSnapshotBenchmark.writeToFile":
  N = 5
  mean =  11307.082 ±(99.9%) 258.828 ms/op

  Histogram, ms/op:
    [11200.000, 11212.500) = 1 
    [11212.500, 11225.000) = 0 
    [11225.000, 11237.500) = 0 
    [11237.500, 11250.000) = 0 
    [11250.000, 11262.500) = 0 
    [11262.500, 11275.000) = 0 
    [11275.000, 11287.500) = 0 
    [11287.500, 11300.000) = 1 
    [11300.000, 11312.500) = 0 
    [11312.500, 11325.000) = 1 
    [11325.000, 11337.500) = 0 
    [11337.500, 11350.000) = 1 
    [11350.000, 11362.500) = 0 
    [11362.500, 11375.000) = 0 
    [11375.000, 11387.500) = 1 

  Percentiles, ms/op:
      p(0.0000) =  11203.233 ms/op
     p(50.0000) =  11321.271 ms/op
     p(90.0000) =  11382.710 ms/op
     p(95.0000) =  11382.710 ms/op
     p(99.0000) =  11382.710 ms/op
     p(99.9000) =  11382.710 ms/op
     p(99.9900) =  11382.710 ms/op
     p(99.9990) =  11382.710 ms/op
     p(99.9999) =  11382.710 ms/op
    p(100.0000) =  11382.710 ms/op

Secondary result "com.swirlds.benchmark.LongListSnapshotBenchmark.writeToFile:jfr":
JFR profiler results:
  /home/nikita.lebedev/hiero-consensus-node/platform-sdk/swirlds-merkledb/build/results/jmh/long-list-force-comparison/20260827T075601Z-418584/jfr/long-list-block-A/com.swirlds.benchmark.LongListSnapshotBenchmark.writeToFile-SingleShotTime-diskCacheState-UNCHANGED-forceToDisk-false-leafCount-1000000000-listImpl-LongListDisk-longListChunkSize-1048576-threadsPerLongList-1-verify-false-workDir-long-list/profile.jfr

Secondary result "com.swirlds.benchmark.LongListSnapshotBenchmark.writeToFile:postReturnForceNanos":
  16677544674.000 ±(99.9%) 0.001 # [Sum]
  (min, avg, max) = (3122782029.000, 3335508934.800, 3520921516.000), stdev = 153044130.635
  CI (99.9%): [16677544674.000, 16677544674.000] (assumes normal distribution)


# JMH version: 1.37
# VM version: JDK 25.0.2, OpenJDK 64-Bit Server VM, 25.0.2+10-LTS
# VM invoker: /home/nikita.lebedev/.local/jdks/jdk-25.0.2+10/bin/java
# VM options: -Xms512m -Xmx16g -XX:MaxDirectMemorySize=16g
# Blackhole mode: compiler (auto-detected, use -Djmh.blackhole.autoDetect=false to disable)
# Warmup: 1 iterations, single-shot each
# Measurement: 5 iterations, single-shot each
# Timeout: 60 min per iteration
# Threads: 1 thread
# Benchmark mode: Single shot invocation time
# Benchmark: com.swirlds.benchmark.LongListSnapshotBenchmark.writeToFile
# Parameters: (diskCacheState = UNCHANGED, forceToDisk = false, leafCount = 1000000000, listImpl = LongListDisk, longListChunkSize = 1048576, threadsPerLongList = 8, verify = false, workDir = long-list)

# Run progress: 85.00% complete, ETA 00:04:54
# Fork: 1 of 1
# Preparing profilers: JavaFlightRecorderProfiler 
WARNING: A terminally deprecated method in sun.misc.Unsafe has been called
WARNING: sun.misc.Unsafe::objectFieldOffset has been called by org.openjdk.jmh.util.Utils (file:/home/nikita.lebedev/hiero-consensus-node/platform-sdk/swirlds-merkledb/build/libs/swirlds-merkledb-0.79.0-SNAPSHOT-jmh.jar)
WARNING: Please consider reporting this to the maintainers of class org.openjdk.jmh.util.Utils
WARNING: sun.misc.Unsafe::objectFieldOffset will be removed in a future release
# Warmup Iteration   1: 8838.508 ms/op
Iteration   1: 7564.783 ms/op
                 postReturnForceNanos: 5821361110.000 #

Iteration   2: 7488.879 ms/op
                 postReturnForceNanos: 6079505962.000 #

Iteration   3: 7514.009 ms/op
                 postReturnForceNanos: 5908644858.000 #

Iteration   4: 7776.098 ms/op
                 postReturnForceNanos: 5757159022.000 #

Iteration   5: 7601.111 ms/op
                 jfr:                  (text only)
                 postReturnForceNanos: 5767792033.000 #

# Processing profiler results: JavaFlightRecorderProfiler 


Result "com.swirlds.benchmark.LongListSnapshotBenchmark.writeToFile":
  N = 5
  mean =   7588.976 ±(99.9%) 436.443 ms/op

  Histogram, ms/op:
    [7400.000, 7425.000) = 0 
    [7425.000, 7450.000) = 0 
    [7450.000, 7475.000) = 0 
    [7475.000, 7500.000) = 1 
    [7500.000, 7525.000) = 1 
    [7525.000, 7550.000) = 0 
    [7550.000, 7575.000) = 1 
    [7575.000, 7600.000) = 0 
    [7600.000, 7625.000) = 1 
    [7625.000, 7650.000) = 0 
    [7650.000, 7675.000) = 0 
    [7675.000, 7700.000) = 0 
    [7700.000, 7725.000) = 0 
    [7725.000, 7750.000) = 0 
    [7750.000, 7775.000) = 0 

  Percentiles, ms/op:
      p(0.0000) =   7488.879 ms/op
     p(50.0000) =   7564.783 ms/op
     p(90.0000) =   7776.098 ms/op
     p(95.0000) =   7776.098 ms/op
     p(99.0000) =   7776.098 ms/op
     p(99.9000) =   7776.098 ms/op
     p(99.9900) =   7776.098 ms/op
     p(99.9990) =   7776.098 ms/op
     p(99.9999) =   7776.098 ms/op
    p(100.0000) =   7776.098 ms/op

Secondary result "com.swirlds.benchmark.LongListSnapshotBenchmark.writeToFile:jfr":
JFR profiler results:
  /home/nikita.lebedev/hiero-consensus-node/platform-sdk/swirlds-merkledb/build/results/jmh/long-list-force-comparison/20260827T075601Z-418584/jfr/long-list-block-A/com.swirlds.benchmark.LongListSnapshotBenchmark.writeToFile-SingleShotTime-diskCacheState-UNCHANGED-forceToDisk-false-leafCount-1000000000-listImpl-LongListDisk-longListChunkSize-1048576-threadsPerLongList-8-verify-false-workDir-long-list/profile.jfr

Secondary result "com.swirlds.benchmark.LongListSnapshotBenchmark.writeToFile:postReturnForceNanos":
  29334462985.000 ±(99.9%) 0.001 # [Sum]
  (min, avg, max) = (5757159022.000, 5866892597.000, 6079505962.000), stdev = 133119485.661
  CI (99.9%): [29334462985.000, 29334462985.000] (assumes normal distribution)


# JMH version: 1.37
# VM version: JDK 25.0.2, OpenJDK 64-Bit Server VM, 25.0.2+10-LTS
# VM invoker: /home/nikita.lebedev/.local/jdks/jdk-25.0.2+10/bin/java
# VM options: -Xms512m -Xmx16g -XX:MaxDirectMemorySize=16g
# Blackhole mode: compiler (auto-detected, use -Djmh.blackhole.autoDetect=false to disable)
# Warmup: 1 iterations, single-shot each
# Measurement: 5 iterations, single-shot each
# Timeout: 60 min per iteration
# Threads: 1 thread
# Benchmark mode: Single shot invocation time
# Benchmark: com.swirlds.benchmark.LongListSnapshotBenchmark.writeToFile
# Parameters: (diskCacheState = UNCHANGED, forceToDisk = false, leafCount = 1000000000, listImpl = LongListDiskSegment, longListChunkSize = 1048576, threadsPerLongList = 1, verify = false, workDir = long-list)

# Run progress: 90.00% complete, ETA 00:03:17
# Fork: 1 of 1
# Preparing profilers: JavaFlightRecorderProfiler 
WARNING: A terminally deprecated method in sun.misc.Unsafe has been called
WARNING: sun.misc.Unsafe::objectFieldOffset has been called by org.openjdk.jmh.util.Utils (file:/home/nikita.lebedev/hiero-consensus-node/platform-sdk/swirlds-merkledb/build/libs/swirlds-merkledb-0.79.0-SNAPSHOT-jmh.jar)
WARNING: Please consider reporting this to the maintainers of class org.openjdk.jmh.util.Utils
WARNING: sun.misc.Unsafe::objectFieldOffset will be removed in a future release
# Warmup Iteration   1: 10360.445 ms/op
Iteration   1: 9696.078 ms/op
                 postReturnForceNanos: 4359733949.000 #

Iteration   2: 9672.612 ms/op
                 postReturnForceNanos: 4537770506.000 #

Iteration   3: 9712.713 ms/op
                 postReturnForceNanos: 4184396645.000 #

Iteration   4: 10096.653 ms/op
                 postReturnForceNanos: 4216435219.000 #

Iteration   5: 9960.623 ms/op
                 jfr:                  (text only)
                 postReturnForceNanos: 4184964808.000 #

# Processing profiler results: JavaFlightRecorderProfiler 


Result "com.swirlds.benchmark.LongListSnapshotBenchmark.writeToFile":
  N = 5
  mean =   9827.736 ±(99.9%) 732.136 ms/op

  Histogram, ms/op:
    [ 9600.000,  9650.000) = 0 
    [ 9650.000,  9700.000) = 2 
    [ 9700.000,  9750.000) = 1 
    [ 9750.000,  9800.000) = 0 
    [ 9800.000,  9850.000) = 0 
    [ 9850.000,  9900.000) = 0 
    [ 9900.000,  9950.000) = 0 
    [ 9950.000, 10000.000) = 1 
    [10000.000, 10050.000) = 0 

  Percentiles, ms/op:
      p(0.0000) =   9672.612 ms/op
     p(50.0000) =   9712.713 ms/op
     p(90.0000) =  10096.653 ms/op
     p(95.0000) =  10096.653 ms/op
     p(99.0000) =  10096.653 ms/op
     p(99.9000) =  10096.653 ms/op
     p(99.9900) =  10096.653 ms/op
     p(99.9990) =  10096.653 ms/op
     p(99.9999) =  10096.653 ms/op
    p(100.0000) =  10096.653 ms/op

Secondary result "com.swirlds.benchmark.LongListSnapshotBenchmark.writeToFile:jfr":
JFR profiler results:
  /home/nikita.lebedev/hiero-consensus-node/platform-sdk/swirlds-merkledb/build/results/jmh/long-list-force-comparison/20260827T075601Z-418584/jfr/long-list-block-A/com.swirlds.benchmark.LongListSnapshotBenchmark.writeToFile-SingleShotTime-diskCacheState-UNCHANGED-forceToDisk-false-leafCount-1000000000-listImpl-LongListDiskSegment-longListChunkSize-1048576-threadsPerLongList-1-verify-false-workDir-long-list/profile.jfr

Secondary result "com.swirlds.benchmark.LongListSnapshotBenchmark.writeToFile:postReturnForceNanos":
  21483301127.000 ±(99.9%) 0.001 # [Sum]
  (min, avg, max) = (4184396645.000, 4296660225.400, 4537770506.000), stdev = 152993048.391
  CI (99.9%): [21483301127.000, 21483301127.000] (assumes normal distribution)


# JMH version: 1.37
# VM version: JDK 25.0.2, OpenJDK 64-Bit Server VM, 25.0.2+10-LTS
# VM invoker: /home/nikita.lebedev/.local/jdks/jdk-25.0.2+10/bin/java
# VM options: -Xms512m -Xmx16g -XX:MaxDirectMemorySize=16g
# Blackhole mode: compiler (auto-detected, use -Djmh.blackhole.autoDetect=false to disable)
# Warmup: 1 iterations, single-shot each
# Measurement: 5 iterations, single-shot each
# Timeout: 60 min per iteration
# Threads: 1 thread
# Benchmark mode: Single shot invocation time
# Benchmark: com.swirlds.benchmark.LongListSnapshotBenchmark.writeToFile
# Parameters: (diskCacheState = UNCHANGED, forceToDisk = false, leafCount = 1000000000, listImpl = LongListDiskSegment, longListChunkSize = 1048576, threadsPerLongList = 8, verify = false, workDir = long-list)

# Run progress: 95.00% complete, ETA 00:01:38
# Fork: 1 of 1
# Preparing profilers: JavaFlightRecorderProfiler 
WARNING: A terminally deprecated method in sun.misc.Unsafe has been called
WARNING: sun.misc.Unsafe::objectFieldOffset has been called by org.openjdk.jmh.util.Utils (file:/home/nikita.lebedev/hiero-consensus-node/platform-sdk/swirlds-merkledb/build/libs/swirlds-merkledb-0.79.0-SNAPSHOT-jmh.jar)
WARNING: Please consider reporting this to the maintainers of class org.openjdk.jmh.util.Utils
WARNING: sun.misc.Unsafe::objectFieldOffset will be removed in a future release
# Warmup Iteration   1: 8272.173 ms/op
Iteration   1: 7459.205 ms/op
                 postReturnForceNanos: 5868802172.000 #

Iteration   2: 7623.650 ms/op
                 postReturnForceNanos: 5793680956.000 #

Iteration   3: 7439.933 ms/op
                 postReturnForceNanos: 5934031566.000 #

Iteration   4: 7631.136 ms/op
                 postReturnForceNanos: 5786679534.000 #

Iteration   5: 7417.776 ms/op
                 jfr:                  (text only)
                 postReturnForceNanos: 5974247893.000 #

# Processing profiler results: JavaFlightRecorderProfiler 


Result "com.swirlds.benchmark.LongListSnapshotBenchmark.writeToFile":
  N = 5
  mean =   7514.340 ±(99.9%) 401.515 ms/op

  Histogram, ms/op:
    [7400.000, 7425.000) = 1 
    [7425.000, 7450.000) = 1 
    [7450.000, 7475.000) = 1 
    [7475.000, 7500.000) = 0 
    [7500.000, 7525.000) = 0 
    [7525.000, 7550.000) = 0 
    [7550.000, 7575.000) = 0 
    [7575.000, 7600.000) = 0 
    [7600.000, 7625.000) = 1 
    [7625.000, 7650.000) = 1 
    [7650.000, 7675.000) = 0 

  Percentiles, ms/op:
      p(0.0000) =   7417.776 ms/op
     p(50.0000) =   7459.205 ms/op
     p(90.0000) =   7631.136 ms/op
     p(95.0000) =   7631.136 ms/op
     p(99.0000) =   7631.136 ms/op
     p(99.9000) =   7631.136 ms/op
     p(99.9900) =   7631.136 ms/op
     p(99.9990) =   7631.136 ms/op
     p(99.9999) =   7631.136 ms/op
    p(100.0000) =   7631.136 ms/op

Secondary result "com.swirlds.benchmark.LongListSnapshotBenchmark.writeToFile:jfr":
JFR profiler results:
  /home/nikita.lebedev/hiero-consensus-node/platform-sdk/swirlds-merkledb/build/results/jmh/long-list-force-comparison/20260827T075601Z-418584/jfr/long-list-block-A/com.swirlds.benchmark.LongListSnapshotBenchmark.writeToFile-SingleShotTime-diskCacheState-UNCHANGED-forceToDisk-false-leafCount-1000000000-listImpl-LongListDiskSegment-longListChunkSize-1048576-threadsPerLongList-8-verify-false-workDir-long-list/profile.jfr

Secondary result "com.swirlds.benchmark.LongListSnapshotBenchmark.writeToFile:postReturnForceNanos":
  29357442121.000 ±(99.9%) 0.001 # [Sum]
  (min, avg, max) = (5786679534.000, 5871488424.200, 5974247893.000), stdev = 83254007.306
  CI (99.9%): [29357442121.000, 29357442121.000] (assumes normal distribution)


# Run complete. Total time: 00:32:59

REMEMBER: The numbers below are just data. To gain reusable insights, you need to follow up on
why the numbers are the way they are. Use profilers (see -prof, -lprof), design factorial
experiments, perform baseline and negative tests that provide experimental control, make sure
the benchmarking environment is safe on JVM/OS/HW level, ask for reviews from the domain experts.
Do not assume the numbers tell you what you want them to tell.

NOTE: Current JVM experimentally supports Compiler Blackholes, and they are in use. Please exercise
extra caution when trusting the results, look into the generated code to check the benchmark still
works, and factor in a small probability of new VM bugs. Additionally, while comparisons between
different JVMs are already problematic, the performance difference caused by different Blackhole
modes can be very significant. Please make sure you use the consistent Blackhole mode for comparisons.

Benchmark                                                   (diskCacheState)  (forceToDisk)  (leafCount)           (listImpl)  (longListChunkSize)  (threadsPerLongList)  (verify)  (workDir)  Mode  Cnt            Score      Error  Units
LongListSnapshotBenchmark.writeToFile                              UNCHANGED           true   1000000000         LongListHeap              1048576                     1     false  long-list    ss    5        14498.717 ±  597.817  ms/op
LongListSnapshotBenchmark.writeToFile:jfr                          UNCHANGED           true   1000000000         LongListHeap              1048576                     1     false  long-list    ss                   NaN               ---
LongListSnapshotBenchmark.writeToFile:postReturnForceNanos         UNCHANGED           true   1000000000         LongListHeap              1048576                     1     false  long-list    ss    5              ≈ 0                 #
LongListSnapshotBenchmark.writeToFile                              UNCHANGED           true   1000000000         LongListHeap              1048576                     8     false  long-list    ss    5        12729.414 ±  373.937  ms/op
LongListSnapshotBenchmark.writeToFile:jfr                          UNCHANGED           true   1000000000         LongListHeap              1048576                     8     false  long-list    ss                   NaN               ---
LongListSnapshotBenchmark.writeToFile:postReturnForceNanos         UNCHANGED           true   1000000000         LongListHeap              1048576                     8     false  long-list    ss    5              ≈ 0                 #
LongListSnapshotBenchmark.writeToFile                              UNCHANGED           true   1000000000      LongListOffHeap              1048576                     1     false  long-list    ss    5        13866.232 ±  668.589  ms/op
LongListSnapshotBenchmark.writeToFile:jfr                          UNCHANGED           true   1000000000      LongListOffHeap              1048576                     1     false  long-list    ss                   NaN               ---
LongListSnapshotBenchmark.writeToFile:postReturnForceNanos         UNCHANGED           true   1000000000      LongListOffHeap              1048576                     1     false  long-list    ss    5              ≈ 0                 #
LongListSnapshotBenchmark.writeToFile                              UNCHANGED           true   1000000000      LongListOffHeap              1048576                     8     false  long-list    ss    5        13234.771 ±  129.913  ms/op
LongListSnapshotBenchmark.writeToFile:jfr                          UNCHANGED           true   1000000000      LongListOffHeap              1048576                     8     false  long-list    ss                   NaN               ---
LongListSnapshotBenchmark.writeToFile:postReturnForceNanos         UNCHANGED           true   1000000000      LongListOffHeap              1048576                     8     false  long-list    ss    5              ≈ 0                 #
LongListSnapshotBenchmark.writeToFile                              UNCHANGED           true   1000000000      LongListSegment              1048576                     1     false  long-list    ss    5        13913.851 ±  144.572  ms/op
LongListSnapshotBenchmark.writeToFile:jfr                          UNCHANGED           true   1000000000      LongListSegment              1048576                     1     false  long-list    ss                   NaN               ---
LongListSnapshotBenchmark.writeToFile:postReturnForceNanos         UNCHANGED           true   1000000000      LongListSegment              1048576                     1     false  long-list    ss    5              ≈ 0                 #
LongListSnapshotBenchmark.writeToFile                              UNCHANGED           true   1000000000      LongListSegment              1048576                     8     false  long-list    ss    5        13413.603 ±  651.371  ms/op
LongListSnapshotBenchmark.writeToFile:jfr                          UNCHANGED           true   1000000000      LongListSegment              1048576                     8     false  long-list    ss                   NaN               ---
LongListSnapshotBenchmark.writeToFile:postReturnForceNanos         UNCHANGED           true   1000000000      LongListSegment              1048576                     8     false  long-list    ss    5              ≈ 0                 #
LongListSnapshotBenchmark.writeToFile                              UNCHANGED           true   1000000000         LongListDisk              1048576                     1     false  long-list    ss    5        14692.001 ±  613.295  ms/op
LongListSnapshotBenchmark.writeToFile:jfr                          UNCHANGED           true   1000000000         LongListDisk              1048576                     1     false  long-list    ss                   NaN               ---
LongListSnapshotBenchmark.writeToFile:postReturnForceNanos         UNCHANGED           true   1000000000         LongListDisk              1048576                     1     false  long-list    ss    5              ≈ 0                 #
LongListSnapshotBenchmark.writeToFile                              UNCHANGED           true   1000000000         LongListDisk              1048576                     8     false  long-list    ss    5        13587.163 ±  637.415  ms/op
LongListSnapshotBenchmark.writeToFile:jfr                          UNCHANGED           true   1000000000         LongListDisk              1048576                     8     false  long-list    ss                   NaN               ---
LongListSnapshotBenchmark.writeToFile:postReturnForceNanos         UNCHANGED           true   1000000000         LongListDisk              1048576                     8     false  long-list    ss    5              ≈ 0                 #
LongListSnapshotBenchmark.writeToFile                              UNCHANGED           true   1000000000  LongListDiskSegment              1048576                     1     false  long-list    ss    5        14017.799 ±  499.936  ms/op
LongListSnapshotBenchmark.writeToFile:jfr                          UNCHANGED           true   1000000000  LongListDiskSegment              1048576                     1     false  long-list    ss                   NaN               ---
LongListSnapshotBenchmark.writeToFile:postReturnForceNanos         UNCHANGED           true   1000000000  LongListDiskSegment              1048576                     1     false  long-list    ss    5              ≈ 0                 #
LongListSnapshotBenchmark.writeToFile                              UNCHANGED           true   1000000000  LongListDiskSegment              1048576                     8     false  long-list    ss    5        13366.781 ±  239.672  ms/op
LongListSnapshotBenchmark.writeToFile:jfr                          UNCHANGED           true   1000000000  LongListDiskSegment              1048576                     8     false  long-list    ss                   NaN               ---
LongListSnapshotBenchmark.writeToFile:postReturnForceNanos         UNCHANGED           true   1000000000  LongListDiskSegment              1048576                     8     false  long-list    ss    5              ≈ 0                 #
LongListSnapshotBenchmark.writeToFile                              UNCHANGED          false   1000000000         LongListHeap              1048576                     1     false  long-list    ss    5        11431.484 ± 1088.479  ms/op
LongListSnapshotBenchmark.writeToFile:jfr                          UNCHANGED          false   1000000000         LongListHeap              1048576                     1     false  long-list    ss                   NaN               ---
LongListSnapshotBenchmark.writeToFile:postReturnForceNanos         UNCHANGED          false   1000000000         LongListHeap              1048576                     1     false  long-list    ss    5  15885865967.000                 #
LongListSnapshotBenchmark.writeToFile                              UNCHANGED          false   1000000000         LongListHeap              1048576                     8     false  long-list    ss    5         5316.506 ±  562.086  ms/op
LongListSnapshotBenchmark.writeToFile:jfr                          UNCHANGED          false   1000000000         LongListHeap              1048576                     8     false  long-list    ss                   NaN               ---
LongListSnapshotBenchmark.writeToFile:postReturnForceNanos         UNCHANGED          false   1000000000         LongListHeap              1048576                     8     false  long-list    ss    5  36401325619.000                 #
LongListSnapshotBenchmark.writeToFile                              UNCHANGED          false   1000000000      LongListOffHeap              1048576                     1     false  long-list    ss    5         9846.383 ±  595.280  ms/op
LongListSnapshotBenchmark.writeToFile:jfr                          UNCHANGED          false   1000000000      LongListOffHeap              1048576                     1     false  long-list    ss                   NaN               ---
LongListSnapshotBenchmark.writeToFile:postReturnForceNanos         UNCHANGED          false   1000000000      LongListOffHeap              1048576                     1     false  long-list    ss    5  20069029174.000                 #
LongListSnapshotBenchmark.writeToFile                              UNCHANGED          false   1000000000      LongListOffHeap              1048576                     8     false  long-list    ss    5         7419.906 ±  875.244  ms/op
LongListSnapshotBenchmark.writeToFile:jfr                          UNCHANGED          false   1000000000      LongListOffHeap              1048576                     8     false  long-list    ss                   NaN               ---
LongListSnapshotBenchmark.writeToFile:postReturnForceNanos         UNCHANGED          false   1000000000      LongListOffHeap              1048576                     8     false  long-list    ss    5  29491020545.000                 #
LongListSnapshotBenchmark.writeToFile                              UNCHANGED          false   1000000000      LongListSegment              1048576                     1     false  long-list    ss    5         9829.243 ±  780.193  ms/op
LongListSnapshotBenchmark.writeToFile:jfr                          UNCHANGED          false   1000000000      LongListSegment              1048576                     1     false  long-list    ss                   NaN               ---
LongListSnapshotBenchmark.writeToFile:postReturnForceNanos         UNCHANGED          false   1000000000      LongListSegment              1048576                     1     false  long-list    ss    5  20002210224.000                 #
LongListSnapshotBenchmark.writeToFile                              UNCHANGED          false   1000000000      LongListSegment              1048576                     8     false  long-list    ss    5         7596.435 ±  397.300  ms/op
LongListSnapshotBenchmark.writeToFile:jfr                          UNCHANGED          false   1000000000      LongListSegment              1048576                     8     false  long-list    ss                   NaN               ---
LongListSnapshotBenchmark.writeToFile:postReturnForceNanos         UNCHANGED          false   1000000000      LongListSegment              1048576                     8     false  long-list    ss    5  28959321214.000                 #
LongListSnapshotBenchmark.writeToFile                              UNCHANGED          false   1000000000         LongListDisk              1048576                     1     false  long-list    ss    5        11307.082 ±  258.828  ms/op
LongListSnapshotBenchmark.writeToFile:jfr                          UNCHANGED          false   1000000000         LongListDisk              1048576                     1     false  long-list    ss                   NaN               ---
LongListSnapshotBenchmark.writeToFile:postReturnForceNanos         UNCHANGED          false   1000000000         LongListDisk              1048576                     1     false  long-list    ss    5  16677544674.000                 #
LongListSnapshotBenchmark.writeToFile                              UNCHANGED          false   1000000000         LongListDisk              1048576                     8     false  long-list    ss    5         7588.976 ±  436.443  ms/op
LongListSnapshotBenchmark.writeToFile:jfr                          UNCHANGED          false   1000000000         LongListDisk              1048576                     8     false  long-list    ss                   NaN               ---
LongListSnapshotBenchmark.writeToFile:postReturnForceNanos         UNCHANGED          false   1000000000         LongListDisk              1048576                     8     false  long-list    ss    5  29334462985.000                 #
LongListSnapshotBenchmark.writeToFile                              UNCHANGED          false   1000000000  LongListDiskSegment              1048576                     1     false  long-list    ss    5         9827.736 ±  732.136  ms/op
LongListSnapshotBenchmark.writeToFile:jfr                          UNCHANGED          false   1000000000  LongListDiskSegment              1048576                     1     false  long-list    ss                   NaN               ---
LongListSnapshotBenchmark.writeToFile:postReturnForceNanos         UNCHANGED          false   1000000000  LongListDiskSegment              1048576                     1     false  long-list    ss    5  21483301127.000                 #
LongListSnapshotBenchmark.writeToFile                              UNCHANGED          false   1000000000  LongListDiskSegment              1048576                     8     false  long-list    ss    5         7514.340 ±  401.515  ms/op
LongListSnapshotBenchmark.writeToFile:jfr                          UNCHANGED          false   1000000000  LongListDiskSegment              1048576                     8     false  long-list    ss                   NaN               ---
LongListSnapshotBenchmark.writeToFile:postReturnForceNanos         UNCHANGED          false   1000000000  LongListDiskSegment              1048576                     8     false  long-list    ss    5  29357442121.000                 #

Benchmark result is saved to /home/nikita.lebedev/hiero-consensus-node/platform-sdk/swirlds-merkledb/build/results/jmh/long-list-force-comparison/20260827T075601Z-418584/long-list-block-A.json

Running long-list-block-B, threadsPerLongList={8,1}, forceToDisk={false,true}
WARNING: A terminally deprecated method in sun.misc.Unsafe has been called
WARNING: sun.misc.Unsafe::objectFieldOffset has been called by org.openjdk.jmh.util.Utils (file:/home/nikita.lebedev/hiero-consensus-node/platform-sdk/swirlds-merkledb/build/libs/swirlds-merkledb-0.79.0-SNAPSHOT-jmh.jar)
WARNING: Please consider reporting this to the maintainers of class org.openjdk.jmh.util.Utils
WARNING: sun.misc.Unsafe::objectFieldOffset will be removed in a future release
# JMH version: 1.37
# VM version: JDK 25.0.2, OpenJDK 64-Bit Server VM, 25.0.2+10-LTS
# VM invoker: /home/nikita.lebedev/.local/jdks/jdk-25.0.2+10/bin/java
# VM options: -Xms512m -Xmx16g -XX:MaxDirectMemorySize=16g
# Blackhole mode: compiler (auto-detected, use -Djmh.blackhole.autoDetect=false to disable)
# Warmup: 1 iterations, single-shot each
# Measurement: 5 iterations, single-shot each
# Timeout: 60 min per iteration
# Threads: 1 thread
# Benchmark mode: Single shot invocation time
# Benchmark: com.swirlds.benchmark.LongListSnapshotBenchmark.writeToFile
# Parameters: (diskCacheState = UNCHANGED, forceToDisk = false, leafCount = 1000000000, listImpl = LongListDiskSegment, longListChunkSize = 1048576, threadsPerLongList = 8, verify = false, workDir = long-list)

# Run progress: 0.00% complete, ETA 00:00:00
# Fork: 1 of 1
# Preparing profilers: JavaFlightRecorderProfiler 
WARNING: A terminally deprecated method in sun.misc.Unsafe has been called
WARNING: sun.misc.Unsafe::objectFieldOffset has been called by org.openjdk.jmh.util.Utils (file:/home/nikita.lebedev/hiero-consensus-node/platform-sdk/swirlds-merkledb/build/libs/swirlds-merkledb-0.79.0-SNAPSHOT-jmh.jar)
WARNING: Please consider reporting this to the maintainers of class org.openjdk.jmh.util.Utils
WARNING: sun.misc.Unsafe::objectFieldOffset will be removed in a future release
# Warmup Iteration   1: 7951.877 ms/op
Iteration   1: 7178.011 ms/op
                 postReturnForceNanos: 6203149884.000 #

Iteration   2: 7297.600 ms/op
                 postReturnForceNanos: 5972749819.000 #

Iteration   3: 7594.732 ms/op
                 postReturnForceNanos: 5884711837.000 #

Iteration   4: 7659.260 ms/op
                 postReturnForceNanos: 5728998703.000 #

Iteration   5: 7788.386 ms/op
                 jfr:                  (text only)
                 postReturnForceNanos: 5906484160.000 #

# Processing profiler results: JavaFlightRecorderProfiler 


Result "com.swirlds.benchmark.LongListSnapshotBenchmark.writeToFile":
  N = 5
  mean =   7503.598 ±(99.9%) 985.649 ms/op

  Histogram, ms/op:
    [7100.000, 7150.000) = 0 
    [7150.000, 7200.000) = 1 
    [7200.000, 7250.000) = 0 
    [7250.000, 7300.000) = 1 
    [7300.000, 7350.000) = 0 
    [7350.000, 7400.000) = 0 
    [7400.000, 7450.000) = 0 
    [7450.000, 7500.000) = 0 
    [7500.000, 7550.000) = 0 
    [7550.000, 7600.000) = 1 
    [7600.000, 7650.000) = 0 
    [7650.000, 7700.000) = 1 
    [7700.000, 7750.000) = 0 

  Percentiles, ms/op:
      p(0.0000) =   7178.011 ms/op
     p(50.0000) =   7594.732 ms/op
     p(90.0000) =   7788.386 ms/op
     p(95.0000) =   7788.386 ms/op
     p(99.0000) =   7788.386 ms/op
     p(99.9000) =   7788.386 ms/op
     p(99.9900) =   7788.386 ms/op
     p(99.9990) =   7788.386 ms/op
     p(99.9999) =   7788.386 ms/op
    p(100.0000) =   7788.386 ms/op

Secondary result "com.swirlds.benchmark.LongListSnapshotBenchmark.writeToFile:jfr":
JFR profiler results:
  /home/nikita.lebedev/hiero-consensus-node/platform-sdk/swirlds-merkledb/build/results/jmh/long-list-force-comparison/20260827T075601Z-418584/jfr/long-list-block-B/com.swirlds.benchmark.LongListSnapshotBenchmark.writeToFile-SingleShotTime-diskCacheState-UNCHANGED-forceToDisk-false-leafCount-1000000000-listImpl-LongListDiskSegment-longListChunkSize-1048576-threadsPerLongList-8-verify-false-workDir-long-list/profile.jfr

Secondary result "com.swirlds.benchmark.LongListSnapshotBenchmark.writeToFile:postReturnForceNanos":
  29696094403.000 ±(99.9%) 0.001 # [Sum]
  (min, avg, max) = (5728998703.000, 5939218880.600, 6203149884.000), stdev = 172495652.982
  CI (99.9%): [29696094403.000, 29696094403.000] (assumes normal distribution)


# JMH version: 1.37
# VM version: JDK 25.0.2, OpenJDK 64-Bit Server VM, 25.0.2+10-LTS
# VM invoker: /home/nikita.lebedev/.local/jdks/jdk-25.0.2+10/bin/java
# VM options: -Xms512m -Xmx16g -XX:MaxDirectMemorySize=16g
# Blackhole mode: compiler (auto-detected, use -Djmh.blackhole.autoDetect=false to disable)
# Warmup: 1 iterations, single-shot each
# Measurement: 5 iterations, single-shot each
# Timeout: 60 min per iteration
# Threads: 1 thread
# Benchmark mode: Single shot invocation time
# Benchmark: com.swirlds.benchmark.LongListSnapshotBenchmark.writeToFile
# Parameters: (diskCacheState = UNCHANGED, forceToDisk = false, leafCount = 1000000000, listImpl = LongListDiskSegment, longListChunkSize = 1048576, threadsPerLongList = 1, verify = false, workDir = long-list)

# Run progress: 5.00% complete, ETA 00:32:00
# Fork: 1 of 1
# Preparing profilers: JavaFlightRecorderProfiler 
WARNING: A terminally deprecated method in sun.misc.Unsafe has been called
WARNING: sun.misc.Unsafe::objectFieldOffset has been called by org.openjdk.jmh.util.Utils (file:/home/nikita.lebedev/hiero-consensus-node/platform-sdk/swirlds-merkledb/build/libs/swirlds-merkledb-0.79.0-SNAPSHOT-jmh.jar)
WARNING: Please consider reporting this to the maintainers of class org.openjdk.jmh.util.Utils
WARNING: sun.misc.Unsafe::objectFieldOffset will be removed in a future release
# Warmup Iteration   1: 10704.877 ms/op
Iteration   1: 10042.245 ms/op
                 postReturnForceNanos: 4556217767.000 #

Iteration   2: 9833.647 ms/op
                 postReturnForceNanos: 4193179522.000 #

Iteration   3: 9906.113 ms/op
                 postReturnForceNanos: 4118014535.000 #

Iteration   4: 10009.145 ms/op
                 postReturnForceNanos: 4324507349.000 #

Iteration   5: 9944.501 ms/op
                 jfr:                  (text only)
                 postReturnForceNanos: 4015456084.000 #

# Processing profiler results: JavaFlightRecorderProfiler 


Result "com.swirlds.benchmark.LongListSnapshotBenchmark.writeToFile":
  N = 5
  mean =   9947.130 ±(99.9%) 319.049 ms/op

  Histogram, ms/op:
    [ 9800.000,  9825.000) = 0 
    [ 9825.000,  9850.000) = 1 
    [ 9850.000,  9875.000) = 0 
    [ 9875.000,  9900.000) = 0 
    [ 9900.000,  9925.000) = 1 
    [ 9925.000,  9950.000) = 1 
    [ 9950.000,  9975.000) = 0 
    [ 9975.000, 10000.000) = 0 
    [10000.000, 10025.000) = 1 
    [10025.000, 10050.000) = 1 
    [10050.000, 10075.000) = 0 

  Percentiles, ms/op:
      p(0.0000) =   9833.647 ms/op
     p(50.0000) =   9944.501 ms/op
     p(90.0000) =  10042.245 ms/op
     p(95.0000) =  10042.245 ms/op
     p(99.0000) =  10042.245 ms/op
     p(99.9000) =  10042.245 ms/op
     p(99.9900) =  10042.245 ms/op
     p(99.9990) =  10042.245 ms/op
     p(99.9999) =  10042.245 ms/op
    p(100.0000) =  10042.245 ms/op

Secondary result "com.swirlds.benchmark.LongListSnapshotBenchmark.writeToFile:jfr":
JFR profiler results:
  /home/nikita.lebedev/hiero-consensus-node/platform-sdk/swirlds-merkledb/build/results/jmh/long-list-force-comparison/20260827T075601Z-418584/jfr/long-list-block-B/com.swirlds.benchmark.LongListSnapshotBenchmark.writeToFile-SingleShotTime-diskCacheState-UNCHANGED-forceToDisk-false-leafCount-1000000000-listImpl-LongListDiskSegment-longListChunkSize-1048576-threadsPerLongList-1-verify-false-workDir-long-list/profile.jfr

Secondary result "com.swirlds.benchmark.LongListSnapshotBenchmark.writeToFile:postReturnForceNanos":
  21207375257.000 ±(99.9%) 0.001 # [Sum]
  (min, avg, max) = (4015456084.000, 4241475051.400, 4556217767.000), stdev = 208935917.426
  CI (99.9%): [21207375257.000, 21207375257.000] (assumes normal distribution)


# JMH version: 1.37
# VM version: JDK 25.0.2, OpenJDK 64-Bit Server VM, 25.0.2+10-LTS
# VM invoker: /home/nikita.lebedev/.local/jdks/jdk-25.0.2+10/bin/java
# VM options: -Xms512m -Xmx16g -XX:MaxDirectMemorySize=16g
# Blackhole mode: compiler (auto-detected, use -Djmh.blackhole.autoDetect=false to disable)
# Warmup: 1 iterations, single-shot each
# Measurement: 5 iterations, single-shot each
# Timeout: 60 min per iteration
# Threads: 1 thread
# Benchmark mode: Single shot invocation time
# Benchmark: com.swirlds.benchmark.LongListSnapshotBenchmark.writeToFile
# Parameters: (diskCacheState = UNCHANGED, forceToDisk = false, leafCount = 1000000000, listImpl = LongListDisk, longListChunkSize = 1048576, threadsPerLongList = 8, verify = false, workDir = long-list)

# Run progress: 10.00% complete, ETA 00:30:56
# Fork: 1 of 1
# Preparing profilers: JavaFlightRecorderProfiler 
WARNING: A terminally deprecated method in sun.misc.Unsafe has been called
WARNING: sun.misc.Unsafe::objectFieldOffset has been called by org.openjdk.jmh.util.Utils (file:/home/nikita.lebedev/hiero-consensus-node/platform-sdk/swirlds-merkledb/build/libs/swirlds-merkledb-0.79.0-SNAPSHOT-jmh.jar)
WARNING: Please consider reporting this to the maintainers of class org.openjdk.jmh.util.Utils
WARNING: sun.misc.Unsafe::objectFieldOffset will be removed in a future release
# Warmup Iteration   1: 8439.366 ms/op
Iteration   1: 7492.593 ms/op
                 postReturnForceNanos: 5768099601.000 #

Iteration   2: 7549.400 ms/op
                 postReturnForceNanos: 5873823330.000 #

Iteration   3: 7566.566 ms/op
                 postReturnForceNanos: 5947933057.000 #

Iteration   4: 7545.546 ms/op
                 postReturnForceNanos: 5904930836.000 #

Iteration   5: 7733.813 ms/op
                 jfr:                  (text only)
                 postReturnForceNanos: 5847072772.000 #

# Processing profiler results: JavaFlightRecorderProfiler 


Result "com.swirlds.benchmark.LongListSnapshotBenchmark.writeToFile":
  N = 5
  mean =   7577.583 ±(99.9%) 352.775 ms/op

  Histogram, ms/op:
    [7400.000, 7425.000) = 0 
    [7425.000, 7450.000) = 0 
    [7450.000, 7475.000) = 0 
    [7475.000, 7500.000) = 1 
    [7500.000, 7525.000) = 0 
    [7525.000, 7550.000) = 2 
    [7550.000, 7575.000) = 1 
    [7575.000, 7600.000) = 0 
    [7600.000, 7625.000) = 0 
    [7625.000, 7650.000) = 0 
    [7650.000, 7675.000) = 0 
    [7675.000, 7700.000) = 0 
    [7700.000, 7725.000) = 0 
    [7725.000, 7750.000) = 1 
    [7750.000, 7775.000) = 0 

  Percentiles, ms/op:
      p(0.0000) =   7492.593 ms/op
     p(50.0000) =   7549.400 ms/op
     p(90.0000) =   7733.813 ms/op
     p(95.0000) =   7733.813 ms/op
     p(99.0000) =   7733.813 ms/op
     p(99.9000) =   7733.813 ms/op
     p(99.9900) =   7733.813 ms/op
     p(99.9990) =   7733.813 ms/op
     p(99.9999) =   7733.813 ms/op
    p(100.0000) =   7733.813 ms/op

Secondary result "com.swirlds.benchmark.LongListSnapshotBenchmark.writeToFile:jfr":
JFR profiler results:
  /home/nikita.lebedev/hiero-consensus-node/platform-sdk/swirlds-merkledb/build/results/jmh/long-list-force-comparison/20260827T075601Z-418584/jfr/long-list-block-B/com.swirlds.benchmark.LongListSnapshotBenchmark.writeToFile-SingleShotTime-diskCacheState-UNCHANGED-forceToDisk-false-leafCount-1000000000-listImpl-LongListDisk-longListChunkSize-1048576-threadsPerLongList-8-verify-false-workDir-long-list/profile.jfr

Secondary result "com.swirlds.benchmark.LongListSnapshotBenchmark.writeToFile:postReturnForceNanos":
  29341859596.000 ±(99.9%) 0.001 # [Sum]
  (min, avg, max) = (5768099601.000, 5868371919.200, 5947933057.000), stdev = 67461912.206
  CI (99.9%): [29341859596.000, 29341859596.000] (assumes normal distribution)


# JMH version: 1.37
# VM version: JDK 25.0.2, OpenJDK 64-Bit Server VM, 25.0.2+10-LTS
# VM invoker: /home/nikita.lebedev/.local/jdks/jdk-25.0.2+10/bin/java
# VM options: -Xms512m -Xmx16g -XX:MaxDirectMemorySize=16g
# Blackhole mode: compiler (auto-detected, use -Djmh.blackhole.autoDetect=false to disable)
# Warmup: 1 iterations, single-shot each
# Measurement: 5 iterations, single-shot each
# Timeout: 60 min per iteration
# Threads: 1 thread
# Benchmark mode: Single shot invocation time
# Benchmark: com.swirlds.benchmark.LongListSnapshotBenchmark.writeToFile
# Parameters: (diskCacheState = UNCHANGED, forceToDisk = false, leafCount = 1000000000, listImpl = LongListDisk, longListChunkSize = 1048576, threadsPerLongList = 1, verify = false, workDir = long-list)

# Run progress: 15.00% complete, ETA 00:29:12
# Fork: 1 of 1
# Preparing profilers: JavaFlightRecorderProfiler 
WARNING: A terminally deprecated method in sun.misc.Unsafe has been called
WARNING: sun.misc.Unsafe::objectFieldOffset has been called by org.openjdk.jmh.util.Utils (file:/home/nikita.lebedev/hiero-consensus-node/platform-sdk/swirlds-merkledb/build/libs/swirlds-merkledb-0.79.0-SNAPSHOT-jmh.jar)
WARNING: Please consider reporting this to the maintainers of class org.openjdk.jmh.util.Utils
WARNING: sun.misc.Unsafe::objectFieldOffset will be removed in a future release
# Warmup Iteration   1: 10742.508 ms/op
Iteration   1: 11331.103 ms/op
                 postReturnForceNanos: 3641455393.000 #

Iteration   2: 11369.127 ms/op
                 postReturnForceNanos: 3187034696.000 #

Iteration   3: 11234.337 ms/op
                 postReturnForceNanos: 3255880698.000 #

Iteration   4: 11316.996 ms/op
                 postReturnForceNanos: 3254242274.000 #

Iteration   5: 11269.097 ms/op
                 jfr:                  (text only)
                 postReturnForceNanos: 3236853878.000 #

# Processing profiler results: JavaFlightRecorderProfiler 


Result "com.swirlds.benchmark.LongListSnapshotBenchmark.writeToFile":
  N = 5
  mean =  11304.132 ±(99.9%) 203.903 ms/op

  Histogram, ms/op:
    [11200.000, 11212.500) = 0 
    [11212.500, 11225.000) = 0 
    [11225.000, 11237.500) = 1 
    [11237.500, 11250.000) = 0 
    [11250.000, 11262.500) = 0 
    [11262.500, 11275.000) = 1 
    [11275.000, 11287.500) = 0 
    [11287.500, 11300.000) = 0 
    [11300.000, 11312.500) = 0 
    [11312.500, 11325.000) = 1 
    [11325.000, 11337.500) = 1 
    [11337.500, 11350.000) = 0 
    [11350.000, 11362.500) = 0 
    [11362.500, 11375.000) = 1 
    [11375.000, 11387.500) = 0 

  Percentiles, ms/op:
      p(0.0000) =  11234.337 ms/op
     p(50.0000) =  11316.996 ms/op
     p(90.0000) =  11369.127 ms/op
     p(95.0000) =  11369.127 ms/op
     p(99.0000) =  11369.127 ms/op
     p(99.9000) =  11369.127 ms/op
     p(99.9900) =  11369.127 ms/op
     p(99.9990) =  11369.127 ms/op
     p(99.9999) =  11369.127 ms/op
    p(100.0000) =  11369.127 ms/op

Secondary result "com.swirlds.benchmark.LongListSnapshotBenchmark.writeToFile:jfr":
JFR profiler results:
  /home/nikita.lebedev/hiero-consensus-node/platform-sdk/swirlds-merkledb/build/results/jmh/long-list-force-comparison/20260827T075601Z-418584/jfr/long-list-block-B/com.swirlds.benchmark.LongListSnapshotBenchmark.writeToFile-SingleShotTime-diskCacheState-UNCHANGED-forceToDisk-false-leafCount-1000000000-listImpl-LongListDisk-longListChunkSize-1048576-threadsPerLongList-1-verify-false-workDir-long-list/profile.jfr

Secondary result "com.swirlds.benchmark.LongListSnapshotBenchmark.writeToFile:postReturnForceNanos":
  16575466939.000 ±(99.9%) 0.001 # [Sum]
  (min, avg, max) = (3187034696.000, 3315093387.800, 3641455393.000), stdev = 184554604.766
  CI (99.9%): [16575466939.000, 16575466939.000] (assumes normal distribution)


# JMH version: 1.37
# VM version: JDK 25.0.2, OpenJDK 64-Bit Server VM, 25.0.2+10-LTS
# VM invoker: /home/nikita.lebedev/.local/jdks/jdk-25.0.2+10/bin/java
# VM options: -Xms512m -Xmx16g -XX:MaxDirectMemorySize=16g
# Blackhole mode: compiler (auto-detected, use -Djmh.blackhole.autoDetect=false to disable)
# Warmup: 1 iterations, single-shot each
# Measurement: 5 iterations, single-shot each
# Timeout: 60 min per iteration
# Threads: 1 thread
# Benchmark mode: Single shot invocation time
# Benchmark: com.swirlds.benchmark.LongListSnapshotBenchmark.writeToFile
# Parameters: (diskCacheState = UNCHANGED, forceToDisk = false, leafCount = 1000000000, listImpl = LongListSegment, longListChunkSize = 1048576, threadsPerLongList = 8, verify = false, workDir = long-list)

# Run progress: 20.00% complete, ETA 00:27:54
# Fork: 1 of 1
# Preparing profilers: JavaFlightRecorderProfiler 
WARNING: A terminally deprecated method in sun.misc.Unsafe has been called
WARNING: sun.misc.Unsafe::objectFieldOffset has been called by org.openjdk.jmh.util.Utils (file:/home/nikita.lebedev/hiero-consensus-node/platform-sdk/swirlds-merkledb/build/libs/swirlds-merkledb-0.79.0-SNAPSHOT-jmh.jar)
WARNING: Please consider reporting this to the maintainers of class org.openjdk.jmh.util.Utils
WARNING: sun.misc.Unsafe::objectFieldOffset will be removed in a future release
# Warmup Iteration   1: 7453.102 ms/op
Iteration   1: 7418.654 ms/op
                 postReturnForceNanos: 5653016189.000 #

Iteration   2: 7391.761 ms/op
                 postReturnForceNanos: 5839327833.000 #

Iteration   3: 7419.717 ms/op
                 postReturnForceNanos: 6352301949.000 #

Iteration   4: 7478.113 ms/op
                 postReturnForceNanos: 5773373927.000 #

Iteration   5: 7531.561 ms/op
                 jfr:                  (text only)
                 postReturnForceNanos: 5780550781.000 #

# Processing profiler results: JavaFlightRecorderProfiler 


Result "com.swirlds.benchmark.LongListSnapshotBenchmark.writeToFile":
  N = 5
  mean =   7447.961 ±(99.9%) 217.085 ms/op

  Histogram, ms/op:
    [7300.000, 7325.000) = 0 
    [7325.000, 7350.000) = 0 
    [7350.000, 7375.000) = 0 
    [7375.000, 7400.000) = 1 
    [7400.000, 7425.000) = 2 
    [7425.000, 7450.000) = 0 
    [7450.000, 7475.000) = 0 
    [7475.000, 7500.000) = 1 
    [7500.000, 7525.000) = 0 
    [7525.000, 7550.000) = 1 
    [7550.000, 7575.000) = 0 

  Percentiles, ms/op:
      p(0.0000) =   7391.761 ms/op
     p(50.0000) =   7419.717 ms/op
     p(90.0000) =   7531.561 ms/op
     p(95.0000) =   7531.561 ms/op
     p(99.0000) =   7531.561 ms/op
     p(99.9000) =   7531.561 ms/op
     p(99.9900) =   7531.561 ms/op
     p(99.9990) =   7531.561 ms/op
     p(99.9999) =   7531.561 ms/op
    p(100.0000) =   7531.561 ms/op

Secondary result "com.swirlds.benchmark.LongListSnapshotBenchmark.writeToFile:jfr":
JFR profiler results:
  /home/nikita.lebedev/hiero-consensus-node/platform-sdk/swirlds-merkledb/build/results/jmh/long-list-force-comparison/20260827T075601Z-418584/jfr/long-list-block-B/com.swirlds.benchmark.LongListSnapshotBenchmark.writeToFile-SingleShotTime-diskCacheState-UNCHANGED-forceToDisk-false-leafCount-1000000000-listImpl-LongListSegment-longListChunkSize-1048576-threadsPerLongList-8-verify-false-workDir-long-list/profile.jfr

Secondary result "com.swirlds.benchmark.LongListSnapshotBenchmark.writeToFile:postReturnForceNanos":
  29398570679.000 ±(99.9%) 0.001 # [Sum]
  (min, avg, max) = (5653016189.000, 5879714135.800, 6352301949.000), stdev = 272719574.227
  CI (99.9%): [29398570679.000, 29398570679.000] (assumes normal distribution)


# JMH version: 1.37
# VM version: JDK 25.0.2, OpenJDK 64-Bit Server VM, 25.0.2+10-LTS
# VM invoker: /home/nikita.lebedev/.local/jdks/jdk-25.0.2+10/bin/java
# VM options: -Xms512m -Xmx16g -XX:MaxDirectMemorySize=16g
# Blackhole mode: compiler (auto-detected, use -Djmh.blackhole.autoDetect=false to disable)
# Warmup: 1 iterations, single-shot each
# Measurement: 5 iterations, single-shot each
# Timeout: 60 min per iteration
# Threads: 1 thread
# Benchmark mode: Single shot invocation time
# Benchmark: com.swirlds.benchmark.LongListSnapshotBenchmark.writeToFile
# Parameters: (diskCacheState = UNCHANGED, forceToDisk = false, leafCount = 1000000000, listImpl = LongListSegment, longListChunkSize = 1048576, threadsPerLongList = 1, verify = false, workDir = long-list)

# Run progress: 25.00% complete, ETA 00:25:29
# Fork: 1 of 1
# Preparing profilers: JavaFlightRecorderProfiler 
WARNING: A terminally deprecated method in sun.misc.Unsafe has been called
WARNING: sun.misc.Unsafe::objectFieldOffset has been called by org.openjdk.jmh.util.Utils (file:/home/nikita.lebedev/hiero-consensus-node/platform-sdk/swirlds-merkledb/build/libs/swirlds-merkledb-0.79.0-SNAPSHOT-jmh.jar)
WARNING: Please consider reporting this to the maintainers of class org.openjdk.jmh.util.Utils
WARNING: sun.misc.Unsafe::objectFieldOffset will be removed in a future release
# Warmup Iteration   1: 9261.225 ms/op
Iteration   1: 9766.596 ms/op
                 postReturnForceNanos: 4098214449.000 #

Iteration   2: 9899.634 ms/op
                 postReturnForceNanos: 3930832043.000 #

Iteration   3: 9920.080 ms/op
                 postReturnForceNanos: 3637845341.000 #

Iteration   4: 9898.405 ms/op
                 postReturnForceNanos: 3939778692.000 #

Iteration   5: 10028.205 ms/op
                 jfr:                  (text only)
                 postReturnForceNanos: 3945209960.000 #

# Processing profiler results: JavaFlightRecorderProfiler 


Result "com.swirlds.benchmark.LongListSnapshotBenchmark.writeToFile":
  N = 5
  mean =   9902.584 ±(99.9%) 358.160 ms/op

  Histogram, ms/op:
    [ 9700.000,  9725.000) = 0 
    [ 9725.000,  9750.000) = 0 
    [ 9750.000,  9775.000) = 1 
    [ 9775.000,  9800.000) = 0 
    [ 9800.000,  9825.000) = 0 
    [ 9825.000,  9850.000) = 0 
    [ 9850.000,  9875.000) = 0 
    [ 9875.000,  9900.000) = 2 
    [ 9900.000,  9925.000) = 1 
    [ 9925.000,  9950.000) = 0 
    [ 9950.000,  9975.000) = 0 
    [ 9975.000, 10000.000) = 0 
    [10000.000, 10025.000) = 0 
    [10025.000, 10050.000) = 1 
    [10050.000, 10075.000) = 0 

  Percentiles, ms/op:
      p(0.0000) =   9766.596 ms/op
     p(50.0000) =   9899.634 ms/op
     p(90.0000) =  10028.205 ms/op
     p(95.0000) =  10028.205 ms/op
     p(99.0000) =  10028.205 ms/op
     p(99.9000) =  10028.205 ms/op
     p(99.9900) =  10028.205 ms/op
     p(99.9990) =  10028.205 ms/op
     p(99.9999) =  10028.205 ms/op
    p(100.0000) =  10028.205 ms/op

Secondary result "com.swirlds.benchmark.LongListSnapshotBenchmark.writeToFile:jfr":
JFR profiler results:
  /home/nikita.lebedev/hiero-consensus-node/platform-sdk/swirlds-merkledb/build/results/jmh/long-list-force-comparison/20260827T075601Z-418584/jfr/long-list-block-B/com.swirlds.benchmark.LongListSnapshotBenchmark.writeToFile-SingleShotTime-diskCacheState-UNCHANGED-forceToDisk-false-leafCount-1000000000-listImpl-LongListSegment-longListChunkSize-1048576-threadsPerLongList-1-verify-false-workDir-long-list/profile.jfr

Secondary result "com.swirlds.benchmark.LongListSnapshotBenchmark.writeToFile:postReturnForceNanos":
  19551880485.000 ±(99.9%) 0.001 # [Sum]
  (min, avg, max) = (3637845341.000, 3910376097.000, 4098214449.000), stdev = 167371305.619
  CI (99.9%): [19551880485.000, 19551880485.000] (assumes normal distribution)


# JMH version: 1.37
# VM version: JDK 25.0.2, OpenJDK 64-Bit Server VM, 25.0.2+10-LTS
# VM invoker: /home/nikita.lebedev/.local/jdks/jdk-25.0.2+10/bin/java
# VM options: -Xms512m -Xmx16g -XX:MaxDirectMemorySize=16g
# Blackhole mode: compiler (auto-detected, use -Djmh.blackhole.autoDetect=false to disable)
# Warmup: 1 iterations, single-shot each
# Measurement: 5 iterations, single-shot each
# Timeout: 60 min per iteration
# Threads: 1 thread
# Benchmark mode: Single shot invocation time
# Benchmark: com.swirlds.benchmark.LongListSnapshotBenchmark.writeToFile
# Parameters: (diskCacheState = UNCHANGED, forceToDisk = false, leafCount = 1000000000, listImpl = LongListOffHeap, longListChunkSize = 1048576, threadsPerLongList = 8, verify = false, workDir = long-list)

# Run progress: 30.00% complete, ETA 00:23:29
# Fork: 1 of 1
# Preparing profilers: JavaFlightRecorderProfiler 
WARNING: A terminally deprecated method in sun.misc.Unsafe has been called
WARNING: sun.misc.Unsafe::objectFieldOffset has been called by org.openjdk.jmh.util.Utils (file:/home/nikita.lebedev/hiero-consensus-node/platform-sdk/swirlds-merkledb/build/libs/swirlds-merkledb-0.79.0-SNAPSHOT-jmh.jar)
WARNING: Please consider reporting this to the maintainers of class org.openjdk.jmh.util.Utils
WARNING: sun.misc.Unsafe::objectFieldOffset will be removed in a future release
# Warmup Iteration   1: 7679.490 ms/op
Iteration   1: 7713.475 ms/op
                 postReturnForceNanos: 5614910760.000 #

Iteration   2: 7135.270 ms/op
                 postReturnForceNanos: 6388586272.000 #

Iteration   3: 7469.358 ms/op
                 postReturnForceNanos: 5843655042.000 #

Iteration   4: 7642.306 ms/op
                 postReturnForceNanos: 5690198348.000 #

Iteration   5: 7485.333 ms/op
                 jfr:                  (text only)
                 postReturnForceNanos: 5754261068.000 #

# Processing profiler results: JavaFlightRecorderProfiler 


Result "com.swirlds.benchmark.LongListSnapshotBenchmark.writeToFile":
  N = 5
  mean =   7489.148 ±(99.9%) 859.772 ms/op

  Histogram, ms/op:
    [7100.000, 7150.000) = 1 
    [7150.000, 7200.000) = 0 
    [7200.000, 7250.000) = 0 
    [7250.000, 7300.000) = 0 
    [7300.000, 7350.000) = 0 
    [7350.000, 7400.000) = 0 
    [7400.000, 7450.000) = 0 
    [7450.000, 7500.000) = 2 
    [7500.000, 7550.000) = 0 
    [7550.000, 7600.000) = 0 
    [7600.000, 7650.000) = 1 
    [7650.000, 7700.000) = 0 
    [7700.000, 7750.000) = 1 

  Percentiles, ms/op:
      p(0.0000) =   7135.270 ms/op
     p(50.0000) =   7485.333 ms/op
     p(90.0000) =   7713.475 ms/op
     p(95.0000) =   7713.475 ms/op
     p(99.0000) =   7713.475 ms/op
     p(99.9000) =   7713.475 ms/op
     p(99.9900) =   7713.475 ms/op
     p(99.9990) =   7713.475 ms/op
     p(99.9999) =   7713.475 ms/op
    p(100.0000) =   7713.475 ms/op

Secondary result "com.swirlds.benchmark.LongListSnapshotBenchmark.writeToFile:jfr":
JFR profiler results:
  /home/nikita.lebedev/hiero-consensus-node/platform-sdk/swirlds-merkledb/build/results/jmh/long-list-force-comparison/20260827T075601Z-418584/jfr/long-list-block-B/com.swirlds.benchmark.LongListSnapshotBenchmark.writeToFile-SingleShotTime-diskCacheState-UNCHANGED-forceToDisk-false-leafCount-1000000000-listImpl-LongListOffHeap-longListChunkSize-1048576-threadsPerLongList-8-verify-false-workDir-long-list/profile.jfr

Secondary result "com.swirlds.benchmark.LongListSnapshotBenchmark.writeToFile:postReturnForceNanos":
  29291611490.000 ±(99.9%) 0.001 # [Sum]
  (min, avg, max) = (5614910760.000, 5858322298.000, 6388586272.000), stdev = 308114665.955
  CI (99.9%): [29291611490.000, 29291611490.000] (assumes normal distribution)


# JMH version: 1.37
# VM version: JDK 25.0.2, OpenJDK 64-Bit Server VM, 25.0.2+10-LTS
# VM invoker: /home/nikita.lebedev/.local/jdks/jdk-25.0.2+10/bin/java
# VM options: -Xms512m -Xmx16g -XX:MaxDirectMemorySize=16g
# Blackhole mode: compiler (auto-detected, use -Djmh.blackhole.autoDetect=false to disable)
# Warmup: 1 iterations, single-shot each
# Measurement: 5 iterations, single-shot each
# Timeout: 60 min per iteration
# Threads: 1 thread
# Benchmark mode: Single shot invocation time
# Benchmark: com.swirlds.benchmark.LongListSnapshotBenchmark.writeToFile
# Parameters: (diskCacheState = UNCHANGED, forceToDisk = false, leafCount = 1000000000, listImpl = LongListOffHeap, longListChunkSize = 1048576, threadsPerLongList = 1, verify = false, workDir = long-list)

# Run progress: 35.00% complete, ETA 00:21:31
# Fork: 1 of 1
# Preparing profilers: JavaFlightRecorderProfiler 
WARNING: A terminally deprecated method in sun.misc.Unsafe has been called
WARNING: sun.misc.Unsafe::objectFieldOffset has been called by org.openjdk.jmh.util.Utils (file:/home/nikita.lebedev/hiero-consensus-node/platform-sdk/swirlds-merkledb/build/libs/swirlds-merkledb-0.79.0-SNAPSHOT-jmh.jar)
WARNING: Please consider reporting this to the maintainers of class org.openjdk.jmh.util.Utils
WARNING: sun.misc.Unsafe::objectFieldOffset will be removed in a future release
# Warmup Iteration   1: 9256.757 ms/op
Iteration   1: 9560.737 ms/op
                 postReturnForceNanos: 4245302666.000 #

Iteration   2: 9945.336 ms/op
                 postReturnForceNanos: 3902952315.000 #

Iteration   3: 9661.121 ms/op
                 postReturnForceNanos: 4238717767.000 #

Iteration   4: 9844.367 ms/op
                 postReturnForceNanos: 4161615133.000 #

Iteration   5: 9859.016 ms/op
                 jfr:                  (text only)
                 postReturnForceNanos: 4059226264.000 #

# Processing profiler results: JavaFlightRecorderProfiler 


Result "com.swirlds.benchmark.LongListSnapshotBenchmark.writeToFile":
  N = 5
  mean =   9774.115 ±(99.9%) 608.103 ms/op

  Histogram, ms/op:
    [ 9500.000,  9550.000) = 0 
    [ 9550.000,  9600.000) = 1 
    [ 9600.000,  9650.000) = 0 
    [ 9650.000,  9700.000) = 1 
    [ 9700.000,  9750.000) = 0 
    [ 9750.000,  9800.000) = 0 
    [ 9800.000,  9850.000) = 1 
    [ 9850.000,  9900.000) = 1 
    [ 9900.000,  9950.000) = 1 

  Percentiles, ms/op:
      p(0.0000) =   9560.737 ms/op
     p(50.0000) =   9844.367 ms/op
     p(90.0000) =   9945.336 ms/op
     p(95.0000) =   9945.336 ms/op
     p(99.0000) =   9945.336 ms/op
     p(99.9000) =   9945.336 ms/op
     p(99.9900) =   9945.336 ms/op
     p(99.9990) =   9945.336 ms/op
     p(99.9999) =   9945.336 ms/op
    p(100.0000) =   9945.336 ms/op

Secondary result "com.swirlds.benchmark.LongListSnapshotBenchmark.writeToFile:jfr":
JFR profiler results:
  /home/nikita.lebedev/hiero-consensus-node/platform-sdk/swirlds-merkledb/build/results/jmh/long-list-force-comparison/20260827T075601Z-418584/jfr/long-list-block-B/com.swirlds.benchmark.LongListSnapshotBenchmark.writeToFile-SingleShotTime-diskCacheState-UNCHANGED-forceToDisk-false-leafCount-1000000000-listImpl-LongListOffHeap-longListChunkSize-1048576-threadsPerLongList-1-verify-false-workDir-long-list/profile.jfr

Secondary result "com.swirlds.benchmark.LongListSnapshotBenchmark.writeToFile:postReturnForceNanos":
  20607814145.000 ±(99.9%) 0.001 # [Sum]
  (min, avg, max) = (3902952315.000, 4121562829.000, 4245302666.000), stdev = 143455060.892
  CI (99.9%): [20607814145.000, 20607814145.000] (assumes normal distribution)


# JMH version: 1.37
# VM version: JDK 25.0.2, OpenJDK 64-Bit Server VM, 25.0.2+10-LTS
# VM invoker: /home/nikita.lebedev/.local/jdks/jdk-25.0.2+10/bin/java
# VM options: -Xms512m -Xmx16g -XX:MaxDirectMemorySize=16g
# Blackhole mode: compiler (auto-detected, use -Djmh.blackhole.autoDetect=false to disable)
# Warmup: 1 iterations, single-shot each
# Measurement: 5 iterations, single-shot each
# Timeout: 60 min per iteration
# Threads: 1 thread
# Benchmark mode: Single shot invocation time
# Benchmark: com.swirlds.benchmark.LongListSnapshotBenchmark.writeToFile
# Parameters: (diskCacheState = UNCHANGED, forceToDisk = false, leafCount = 1000000000, listImpl = LongListHeap, longListChunkSize = 1048576, threadsPerLongList = 8, verify = false, workDir = long-list)

# Run progress: 40.00% complete, ETA 00:19:45
# Fork: 1 of 1
# Preparing profilers: JavaFlightRecorderProfiler 
WARNING: A terminally deprecated method in sun.misc.Unsafe has been called
WARNING: sun.misc.Unsafe::objectFieldOffset has been called by org.openjdk.jmh.util.Utils (file:/home/nikita.lebedev/hiero-consensus-node/platform-sdk/swirlds-merkledb/build/libs/swirlds-merkledb-0.79.0-SNAPSHOT-jmh.jar)
WARNING: Please consider reporting this to the maintainers of class org.openjdk.jmh.util.Utils
WARNING: sun.misc.Unsafe::objectFieldOffset will be removed in a future release
# Warmup Iteration   1: 5482.881 ms/op
Iteration   1: 5507.612 ms/op
                 postReturnForceNanos: 7247974329.000 #

Iteration   2: 5414.296 ms/op
                 postReturnForceNanos: 7145055162.000 #

Iteration   3: 5515.589 ms/op
                 postReturnForceNanos: 7264096207.000 #

Iteration   4: 5513.874 ms/op
                 postReturnForceNanos: 7103985193.000 #

Iteration   5: 5024.696 ms/op
                 jfr:                  (text only)
                 postReturnForceNanos: 7596651761.000 #

# Processing profiler results: JavaFlightRecorderProfiler 


Result "com.swirlds.benchmark.LongListSnapshotBenchmark.writeToFile":
  N = 5
  mean =   5395.213 ±(99.9%) 814.235 ms/op

  Histogram, ms/op:
    [5000.000, 5050.000) = 1 
    [5050.000, 5100.000) = 0 
    [5100.000, 5150.000) = 0 
    [5150.000, 5200.000) = 0 
    [5200.000, 5250.000) = 0 
    [5250.000, 5300.000) = 0 
    [5300.000, 5350.000) = 0 
    [5350.000, 5400.000) = 0 
    [5400.000, 5450.000) = 1 
    [5450.000, 5500.000) = 0 
    [5500.000, 5550.000) = 3 

  Percentiles, ms/op:
      p(0.0000) =   5024.696 ms/op
     p(50.0000) =   5507.612 ms/op
     p(90.0000) =   5515.589 ms/op
     p(95.0000) =   5515.589 ms/op
     p(99.0000) =   5515.589 ms/op
     p(99.9000) =   5515.589 ms/op
     p(99.9900) =   5515.589 ms/op
     p(99.9990) =   5515.589 ms/op
     p(99.9999) =   5515.589 ms/op
    p(100.0000) =   5515.589 ms/op

Secondary result "com.swirlds.benchmark.LongListSnapshotBenchmark.writeToFile:jfr":
JFR profiler results:
  /home/nikita.lebedev/hiero-consensus-node/platform-sdk/swirlds-merkledb/build/results/jmh/long-list-force-comparison/20260827T075601Z-418584/jfr/long-list-block-B/com.swirlds.benchmark.LongListSnapshotBenchmark.writeToFile-SingleShotTime-diskCacheState-UNCHANGED-forceToDisk-false-leafCount-1000000000-listImpl-LongListHeap-longListChunkSize-1048576-threadsPerLongList-8-verify-false-workDir-long-list/profile.jfr

Secondary result "com.swirlds.benchmark.LongListSnapshotBenchmark.writeToFile:postReturnForceNanos":
  36357762652.000 ±(99.9%) 0.001 # [Sum]
  (min, avg, max) = (7103985193.000, 7271552530.400, 7596651761.000), stdev = 193895226.122
  CI (99.9%): [36357762652.000, 36357762652.000] (assumes normal distribution)


# JMH version: 1.37
# VM version: JDK 25.0.2, OpenJDK 64-Bit Server VM, 25.0.2+10-LTS
# VM invoker: /home/nikita.lebedev/.local/jdks/jdk-25.0.2+10/bin/java
# VM options: -Xms512m -Xmx16g -XX:MaxDirectMemorySize=16g
# Blackhole mode: compiler (auto-detected, use -Djmh.blackhole.autoDetect=false to disable)
# Warmup: 1 iterations, single-shot each
# Measurement: 5 iterations, single-shot each
# Timeout: 60 min per iteration
# Threads: 1 thread
# Benchmark mode: Single shot invocation time
# Benchmark: com.swirlds.benchmark.LongListSnapshotBenchmark.writeToFile
# Parameters: (diskCacheState = UNCHANGED, forceToDisk = false, leafCount = 1000000000, listImpl = LongListHeap, longListChunkSize = 1048576, threadsPerLongList = 1, verify = false, workDir = long-list)

# Run progress: 45.00% complete, ETA 00:17:56
# Fork: 1 of 1
# Preparing profilers: JavaFlightRecorderProfiler 
WARNING: A terminally deprecated method in sun.misc.Unsafe has been called
WARNING: sun.misc.Unsafe::objectFieldOffset has been called by org.openjdk.jmh.util.Utils (file:/home/nikita.lebedev/hiero-consensus-node/platform-sdk/swirlds-merkledb/build/libs/swirlds-merkledb-0.79.0-SNAPSHOT-jmh.jar)
WARNING: Please consider reporting this to the maintainers of class org.openjdk.jmh.util.Utils
WARNING: sun.misc.Unsafe::objectFieldOffset will be removed in a future release
# Warmup Iteration   1: 10452.026 ms/op
Iteration   1: 11129.258 ms/op
                 postReturnForceNanos: 3348821300.000 #

Iteration   2: 11344.694 ms/op
                 postReturnForceNanos: 3075657993.000 #

Iteration   3: 11261.807 ms/op
                 postReturnForceNanos: 3187836008.000 #

Iteration   4: 11237.218 ms/op
                 postReturnForceNanos: 3104454797.000 #

Iteration   5: 11228.663 ms/op
                 jfr:                  (text only)
                 postReturnForceNanos: 3070061764.000 #

# Processing profiler results: JavaFlightRecorderProfiler 


Result "com.swirlds.benchmark.LongListSnapshotBenchmark.writeToFile":
  N = 5
  mean =  11240.328 ±(99.9%) 297.248 ms/op

  Histogram, ms/op:
    [11100.000, 11125.000) = 0 
    [11125.000, 11150.000) = 1 
    [11150.000, 11175.000) = 0 
    [11175.000, 11200.000) = 0 
    [11200.000, 11225.000) = 0 
    [11225.000, 11250.000) = 2 
    [11250.000, 11275.000) = 1 
    [11275.000, 11300.000) = 0 
    [11300.000, 11325.000) = 0 
    [11325.000, 11350.000) = 1 
    [11350.000, 11375.000) = 0 

  Percentiles, ms/op:
      p(0.0000) =  11129.258 ms/op
     p(50.0000) =  11237.218 ms/op
     p(90.0000) =  11344.694 ms/op
     p(95.0000) =  11344.694 ms/op
     p(99.0000) =  11344.694 ms/op
     p(99.9000) =  11344.694 ms/op
     p(99.9900) =  11344.694 ms/op
     p(99.9990) =  11344.694 ms/op
     p(99.9999) =  11344.694 ms/op
    p(100.0000) =  11344.694 ms/op

Secondary result "com.swirlds.benchmark.LongListSnapshotBenchmark.writeToFile:jfr":
JFR profiler results:
  /home/nikita.lebedev/hiero-consensus-node/platform-sdk/swirlds-merkledb/build/results/jmh/long-list-force-comparison/20260827T075601Z-418584/jfr/long-list-block-B/com.swirlds.benchmark.LongListSnapshotBenchmark.writeToFile-SingleShotTime-diskCacheState-UNCHANGED-forceToDisk-false-leafCount-1000000000-listImpl-LongListHeap-longListChunkSize-1048576-threadsPerLongList-1-verify-false-workDir-long-list/profile.jfr

Secondary result "com.swirlds.benchmark.LongListSnapshotBenchmark.writeToFile:postReturnForceNanos":
  15786831862.000 ±(99.9%) 0.001 # [Sum]
  (min, avg, max) = (3070061764.000, 3157366372.400, 3348821300.000), stdev = 116920247.091
  CI (99.9%): [15786831862.000, 15786831862.000] (assumes normal distribution)


# JMH version: 1.37
# VM version: JDK 25.0.2, OpenJDK 64-Bit Server VM, 25.0.2+10-LTS
# VM invoker: /home/nikita.lebedev/.local/jdks/jdk-25.0.2+10/bin/java
# VM options: -Xms512m -Xmx16g -XX:MaxDirectMemorySize=16g
# Blackhole mode: compiler (auto-detected, use -Djmh.blackhole.autoDetect=false to disable)
# Warmup: 1 iterations, single-shot each
# Measurement: 5 iterations, single-shot each
# Timeout: 60 min per iteration
# Threads: 1 thread
# Benchmark mode: Single shot invocation time
# Benchmark: com.swirlds.benchmark.LongListSnapshotBenchmark.writeToFile
# Parameters: (diskCacheState = UNCHANGED, forceToDisk = true, leafCount = 1000000000, listImpl = LongListDiskSegment, longListChunkSize = 1048576, threadsPerLongList = 8, verify = false, workDir = long-list)

# Run progress: 50.00% complete, ETA 00:16:21
# Fork: 1 of 1
# Preparing profilers: JavaFlightRecorderProfiler 
WARNING: A terminally deprecated method in sun.misc.Unsafe has been called
WARNING: sun.misc.Unsafe::objectFieldOffset has been called by org.openjdk.jmh.util.Utils (file:/home/nikita.lebedev/hiero-consensus-node/platform-sdk/swirlds-merkledb/build/libs/swirlds-merkledb-0.79.0-SNAPSHOT-jmh.jar)
WARNING: Please consider reporting this to the maintainers of class org.openjdk.jmh.util.Utils
WARNING: sun.misc.Unsafe::objectFieldOffset will be removed in a future release
# Warmup Iteration   1: 14820.879 ms/op
Iteration   1: 13503.592 ms/op
                 postReturnForceNanos: ≈ 0 #

Iteration   2: 13382.097 ms/op
                 postReturnForceNanos: ≈ 0 #

Iteration   3: 13461.596 ms/op
                 postReturnForceNanos: ≈ 0 #

Iteration   4: 13681.003 ms/op
                 postReturnForceNanos: ≈ 0 #

Iteration   5: 13654.462 ms/op
                 jfr:                  (text only)
                 postReturnForceNanos: ≈ 0 #

# Processing profiler results: JavaFlightRecorderProfiler 


Result "com.swirlds.benchmark.LongListSnapshotBenchmark.writeToFile":
  N = 5
  mean =  13536.550 ±(99.9%) 492.108 ms/op

  Histogram, ms/op:
    [13300.000, 13325.000) = 0 
    [13325.000, 13350.000) = 0 
    [13350.000, 13375.000) = 0 
    [13375.000, 13400.000) = 1 
    [13400.000, 13425.000) = 0 
    [13425.000, 13450.000) = 0 
    [13450.000, 13475.000) = 1 
    [13475.000, 13500.000) = 0 
    [13500.000, 13525.000) = 1 
    [13525.000, 13550.000) = 0 
    [13550.000, 13575.000) = 0 
    [13575.000, 13600.000) = 0 
    [13600.000, 13625.000) = 0 
    [13625.000, 13650.000) = 0 
    [13650.000, 13675.000) = 1 

  Percentiles, ms/op:
      p(0.0000) =  13382.097 ms/op
     p(50.0000) =  13503.592 ms/op
     p(90.0000) =  13681.003 ms/op
     p(95.0000) =  13681.003 ms/op
     p(99.0000) =  13681.003 ms/op
     p(99.9000) =  13681.003 ms/op
     p(99.9900) =  13681.003 ms/op
     p(99.9990) =  13681.003 ms/op
     p(99.9999) =  13681.003 ms/op
    p(100.0000) =  13681.003 ms/op

Secondary result "com.swirlds.benchmark.LongListSnapshotBenchmark.writeToFile:jfr":
JFR profiler results:
  /home/nikita.lebedev/hiero-consensus-node/platform-sdk/swirlds-merkledb/build/results/jmh/long-list-force-comparison/20260827T075601Z-418584/jfr/long-list-block-B/com.swirlds.benchmark.LongListSnapshotBenchmark.writeToFile-SingleShotTime-diskCacheState-UNCHANGED-forceToDisk-true-leafCount-1000000000-listImpl-LongListDiskSegment-longListChunkSize-1048576-threadsPerLongList-8-verify-false-workDir-long-list/profile.jfr

Secondary result "com.swirlds.benchmark.LongListSnapshotBenchmark.writeToFile:postReturnForceNanos":
  ≈ 0 #


# JMH version: 1.37
# VM version: JDK 25.0.2, OpenJDK 64-Bit Server VM, 25.0.2+10-LTS
# VM invoker: /home/nikita.lebedev/.local/jdks/jdk-25.0.2+10/bin/java
# VM options: -Xms512m -Xmx16g -XX:MaxDirectMemorySize=16g
# Blackhole mode: compiler (auto-detected, use -Djmh.blackhole.autoDetect=false to disable)
# Warmup: 1 iterations, single-shot each
# Measurement: 5 iterations, single-shot each
# Timeout: 60 min per iteration
# Threads: 1 thread
# Benchmark mode: Single shot invocation time
# Benchmark: com.swirlds.benchmark.LongListSnapshotBenchmark.writeToFile
# Parameters: (diskCacheState = UNCHANGED, forceToDisk = true, leafCount = 1000000000, listImpl = LongListDiskSegment, longListChunkSize = 1048576, threadsPerLongList = 1, verify = false, workDir = long-list)

# Run progress: 55.00% complete, ETA 00:14:46
# Fork: 1 of 1
# Preparing profilers: JavaFlightRecorderProfiler 
WARNING: A terminally deprecated method in sun.misc.Unsafe has been called
WARNING: sun.misc.Unsafe::objectFieldOffset has been called by org.openjdk.jmh.util.Utils (file:/home/nikita.lebedev/hiero-consensus-node/platform-sdk/swirlds-merkledb/build/libs/swirlds-merkledb-0.79.0-SNAPSHOT-jmh.jar)
WARNING: Please consider reporting this to the maintainers of class org.openjdk.jmh.util.Utils
WARNING: sun.misc.Unsafe::objectFieldOffset will be removed in a future release
# Warmup Iteration   1: 15087.211 ms/op
Iteration   1: 14194.930 ms/op
                 postReturnForceNanos: ≈ 0 #

Iteration   2: 13781.967 ms/op
                 postReturnForceNanos: ≈ 0 #

Iteration   3: 14209.520 ms/op
                 postReturnForceNanos: ≈ 0 #

Iteration   4: 14011.651 ms/op
                 postReturnForceNanos: ≈ 0 #

Iteration   5: 13966.375 ms/op
                 jfr:                  (text only)
                 postReturnForceNanos: ≈ 0 #

# Processing profiler results: JavaFlightRecorderProfiler 


Result "com.swirlds.benchmark.LongListSnapshotBenchmark.writeToFile":
  N = 5
  mean =  14032.888 ±(99.9%) 681.502 ms/op

  Histogram, ms/op:
    [13700.000, 13750.000) = 0 
    [13750.000, 13800.000) = 1 
    [13800.000, 13850.000) = 0 
    [13850.000, 13900.000) = 0 
    [13900.000, 13950.000) = 0 
    [13950.000, 14000.000) = 1 
    [14000.000, 14050.000) = 1 
    [14050.000, 14100.000) = 0 
    [14100.000, 14150.000) = 0 
    [14150.000, 14200.000) = 1 
    [14200.000, 14250.000) = 1 

  Percentiles, ms/op:
      p(0.0000) =  13781.967 ms/op
     p(50.0000) =  14011.651 ms/op
     p(90.0000) =  14209.520 ms/op
     p(95.0000) =  14209.520 ms/op
     p(99.0000) =  14209.520 ms/op
     p(99.9000) =  14209.520 ms/op
     p(99.9900) =  14209.520 ms/op
     p(99.9990) =  14209.520 ms/op
     p(99.9999) =  14209.520 ms/op
    p(100.0000) =  14209.520 ms/op

Secondary result "com.swirlds.benchmark.LongListSnapshotBenchmark.writeToFile:jfr":
JFR profiler results:
  /home/nikita.lebedev/hiero-consensus-node/platform-sdk/swirlds-merkledb/build/results/jmh/long-list-force-comparison/20260827T075601Z-418584/jfr/long-list-block-B/com.swirlds.benchmark.LongListSnapshotBenchmark.writeToFile-SingleShotTime-diskCacheState-UNCHANGED-forceToDisk-true-leafCount-1000000000-listImpl-LongListDiskSegment-longListChunkSize-1048576-threadsPerLongList-1-verify-false-workDir-long-list/profile.jfr

Secondary result "com.swirlds.benchmark.LongListSnapshotBenchmark.writeToFile:postReturnForceNanos":
  ≈ 0 #


# JMH version: 1.37
# VM version: JDK 25.0.2, OpenJDK 64-Bit Server VM, 25.0.2+10-LTS
# VM invoker: /home/nikita.lebedev/.local/jdks/jdk-25.0.2+10/bin/java
# VM options: -Xms512m -Xmx16g -XX:MaxDirectMemorySize=16g
# Blackhole mode: compiler (auto-detected, use -Djmh.blackhole.autoDetect=false to disable)
# Warmup: 1 iterations, single-shot each
# Measurement: 5 iterations, single-shot each
# Timeout: 60 min per iteration
# Threads: 1 thread
# Benchmark mode: Single shot invocation time
# Benchmark: com.swirlds.benchmark.LongListSnapshotBenchmark.writeToFile
# Parameters: (diskCacheState = UNCHANGED, forceToDisk = true, leafCount = 1000000000, listImpl = LongListDisk, longListChunkSize = 1048576, threadsPerLongList = 8, verify = false, workDir = long-list)

# Run progress: 60.00% complete, ETA 00:13:11
# Fork: 1 of 1
# Preparing profilers: JavaFlightRecorderProfiler 
WARNING: A terminally deprecated method in sun.misc.Unsafe has been called
WARNING: sun.misc.Unsafe::objectFieldOffset has been called by org.openjdk.jmh.util.Utils (file:/home/nikita.lebedev/hiero-consensus-node/platform-sdk/swirlds-merkledb/build/libs/swirlds-merkledb-0.79.0-SNAPSHOT-jmh.jar)
WARNING: Please consider reporting this to the maintainers of class org.openjdk.jmh.util.Utils
WARNING: sun.misc.Unsafe::objectFieldOffset will be removed in a future release
# Warmup Iteration   1: 17363.200 ms/op
Iteration   1: 13416.337 ms/op
                 postReturnForceNanos: ≈ 0 #

Iteration   2: 13373.483 ms/op
                 postReturnForceNanos: ≈ 0 #

Iteration   3: 13541.036 ms/op
                 postReturnForceNanos: ≈ 0 #

Iteration   4: 13412.364 ms/op
                 postReturnForceNanos: ≈ 0 #

Iteration   5: 13552.194 ms/op
                 jfr:                  (text only)
                 postReturnForceNanos: ≈ 0 #

# Processing profiler results: JavaFlightRecorderProfiler 


Result "com.swirlds.benchmark.LongListSnapshotBenchmark.writeToFile":
  N = 5
  mean =  13459.083 ±(99.9%) 314.737 ms/op

  Histogram, ms/op:
    [13300.000, 13325.000) = 0 
    [13325.000, 13350.000) = 0 
    [13350.000, 13375.000) = 1 
    [13375.000, 13400.000) = 0 
    [13400.000, 13425.000) = 2 
    [13425.000, 13450.000) = 0 
    [13450.000, 13475.000) = 0 
    [13475.000, 13500.000) = 0 
    [13500.000, 13525.000) = 0 
    [13525.000, 13550.000) = 1 
    [13550.000, 13575.000) = 1 

  Percentiles, ms/op:
      p(0.0000) =  13373.483 ms/op
     p(50.0000) =  13416.337 ms/op
     p(90.0000) =  13552.194 ms/op
     p(95.0000) =  13552.194 ms/op
     p(99.0000) =  13552.194 ms/op
     p(99.9000) =  13552.194 ms/op
     p(99.9900) =  13552.194 ms/op
     p(99.9990) =  13552.194 ms/op
     p(99.9999) =  13552.194 ms/op
    p(100.0000) =  13552.194 ms/op

Secondary result "com.swirlds.benchmark.LongListSnapshotBenchmark.writeToFile:jfr":
JFR profiler results:
  /home/nikita.lebedev/hiero-consensus-node/platform-sdk/swirlds-merkledb/build/results/jmh/long-list-force-comparison/20260827T075601Z-418584/jfr/long-list-block-B/com.swirlds.benchmark.LongListSnapshotBenchmark.writeToFile-SingleShotTime-diskCacheState-UNCHANGED-forceToDisk-true-leafCount-1000000000-listImpl-LongListDisk-longListChunkSize-1048576-threadsPerLongList-8-verify-false-workDir-long-list/profile.jfr

Secondary result "com.swirlds.benchmark.LongListSnapshotBenchmark.writeToFile:postReturnForceNanos":
  ≈ 0 #


# JMH version: 1.37
# VM version: JDK 25.0.2, OpenJDK 64-Bit Server VM, 25.0.2+10-LTS
# VM invoker: /home/nikita.lebedev/.local/jdks/jdk-25.0.2+10/bin/java
# VM options: -Xms512m -Xmx16g -XX:MaxDirectMemorySize=16g
# Blackhole mode: compiler (auto-detected, use -Djmh.blackhole.autoDetect=false to disable)
# Warmup: 1 iterations, single-shot each
# Measurement: 5 iterations, single-shot each
# Timeout: 60 min per iteration
# Threads: 1 thread
# Benchmark mode: Single shot invocation time
# Benchmark: com.swirlds.benchmark.LongListSnapshotBenchmark.writeToFile
# Parameters: (diskCacheState = UNCHANGED, forceToDisk = true, leafCount = 1000000000, listImpl = LongListDisk, longListChunkSize = 1048576, threadsPerLongList = 1, verify = false, workDir = long-list)

# Run progress: 65.00% complete, ETA 00:11:35
# Fork: 1 of 1
# Preparing profilers: JavaFlightRecorderProfiler 
WARNING: A terminally deprecated method in sun.misc.Unsafe has been called
WARNING: sun.misc.Unsafe::objectFieldOffset has been called by org.openjdk.jmh.util.Utils (file:/home/nikita.lebedev/hiero-consensus-node/platform-sdk/swirlds-merkledb/build/libs/swirlds-merkledb-0.79.0-SNAPSHOT-jmh.jar)
WARNING: Please consider reporting this to the maintainers of class org.openjdk.jmh.util.Utils
WARNING: sun.misc.Unsafe::objectFieldOffset will be removed in a future release
# Warmup Iteration   1: 16936.903 ms/op
Iteration   1: 14904.923 ms/op
                 postReturnForceNanos: ≈ 0 #

Iteration   2: 14415.294 ms/op
                 postReturnForceNanos: ≈ 0 #

Iteration   3: 14624.015 ms/op
                 postReturnForceNanos: ≈ 0 #

Iteration   4: 14522.601 ms/op
                 postReturnForceNanos: ≈ 0 #

Iteration   5: 14658.347 ms/op
                 jfr:                  (text only)
                 postReturnForceNanos: ≈ 0 #

# Processing profiler results: JavaFlightRecorderProfiler 


Result "com.swirlds.benchmark.LongListSnapshotBenchmark.writeToFile":
  N = 5
  mean =  14625.036 ±(99.9%) 704.605 ms/op

  Histogram, ms/op:
    [14400.000, 14450.000) = 1 
    [14450.000, 14500.000) = 0 
    [14500.000, 14550.000) = 1 
    [14550.000, 14600.000) = 0 
    [14600.000, 14650.000) = 1 
    [14650.000, 14700.000) = 1 
    [14700.000, 14750.000) = 0 
    [14750.000, 14800.000) = 0 
    [14800.000, 14850.000) = 0 
    [14850.000, 14900.000) = 0 
    [14900.000, 14950.000) = 1 

  Percentiles, ms/op:
      p(0.0000) =  14415.294 ms/op
     p(50.0000) =  14624.015 ms/op
     p(90.0000) =  14904.923 ms/op
     p(95.0000) =  14904.923 ms/op
     p(99.0000) =  14904.923 ms/op
     p(99.9000) =  14904.923 ms/op
     p(99.9900) =  14904.923 ms/op
     p(99.9990) =  14904.923 ms/op
     p(99.9999) =  14904.923 ms/op
    p(100.0000) =  14904.923 ms/op

Secondary result "com.swirlds.benchmark.LongListSnapshotBenchmark.writeToFile:jfr":
JFR profiler results:
  /home/nikita.lebedev/hiero-consensus-node/platform-sdk/swirlds-merkledb/build/results/jmh/long-list-force-comparison/20260827T075601Z-418584/jfr/long-list-block-B/com.swirlds.benchmark.LongListSnapshotBenchmark.writeToFile-SingleShotTime-diskCacheState-UNCHANGED-forceToDisk-true-leafCount-1000000000-listImpl-LongListDisk-longListChunkSize-1048576-threadsPerLongList-1-verify-false-workDir-long-list/profile.jfr

Secondary result "com.swirlds.benchmark.LongListSnapshotBenchmark.writeToFile:postReturnForceNanos":
  ≈ 0 #


# JMH version: 1.37
# VM version: JDK 25.0.2, OpenJDK 64-Bit Server VM, 25.0.2+10-LTS
# VM invoker: /home/nikita.lebedev/.local/jdks/jdk-25.0.2+10/bin/java
# VM options: -Xms512m -Xmx16g -XX:MaxDirectMemorySize=16g
# Blackhole mode: compiler (auto-detected, use -Djmh.blackhole.autoDetect=false to disable)
# Warmup: 1 iterations, single-shot each
# Measurement: 5 iterations, single-shot each
# Timeout: 60 min per iteration
# Threads: 1 thread
# Benchmark mode: Single shot invocation time
# Benchmark: com.swirlds.benchmark.LongListSnapshotBenchmark.writeToFile
# Parameters: (diskCacheState = UNCHANGED, forceToDisk = true, leafCount = 1000000000, listImpl = LongListSegment, longListChunkSize = 1048576, threadsPerLongList = 8, verify = false, workDir = long-list)

# Run progress: 70.00% complete, ETA 00:10:00
# Fork: 1 of 1
# Preparing profilers: JavaFlightRecorderProfiler 
WARNING: A terminally deprecated method in sun.misc.Unsafe has been called
WARNING: sun.misc.Unsafe::objectFieldOffset has been called by org.openjdk.jmh.util.Utils (file:/home/nikita.lebedev/hiero-consensus-node/platform-sdk/swirlds-merkledb/build/libs/swirlds-merkledb-0.79.0-SNAPSHOT-jmh.jar)
WARNING: Please consider reporting this to the maintainers of class org.openjdk.jmh.util.Utils
WARNING: sun.misc.Unsafe::objectFieldOffset will be removed in a future release
# Warmup Iteration   1: 13399.641 ms/op
Iteration   1: 13294.315 ms/op
                 postReturnForceNanos: ≈ 0 #

Iteration   2: 13278.517 ms/op
                 postReturnForceNanos: ≈ 0 #

Iteration   3: 13203.106 ms/op
                 postReturnForceNanos: ≈ 0 #

Iteration   4: 13359.922 ms/op
                 postReturnForceNanos: ≈ 0 #

Iteration   5: 13240.549 ms/op
                 jfr:                  (text only)
                 postReturnForceNanos: ≈ 0 #

# Processing profiler results: JavaFlightRecorderProfiler 


Result "com.swirlds.benchmark.LongListSnapshotBenchmark.writeToFile":
  N = 5
  mean =  13275.282 ±(99.9%) 227.420 ms/op

  Histogram, ms/op:
    [13200.000, 13212.500) = 1 
    [13212.500, 13225.000) = 0 
    [13225.000, 13237.500) = 0 
    [13237.500, 13250.000) = 1 
    [13250.000, 13262.500) = 0 
    [13262.500, 13275.000) = 0 
    [13275.000, 13287.500) = 1 
    [13287.500, 13300.000) = 1 
    [13300.000, 13312.500) = 0 
    [13312.500, 13325.000) = 0 
    [13325.000, 13337.500) = 0 
    [13337.500, 13350.000) = 0 
    [13350.000, 13362.500) = 1 
    [13362.500, 13375.000) = 0 
    [13375.000, 13387.500) = 0 

  Percentiles, ms/op:
      p(0.0000) =  13203.106 ms/op
     p(50.0000) =  13278.517 ms/op
     p(90.0000) =  13359.922 ms/op
     p(95.0000) =  13359.922 ms/op
     p(99.0000) =  13359.922 ms/op
     p(99.9000) =  13359.922 ms/op
     p(99.9900) =  13359.922 ms/op
     p(99.9990) =  13359.922 ms/op
     p(99.9999) =  13359.922 ms/op
    p(100.0000) =  13359.922 ms/op

Secondary result "com.swirlds.benchmark.LongListSnapshotBenchmark.writeToFile:jfr":
JFR profiler results:
  /home/nikita.lebedev/hiero-consensus-node/platform-sdk/swirlds-merkledb/build/results/jmh/long-list-force-comparison/20260827T075601Z-418584/jfr/long-list-block-B/com.swirlds.benchmark.LongListSnapshotBenchmark.writeToFile-SingleShotTime-diskCacheState-UNCHANGED-forceToDisk-true-leafCount-1000000000-listImpl-LongListSegment-longListChunkSize-1048576-threadsPerLongList-8-verify-false-workDir-long-list/profile.jfr

Secondary result "com.swirlds.benchmark.LongListSnapshotBenchmark.writeToFile:postReturnForceNanos":
  ≈ 0 #


# JMH version: 1.37
# VM version: JDK 25.0.2, OpenJDK 64-Bit Server VM, 25.0.2+10-LTS
# VM invoker: /home/nikita.lebedev/.local/jdks/jdk-25.0.2+10/bin/java
# VM options: -Xms512m -Xmx16g -XX:MaxDirectMemorySize=16g
# Blackhole mode: compiler (auto-detected, use -Djmh.blackhole.autoDetect=false to disable)
# Warmup: 1 iterations, single-shot each
# Measurement: 5 iterations, single-shot each
# Timeout: 60 min per iteration
# Threads: 1 thread
# Benchmark mode: Single shot invocation time
# Benchmark: com.swirlds.benchmark.LongListSnapshotBenchmark.writeToFile
# Parameters: (diskCacheState = UNCHANGED, forceToDisk = true, leafCount = 1000000000, listImpl = LongListSegment, longListChunkSize = 1048576, threadsPerLongList = 1, verify = false, workDir = long-list)

# Run progress: 75.00% complete, ETA 00:08:17
# Fork: 1 of 1
# Preparing profilers: JavaFlightRecorderProfiler 
WARNING: A terminally deprecated method in sun.misc.Unsafe has been called
WARNING: sun.misc.Unsafe::objectFieldOffset has been called by org.openjdk.jmh.util.Utils (file:/home/nikita.lebedev/hiero-consensus-node/platform-sdk/swirlds-merkledb/build/libs/swirlds-merkledb-0.79.0-SNAPSHOT-jmh.jar)
WARNING: Please consider reporting this to the maintainers of class org.openjdk.jmh.util.Utils
WARNING: sun.misc.Unsafe::objectFieldOffset will be removed in a future release
# Warmup Iteration   1: 13735.015 ms/op
Iteration   1: 13800.282 ms/op
                 postReturnForceNanos: ≈ 0 #

Iteration   2: 13679.023 ms/op
                 postReturnForceNanos: ≈ 0 #

Iteration   3: 13625.896 ms/op
                 postReturnForceNanos: ≈ 0 #

Iteration   4: 13986.380 ms/op
                 postReturnForceNanos: ≈ 0 #

Iteration   5: 14021.035 ms/op
                 jfr:                  (text only)
                 postReturnForceNanos: ≈ 0 #

# Processing profiler results: JavaFlightRecorderProfiler 


Result "com.swirlds.benchmark.LongListSnapshotBenchmark.writeToFile":
  N = 5
  mean =  13822.523 ±(99.9%) 683.436 ms/op

  Histogram, ms/op:
    [13600.000, 13650.000) = 1 
    [13650.000, 13700.000) = 1 
    [13700.000, 13750.000) = 0 
    [13750.000, 13800.000) = 0 
    [13800.000, 13850.000) = 1 
    [13850.000, 13900.000) = 0 
    [13900.000, 13950.000) = 0 
    [13950.000, 14000.000) = 1 
    [14000.000, 14050.000) = 1 

  Percentiles, ms/op:
      p(0.0000) =  13625.896 ms/op
     p(50.0000) =  13800.282 ms/op
     p(90.0000) =  14021.035 ms/op
     p(95.0000) =  14021.035 ms/op
     p(99.0000) =  14021.035 ms/op
     p(99.9000) =  14021.035 ms/op
     p(99.9900) =  14021.035 ms/op
     p(99.9990) =  14021.035 ms/op
     p(99.9999) =  14021.035 ms/op
    p(100.0000) =  14021.035 ms/op

Secondary result "com.swirlds.benchmark.LongListSnapshotBenchmark.writeToFile:jfr":
JFR profiler results:
  /home/nikita.lebedev/hiero-consensus-node/platform-sdk/swirlds-merkledb/build/results/jmh/long-list-force-comparison/20260827T075601Z-418584/jfr/long-list-block-B/com.swirlds.benchmark.LongListSnapshotBenchmark.writeToFile-SingleShotTime-diskCacheState-UNCHANGED-forceToDisk-true-leafCount-1000000000-listImpl-LongListSegment-longListChunkSize-1048576-threadsPerLongList-1-verify-false-workDir-long-list/profile.jfr

Secondary result "com.swirlds.benchmark.LongListSnapshotBenchmark.writeToFile:postReturnForceNanos":
  ≈ 0 #


# JMH version: 1.37
# VM version: JDK 25.0.2, OpenJDK 64-Bit Server VM, 25.0.2+10-LTS
# VM invoker: /home/nikita.lebedev/.local/jdks/jdk-25.0.2+10/bin/java
# VM options: -Xms512m -Xmx16g -XX:MaxDirectMemorySize=16g
# Blackhole mode: compiler (auto-detected, use -Djmh.blackhole.autoDetect=false to disable)
# Warmup: 1 iterations, single-shot each
# Measurement: 5 iterations, single-shot each
# Timeout: 60 min per iteration
# Threads: 1 thread
# Benchmark mode: Single shot invocation time
# Benchmark: com.swirlds.benchmark.LongListSnapshotBenchmark.writeToFile
# Parameters: (diskCacheState = UNCHANGED, forceToDisk = true, leafCount = 1000000000, listImpl = LongListOffHeap, longListChunkSize = 1048576, threadsPerLongList = 8, verify = false, workDir = long-list)

# Run progress: 80.00% complete, ETA 00:06:36
# Fork: 1 of 1
# Preparing profilers: JavaFlightRecorderProfiler 
WARNING: A terminally deprecated method in sun.misc.Unsafe has been called
WARNING: sun.misc.Unsafe::objectFieldOffset has been called by org.openjdk.jmh.util.Utils (file:/home/nikita.lebedev/hiero-consensus-node/platform-sdk/swirlds-merkledb/build/libs/swirlds-merkledb-0.79.0-SNAPSHOT-jmh.jar)
WARNING: Please consider reporting this to the maintainers of class org.openjdk.jmh.util.Utils
WARNING: sun.misc.Unsafe::objectFieldOffset will be removed in a future release
# Warmup Iteration   1: 13253.465 ms/op
Iteration   1: 13207.354 ms/op
                 postReturnForceNanos: ≈ 0 #

Iteration   2: 13206.668 ms/op
                 postReturnForceNanos: ≈ 0 #

Iteration   3: 13206.579 ms/op
                 postReturnForceNanos: ≈ 0 #

Iteration   4: 13278.485 ms/op
                 postReturnForceNanos: ≈ 0 #

Iteration   5: 13238.322 ms/op
                 jfr:                  (text only)
                 postReturnForceNanos: ≈ 0 #

# Processing profiler results: JavaFlightRecorderProfiler 


Result "com.swirlds.benchmark.LongListSnapshotBenchmark.writeToFile":
  N = 5
  mean =  13227.482 ±(99.9%) 121.678 ms/op

  Histogram, ms/op:
    [13200.000, 13205.000) = 0 
    [13205.000, 13210.000) = 3 
    [13210.000, 13215.000) = 0 
    [13215.000, 13220.000) = 0 
    [13220.000, 13225.000) = 0 
    [13225.000, 13230.000) = 0 
    [13230.000, 13235.000) = 0 
    [13235.000, 13240.000) = 1 
    [13240.000, 13245.000) = 0 
    [13245.000, 13250.000) = 0 
    [13250.000, 13255.000) = 0 
    [13255.000, 13260.000) = 0 
    [13260.000, 13265.000) = 0 
    [13265.000, 13270.000) = 0 
    [13270.000, 13275.000) = 0 

  Percentiles, ms/op:
      p(0.0000) =  13206.579 ms/op
     p(50.0000) =  13207.354 ms/op
     p(90.0000) =  13278.485 ms/op
     p(95.0000) =  13278.485 ms/op
     p(99.0000) =  13278.485 ms/op
     p(99.9000) =  13278.485 ms/op
     p(99.9900) =  13278.485 ms/op
     p(99.9990) =  13278.485 ms/op
     p(99.9999) =  13278.485 ms/op
    p(100.0000) =  13278.485 ms/op

Secondary result "com.swirlds.benchmark.LongListSnapshotBenchmark.writeToFile:jfr":
JFR profiler results:
  /home/nikita.lebedev/hiero-consensus-node/platform-sdk/swirlds-merkledb/build/results/jmh/long-list-force-comparison/20260827T075601Z-418584/jfr/long-list-block-B/com.swirlds.benchmark.LongListSnapshotBenchmark.writeToFile-SingleShotTime-diskCacheState-UNCHANGED-forceToDisk-true-leafCount-1000000000-listImpl-LongListOffHeap-longListChunkSize-1048576-threadsPerLongList-8-verify-false-workDir-long-list/profile.jfr

Secondary result "com.swirlds.benchmark.LongListSnapshotBenchmark.writeToFile:postReturnForceNanos":
  ≈ 0 #


# JMH version: 1.37
# VM version: JDK 25.0.2, OpenJDK 64-Bit Server VM, 25.0.2+10-LTS
# VM invoker: /home/nikita.lebedev/.local/jdks/jdk-25.0.2+10/bin/java
# VM options: -Xms512m -Xmx16g -XX:MaxDirectMemorySize=16g
# Blackhole mode: compiler (auto-detected, use -Djmh.blackhole.autoDetect=false to disable)
# Warmup: 1 iterations, single-shot each
# Measurement: 5 iterations, single-shot each
# Timeout: 60 min per iteration
# Threads: 1 thread
# Benchmark mode: Single shot invocation time
# Benchmark: com.swirlds.benchmark.LongListSnapshotBenchmark.writeToFile
# Parameters: (diskCacheState = UNCHANGED, forceToDisk = true, leafCount = 1000000000, listImpl = LongListOffHeap, longListChunkSize = 1048576, threadsPerLongList = 1, verify = false, workDir = long-list)

# Run progress: 85.00% complete, ETA 00:04:55
# Fork: 1 of 1
# Preparing profilers: JavaFlightRecorderProfiler 
WARNING: A terminally deprecated method in sun.misc.Unsafe has been called
WARNING: sun.misc.Unsafe::objectFieldOffset has been called by org.openjdk.jmh.util.Utils (file:/home/nikita.lebedev/hiero-consensus-node/platform-sdk/swirlds-merkledb/build/libs/swirlds-merkledb-0.79.0-SNAPSHOT-jmh.jar)
WARNING: Please consider reporting this to the maintainers of class org.openjdk.jmh.util.Utils
WARNING: sun.misc.Unsafe::objectFieldOffset will be removed in a future release
# Warmup Iteration   1: 13705.676 ms/op
Iteration   1: 13953.879 ms/op
                 postReturnForceNanos: ≈ 0 #

Iteration   2: 14083.416 ms/op
                 postReturnForceNanos: ≈ 0 #

Iteration   3: 13863.007 ms/op
                 postReturnForceNanos: ≈ 0 #

Iteration   4: 13871.602 ms/op
                 postReturnForceNanos: ≈ 0 #

Iteration   5: 14065.172 ms/op
                 jfr:                  (text only)
                 postReturnForceNanos: ≈ 0 #

# Processing profiler results: JavaFlightRecorderProfiler 


Result "com.swirlds.benchmark.LongListSnapshotBenchmark.writeToFile":
  N = 5
  mean =  13967.415 ±(99.9%) 400.528 ms/op

  Histogram, ms/op:
    [13800.000, 13825.000) = 0 
    [13825.000, 13850.000) = 0 
    [13850.000, 13875.000) = 2 
    [13875.000, 13900.000) = 0 
    [13900.000, 13925.000) = 0 
    [13925.000, 13950.000) = 0 
    [13950.000, 13975.000) = 1 
    [13975.000, 14000.000) = 0 
    [14000.000, 14025.000) = 0 
    [14025.000, 14050.000) = 0 
    [14050.000, 14075.000) = 1 

  Percentiles, ms/op:
      p(0.0000) =  13863.007 ms/op
     p(50.0000) =  13953.879 ms/op
     p(90.0000) =  14083.416 ms/op
     p(95.0000) =  14083.416 ms/op
     p(99.0000) =  14083.416 ms/op
     p(99.9000) =  14083.416 ms/op
     p(99.9900) =  14083.416 ms/op
     p(99.9990) =  14083.416 ms/op
     p(99.9999) =  14083.416 ms/op
    p(100.0000) =  14083.416 ms/op

Secondary result "com.swirlds.benchmark.LongListSnapshotBenchmark.writeToFile:jfr":
JFR profiler results:
  /home/nikita.lebedev/hiero-consensus-node/platform-sdk/swirlds-merkledb/build/results/jmh/long-list-force-comparison/20260827T075601Z-418584/jfr/long-list-block-B/com.swirlds.benchmark.LongListSnapshotBenchmark.writeToFile-SingleShotTime-diskCacheState-UNCHANGED-forceToDisk-true-leafCount-1000000000-listImpl-LongListOffHeap-longListChunkSize-1048576-threadsPerLongList-1-verify-false-workDir-long-list/profile.jfr

Secondary result "com.swirlds.benchmark.LongListSnapshotBenchmark.writeToFile:postReturnForceNanos":
  ≈ 0 #


# JMH version: 1.37
# VM version: JDK 25.0.2, OpenJDK 64-Bit Server VM, 25.0.2+10-LTS
# VM invoker: /home/nikita.lebedev/.local/jdks/jdk-25.0.2+10/bin/java
# VM options: -Xms512m -Xmx16g -XX:MaxDirectMemorySize=16g
# Blackhole mode: compiler (auto-detected, use -Djmh.blackhole.autoDetect=false to disable)
# Warmup: 1 iterations, single-shot each
# Measurement: 5 iterations, single-shot each
# Timeout: 60 min per iteration
# Threads: 1 thread
# Benchmark mode: Single shot invocation time
# Benchmark: com.swirlds.benchmark.LongListSnapshotBenchmark.writeToFile
# Parameters: (diskCacheState = UNCHANGED, forceToDisk = true, leafCount = 1000000000, listImpl = LongListHeap, longListChunkSize = 1048576, threadsPerLongList = 8, verify = false, workDir = long-list)

# Run progress: 90.00% complete, ETA 00:03:16
# Fork: 1 of 1
# Preparing profilers: JavaFlightRecorderProfiler 
WARNING: A terminally deprecated method in sun.misc.Unsafe has been called
WARNING: sun.misc.Unsafe::objectFieldOffset has been called by org.openjdk.jmh.util.Utils (file:/home/nikita.lebedev/hiero-consensus-node/platform-sdk/swirlds-merkledb/build/libs/swirlds-merkledb-0.79.0-SNAPSHOT-jmh.jar)
WARNING: Please consider reporting this to the maintainers of class org.openjdk.jmh.util.Utils
WARNING: sun.misc.Unsafe::objectFieldOffset will be removed in a future release
# Warmup Iteration   1: 12745.320 ms/op
Iteration   1: 12726.955 ms/op
                 postReturnForceNanos: ≈ 0 #

Iteration   2: 12463.226 ms/op
                 postReturnForceNanos: ≈ 0 #

Iteration   3: 12560.270 ms/op
                 postReturnForceNanos: ≈ 0 #

Iteration   4: 12554.403 ms/op
                 postReturnForceNanos: ≈ 0 #

Iteration   5: 12784.487 ms/op
                 jfr:                  (text only)
                 postReturnForceNanos: ≈ 0 #

# Processing profiler results: JavaFlightRecorderProfiler 


Result "com.swirlds.benchmark.LongListSnapshotBenchmark.writeToFile":
  N = 5
  mean =  12617.868 ±(99.9%) 512.733 ms/op

  Histogram, ms/op:
    [12400.000, 12425.000) = 0 
    [12425.000, 12450.000) = 0 
    [12450.000, 12475.000) = 1 
    [12475.000, 12500.000) = 0 
    [12500.000, 12525.000) = 0 
    [12525.000, 12550.000) = 0 
    [12550.000, 12575.000) = 2 
    [12575.000, 12600.000) = 0 
    [12600.000, 12625.000) = 0 
    [12625.000, 12650.000) = 0 
    [12650.000, 12675.000) = 0 
    [12675.000, 12700.000) = 0 
    [12700.000, 12725.000) = 0 
    [12725.000, 12750.000) = 1 
    [12750.000, 12775.000) = 0 

  Percentiles, ms/op:
      p(0.0000) =  12463.226 ms/op
     p(50.0000) =  12560.270 ms/op
     p(90.0000) =  12784.487 ms/op
     p(95.0000) =  12784.487 ms/op
     p(99.0000) =  12784.487 ms/op
     p(99.9000) =  12784.487 ms/op
     p(99.9900) =  12784.487 ms/op
     p(99.9990) =  12784.487 ms/op
     p(99.9999) =  12784.487 ms/op
    p(100.0000) =  12784.487 ms/op

Secondary result "com.swirlds.benchmark.LongListSnapshotBenchmark.writeToFile:jfr":
JFR profiler results:
  /home/nikita.lebedev/hiero-consensus-node/platform-sdk/swirlds-merkledb/build/results/jmh/long-list-force-comparison/20260827T075601Z-418584/jfr/long-list-block-B/com.swirlds.benchmark.LongListSnapshotBenchmark.writeToFile-SingleShotTime-diskCacheState-UNCHANGED-forceToDisk-true-leafCount-1000000000-listImpl-LongListHeap-longListChunkSize-1048576-threadsPerLongList-8-verify-false-workDir-long-list/profile.jfr

Secondary result "com.swirlds.benchmark.LongListSnapshotBenchmark.writeToFile:postReturnForceNanos":
  ≈ 0 #


# JMH version: 1.37
# VM version: JDK 25.0.2, OpenJDK 64-Bit Server VM, 25.0.2+10-LTS
# VM invoker: /home/nikita.lebedev/.local/jdks/jdk-25.0.2+10/bin/java
# VM options: -Xms512m -Xmx16g -XX:MaxDirectMemorySize=16g
# Blackhole mode: compiler (auto-detected, use -Djmh.blackhole.autoDetect=false to disable)
# Warmup: 1 iterations, single-shot each
# Measurement: 5 iterations, single-shot each
# Timeout: 60 min per iteration
# Threads: 1 thread
# Benchmark mode: Single shot invocation time
# Benchmark: com.swirlds.benchmark.LongListSnapshotBenchmark.writeToFile
# Parameters: (diskCacheState = UNCHANGED, forceToDisk = true, leafCount = 1000000000, listImpl = LongListHeap, longListChunkSize = 1048576, threadsPerLongList = 1, verify = false, workDir = long-list)

# Run progress: 95.00% complete, ETA 00:01:38
# Fork: 1 of 1
# Preparing profilers: JavaFlightRecorderProfiler 
WARNING: A terminally deprecated method in sun.misc.Unsafe has been called
WARNING: sun.misc.Unsafe::objectFieldOffset has been called by org.openjdk.jmh.util.Utils (file:/home/nikita.lebedev/hiero-consensus-node/platform-sdk/swirlds-merkledb/build/libs/swirlds-merkledb-0.79.0-SNAPSHOT-jmh.jar)
WARNING: Please consider reporting this to the maintainers of class org.openjdk.jmh.util.Utils
WARNING: sun.misc.Unsafe::objectFieldOffset will be removed in a future release
# Warmup Iteration   1: 14506.586 ms/op
Iteration   1: 14540.542 ms/op
                 postReturnForceNanos: ≈ 0 #

Iteration   2: 14565.167 ms/op
                 postReturnForceNanos: ≈ 0 #

Iteration   3: 14815.663 ms/op
                 postReturnForceNanos: ≈ 0 #

Iteration   4: 14436.927 ms/op
                 postReturnForceNanos: ≈ 0 #

Iteration   5: 14385.037 ms/op
                 jfr:                  (text only)
                 postReturnForceNanos: ≈ 0 #

# Processing profiler results: JavaFlightRecorderProfiler 


Result "com.swirlds.benchmark.LongListSnapshotBenchmark.writeToFile":
  N = 5
  mean =  14548.667 ±(99.9%) 641.123 ms/op

  Histogram, ms/op:
    [14300.000, 14350.000) = 0 
    [14350.000, 14400.000) = 1 
    [14400.000, 14450.000) = 1 
    [14450.000, 14500.000) = 0 
    [14500.000, 14550.000) = 1 
    [14550.000, 14600.000) = 1 
    [14600.000, 14650.000) = 0 
    [14650.000, 14700.000) = 0 
    [14700.000, 14750.000) = 0 
    [14750.000, 14800.000) = 0 
    [14800.000, 14850.000) = 1 

  Percentiles, ms/op:
      p(0.0000) =  14385.037 ms/op
     p(50.0000) =  14540.542 ms/op
     p(90.0000) =  14815.663 ms/op
     p(95.0000) =  14815.663 ms/op
     p(99.0000) =  14815.663 ms/op
     p(99.9000) =  14815.663 ms/op
     p(99.9900) =  14815.663 ms/op
     p(99.9990) =  14815.663 ms/op
     p(99.9999) =  14815.663 ms/op
    p(100.0000) =  14815.663 ms/op

Secondary result "com.swirlds.benchmark.LongListSnapshotBenchmark.writeToFile:jfr":
JFR profiler results:
  /home/nikita.lebedev/hiero-consensus-node/platform-sdk/swirlds-merkledb/build/results/jmh/long-list-force-comparison/20260827T075601Z-418584/jfr/long-list-block-B/com.swirlds.benchmark.LongListSnapshotBenchmark.writeToFile-SingleShotTime-diskCacheState-UNCHANGED-forceToDisk-true-leafCount-1000000000-listImpl-LongListHeap-longListChunkSize-1048576-threadsPerLongList-1-verify-false-workDir-long-list/profile.jfr

Secondary result "com.swirlds.benchmark.LongListSnapshotBenchmark.writeToFile:postReturnForceNanos":
  ≈ 0 #


# Run complete. Total time: 00:32:45

REMEMBER: The numbers below are just data. To gain reusable insights, you need to follow up on
why the numbers are the way they are. Use profilers (see -prof, -lprof), design factorial
experiments, perform baseline and negative tests that provide experimental control, make sure
the benchmarking environment is safe on JVM/OS/HW level, ask for reviews from the domain experts.
Do not assume the numbers tell you what you want them to tell.

NOTE: Current JVM experimentally supports Compiler Blackholes, and they are in use. Please exercise
extra caution when trusting the results, look into the generated code to check the benchmark still
works, and factor in a small probability of new VM bugs. Additionally, while comparisons between
different JVMs are already problematic, the performance difference caused by different Blackhole
modes can be very significant. Please make sure you use the consistent Blackhole mode for comparisons.

Benchmark                                                   (diskCacheState)  (forceToDisk)  (leafCount)           (listImpl)  (longListChunkSize)  (threadsPerLongList)  (verify)  (workDir)  Mode  Cnt            Score     Error  Units
LongListSnapshotBenchmark.writeToFile                              UNCHANGED          false   1000000000  LongListDiskSegment              1048576                     8     false  long-list    ss    5         7503.598 ± 985.649  ms/op
LongListSnapshotBenchmark.writeToFile:jfr                          UNCHANGED          false   1000000000  LongListDiskSegment              1048576                     8     false  long-list    ss                   NaN              ---
LongListSnapshotBenchmark.writeToFile:postReturnForceNanos         UNCHANGED          false   1000000000  LongListDiskSegment              1048576                     8     false  long-list    ss    5  29696094403.000                #
LongListSnapshotBenchmark.writeToFile                              UNCHANGED          false   1000000000  LongListDiskSegment              1048576                     1     false  long-list    ss    5         9947.130 ± 319.049  ms/op
LongListSnapshotBenchmark.writeToFile:jfr                          UNCHANGED          false   1000000000  LongListDiskSegment              1048576                     1     false  long-list    ss                   NaN              ---
LongListSnapshotBenchmark.writeToFile:postReturnForceNanos         UNCHANGED          false   1000000000  LongListDiskSegment              1048576                     1     false  long-list    ss    5  21207375257.000                #
LongListSnapshotBenchmark.writeToFile                              UNCHANGED          false   1000000000         LongListDisk              1048576                     8     false  long-list    ss    5         7577.583 ± 352.775  ms/op
LongListSnapshotBenchmark.writeToFile:jfr                          UNCHANGED          false   1000000000         LongListDisk              1048576                     8     false  long-list    ss                   NaN              ---
LongListSnapshotBenchmark.writeToFile:postReturnForceNanos         UNCHANGED          false   1000000000         LongListDisk              1048576                     8     false  long-list    ss    5  29341859596.000                #
LongListSnapshotBenchmark.writeToFile                              UNCHANGED          false   1000000000         LongListDisk              1048576                     1     false  long-list    ss    5        11304.132 ± 203.903  ms/op
LongListSnapshotBenchmark.writeToFile:jfr                          UNCHANGED          false   1000000000         LongListDisk              1048576                     1     false  long-list    ss                   NaN              ---
LongListSnapshotBenchmark.writeToFile:postReturnForceNanos         UNCHANGED          false   1000000000         LongListDisk              1048576                     1     false  long-list    ss    5  16575466939.000                #
LongListSnapshotBenchmark.writeToFile                              UNCHANGED          false   1000000000      LongListSegment              1048576                     8     false  long-list    ss    5         7447.961 ± 217.085  ms/op
LongListSnapshotBenchmark.writeToFile:jfr                          UNCHANGED          false   1000000000      LongListSegment              1048576                     8     false  long-list    ss                   NaN              ---
LongListSnapshotBenchmark.writeToFile:postReturnForceNanos         UNCHANGED          false   1000000000      LongListSegment              1048576                     8     false  long-list    ss    5  29398570679.000                #
LongListSnapshotBenchmark.writeToFile                              UNCHANGED          false   1000000000      LongListSegment              1048576                     1     false  long-list    ss    5         9902.584 ± 358.160  ms/op
LongListSnapshotBenchmark.writeToFile:jfr                          UNCHANGED          false   1000000000      LongListSegment              1048576                     1     false  long-list    ss                   NaN              ---
LongListSnapshotBenchmark.writeToFile:postReturnForceNanos         UNCHANGED          false   1000000000      LongListSegment              1048576                     1     false  long-list    ss    5  19551880485.000                #
LongListSnapshotBenchmark.writeToFile                              UNCHANGED          false   1000000000      LongListOffHeap              1048576                     8     false  long-list    ss    5         7489.148 ± 859.772  ms/op
LongListSnapshotBenchmark.writeToFile:jfr                          UNCHANGED          false   1000000000      LongListOffHeap              1048576                     8     false  long-list    ss                   NaN              ---
LongListSnapshotBenchmark.writeToFile:postReturnForceNanos         UNCHANGED          false   1000000000      LongListOffHeap              1048576                     8     false  long-list    ss    5  29291611490.000                #
LongListSnapshotBenchmark.writeToFile                              UNCHANGED          false   1000000000      LongListOffHeap              1048576                     1     false  long-list    ss    5         9774.115 ± 608.103  ms/op
LongListSnapshotBenchmark.writeToFile:jfr                          UNCHANGED          false   1000000000      LongListOffHeap              1048576                     1     false  long-list    ss                   NaN              ---
LongListSnapshotBenchmark.writeToFile:postReturnForceNanos         UNCHANGED          false   1000000000      LongListOffHeap              1048576                     1     false  long-list    ss    5  20607814145.000                #
LongListSnapshotBenchmark.writeToFile                              UNCHANGED          false   1000000000         LongListHeap              1048576                     8     false  long-list    ss    5         5395.213 ± 814.235  ms/op
LongListSnapshotBenchmark.writeToFile:jfr                          UNCHANGED          false   1000000000         LongListHeap              1048576                     8     false  long-list    ss                   NaN              ---
LongListSnapshotBenchmark.writeToFile:postReturnForceNanos         UNCHANGED          false   1000000000         LongListHeap              1048576                     8     false  long-list    ss    5  36357762652.000                #
LongListSnapshotBenchmark.writeToFile                              UNCHANGED          false   1000000000         LongListHeap              1048576                     1     false  long-list    ss    5        11240.328 ± 297.248  ms/op
LongListSnapshotBenchmark.writeToFile:jfr                          UNCHANGED          false   1000000000         LongListHeap              1048576                     1     false  long-list    ss                   NaN              ---
LongListSnapshotBenchmark.writeToFile:postReturnForceNanos         UNCHANGED          false   1000000000         LongListHeap              1048576                     1     false  long-list    ss    5  15786831862.000                #
LongListSnapshotBenchmark.writeToFile                              UNCHANGED           true   1000000000  LongListDiskSegment              1048576                     8     false  long-list    ss    5        13536.550 ± 492.108  ms/op
LongListSnapshotBenchmark.writeToFile:jfr                          UNCHANGED           true   1000000000  LongListDiskSegment              1048576                     8     false  long-list    ss                   NaN              ---
LongListSnapshotBenchmark.writeToFile:postReturnForceNanos         UNCHANGED           true   1000000000  LongListDiskSegment              1048576                     8     false  long-list    ss    5              ≈ 0                #
LongListSnapshotBenchmark.writeToFile                              UNCHANGED           true   1000000000  LongListDiskSegment              1048576                     1     false  long-list    ss    5        14032.888 ± 681.502  ms/op
LongListSnapshotBenchmark.writeToFile:jfr                          UNCHANGED           true   1000000000  LongListDiskSegment              1048576                     1     false  long-list    ss                   NaN              ---
LongListSnapshotBenchmark.writeToFile:postReturnForceNanos         UNCHANGED           true   1000000000  LongListDiskSegment              1048576                     1     false  long-list    ss    5              ≈ 0                #
LongListSnapshotBenchmark.writeToFile                              UNCHANGED           true   1000000000         LongListDisk              1048576                     8     false  long-list    ss    5        13459.083 ± 314.737  ms/op
LongListSnapshotBenchmark.writeToFile:jfr                          UNCHANGED           true   1000000000         LongListDisk              1048576                     8     false  long-list    ss                   NaN              ---
LongListSnapshotBenchmark.writeToFile:postReturnForceNanos         UNCHANGED           true   1000000000         LongListDisk              1048576                     8     false  long-list    ss    5              ≈ 0                #
LongListSnapshotBenchmark.writeToFile                              UNCHANGED           true   1000000000         LongListDisk              1048576                     1     false  long-list    ss    5        14625.036 ± 704.605  ms/op
LongListSnapshotBenchmark.writeToFile:jfr                          UNCHANGED           true   1000000000         LongListDisk              1048576                     1     false  long-list    ss                   NaN              ---
LongListSnapshotBenchmark.writeToFile:postReturnForceNanos         UNCHANGED           true   1000000000         LongListDisk              1048576                     1     false  long-list    ss    5              ≈ 0                #
LongListSnapshotBenchmark.writeToFile                              UNCHANGED           true   1000000000      LongListSegment              1048576                     8     false  long-list    ss    5        13275.282 ± 227.420  ms/op
LongListSnapshotBenchmark.writeToFile:jfr                          UNCHANGED           true   1000000000      LongListSegment              1048576                     8     false  long-list    ss                   NaN              ---
LongListSnapshotBenchmark.writeToFile:postReturnForceNanos         UNCHANGED           true   1000000000      LongListSegment              1048576                     8     false  long-list    ss    5              ≈ 0                #
LongListSnapshotBenchmark.writeToFile                              UNCHANGED           true   1000000000      LongListSegment              1048576                     1     false  long-list    ss    5        13822.523 ± 683.436  ms/op
LongListSnapshotBenchmark.writeToFile:jfr                          UNCHANGED           true   1000000000      LongListSegment              1048576                     1     false  long-list    ss                   NaN              ---
LongListSnapshotBenchmark.writeToFile:postReturnForceNanos         UNCHANGED           true   1000000000      LongListSegment              1048576                     1     false  long-list    ss    5              ≈ 0                #
LongListSnapshotBenchmark.writeToFile                              UNCHANGED           true   1000000000      LongListOffHeap              1048576                     8     false  long-list    ss    5        13227.482 ± 121.678  ms/op
LongListSnapshotBenchmark.writeToFile:jfr                          UNCHANGED           true   1000000000      LongListOffHeap              1048576                     8     false  long-list    ss                   NaN              ---
LongListSnapshotBenchmark.writeToFile:postReturnForceNanos         UNCHANGED           true   1000000000      LongListOffHeap              1048576                     8     false  long-list    ss    5              ≈ 0                #
LongListSnapshotBenchmark.writeToFile                              UNCHANGED           true   1000000000      LongListOffHeap              1048576                     1     false  long-list    ss    5        13967.415 ± 400.528  ms/op
LongListSnapshotBenchmark.writeToFile:jfr                          UNCHANGED           true   1000000000      LongListOffHeap              1048576                     1     false  long-list    ss                   NaN              ---
LongListSnapshotBenchmark.writeToFile:postReturnForceNanos         UNCHANGED           true   1000000000      LongListOffHeap              1048576                     1     false  long-list    ss    5              ≈ 0                #
LongListSnapshotBenchmark.writeToFile                              UNCHANGED           true   1000000000         LongListHeap              1048576                     8     false  long-list    ss    5        12617.868 ± 512.733  ms/op
LongListSnapshotBenchmark.writeToFile:jfr                          UNCHANGED           true   1000000000         LongListHeap              1048576                     8     false  long-list    ss                   NaN              ---
LongListSnapshotBenchmark.writeToFile:postReturnForceNanos         UNCHANGED           true   1000000000         LongListHeap              1048576                     8     false  long-list    ss    5              ≈ 0                #
LongListSnapshotBenchmark.writeToFile                              UNCHANGED           true   1000000000         LongListHeap              1048576                     1     false  long-list    ss    5        14548.667 ± 641.123  ms/op
LongListSnapshotBenchmark.writeToFile:jfr                          UNCHANGED           true   1000000000         LongListHeap              1048576                     1     false  long-list    ss                   NaN              ---
LongListSnapshotBenchmark.writeToFile:postReturnForceNanos         UNCHANGED           true   1000000000         LongListHeap              1048576                     1     false  long-list    ss    5              ≈ 0                #

Benchmark result is saved to /home/nikita.lebedev/hiero-consensus-node/platform-sdk/swirlds-merkledb/build/results/jmh/long-list-force-comparison/20260827T075601Z-418584/long-list-block-B.json

Running long-list-block-C, threadsPerLongList={8,1}, forceToDisk={true,false}
WARNING: A terminally deprecated method in sun.misc.Unsafe has been called
WARNING: sun.misc.Unsafe::objectFieldOffset has been called by org.openjdk.jmh.util.Utils (file:/home/nikita.lebedev/hiero-consensus-node/platform-sdk/swirlds-merkledb/build/libs/swirlds-merkledb-0.79.0-SNAPSHOT-jmh.jar)
WARNING: Please consider reporting this to the maintainers of class org.openjdk.jmh.util.Utils
WARNING: sun.misc.Unsafe::objectFieldOffset will be removed in a future release
# JMH version: 1.37
# VM version: JDK 25.0.2, OpenJDK 64-Bit Server VM, 25.0.2+10-LTS
# VM invoker: /home/nikita.lebedev/.local/jdks/jdk-25.0.2+10/bin/java
# VM options: -Xms512m -Xmx16g -XX:MaxDirectMemorySize=16g
# Blackhole mode: compiler (auto-detected, use -Djmh.blackhole.autoDetect=false to disable)
# Warmup: 1 iterations, single-shot each
# Measurement: 5 iterations, single-shot each
# Timeout: 60 min per iteration
# Threads: 1 thread
# Benchmark mode: Single shot invocation time
# Benchmark: com.swirlds.benchmark.LongListSnapshotBenchmark.writeToFile
# Parameters: (diskCacheState = UNCHANGED, forceToDisk = true, leafCount = 1000000000, listImpl = LongListOffHeap, longListChunkSize = 1048576, threadsPerLongList = 8, verify = false, workDir = long-list)

# Run progress: 0.00% complete, ETA 00:00:00
# Fork: 1 of 1
# Preparing profilers: JavaFlightRecorderProfiler 
WARNING: A terminally deprecated method in sun.misc.Unsafe has been called
WARNING: sun.misc.Unsafe::objectFieldOffset has been called by org.openjdk.jmh.util.Utils (file:/home/nikita.lebedev/hiero-consensus-node/platform-sdk/swirlds-merkledb/build/libs/swirlds-merkledb-0.79.0-SNAPSHOT-jmh.jar)
WARNING: Please consider reporting this to the maintainers of class org.openjdk.jmh.util.Utils
WARNING: sun.misc.Unsafe::objectFieldOffset will be removed in a future release
# Warmup Iteration   1: 13470.073 ms/op
Iteration   1: 13327.912 ms/op
                 postReturnForceNanos: ≈ 0 #

Iteration   2: 13124.964 ms/op
                 postReturnForceNanos: ≈ 0 #

Iteration   3: 13235.085 ms/op
                 postReturnForceNanos: ≈ 0 #

Iteration   4: 13138.400 ms/op
                 postReturnForceNanos: ≈ 0 #

Iteration   5: 13260.048 ms/op
                 jfr:                  (text only)
                 postReturnForceNanos: ≈ 0 #

# Processing profiler results: JavaFlightRecorderProfiler 


Result "com.swirlds.benchmark.LongListSnapshotBenchmark.writeToFile":
  N = 5
  mean =  13217.282 ±(99.9%) 328.605 ms/op

  Histogram, ms/op:
    [13100.000, 13125.000) = 1 
    [13125.000, 13150.000) = 1 
    [13150.000, 13175.000) = 0 
    [13175.000, 13200.000) = 0 
    [13200.000, 13225.000) = 0 
    [13225.000, 13250.000) = 1 
    [13250.000, 13275.000) = 1 
    [13275.000, 13300.000) = 0 
    [13300.000, 13325.000) = 0 
    [13325.000, 13350.000) = 1 
    [13350.000, 13375.000) = 0 

  Percentiles, ms/op:
      p(0.0000) =  13124.964 ms/op
     p(50.0000) =  13235.085 ms/op
     p(90.0000) =  13327.912 ms/op
     p(95.0000) =  13327.912 ms/op
     p(99.0000) =  13327.912 ms/op
     p(99.9000) =  13327.912 ms/op
     p(99.9900) =  13327.912 ms/op
     p(99.9990) =  13327.912 ms/op
     p(99.9999) =  13327.912 ms/op
    p(100.0000) =  13327.912 ms/op

Secondary result "com.swirlds.benchmark.LongListSnapshotBenchmark.writeToFile:jfr":
JFR profiler results:
  /home/nikita.lebedev/hiero-consensus-node/platform-sdk/swirlds-merkledb/build/results/jmh/long-list-force-comparison/20260827T075601Z-418584/jfr/long-list-block-C/com.swirlds.benchmark.LongListSnapshotBenchmark.writeToFile-SingleShotTime-diskCacheState-UNCHANGED-forceToDisk-true-leafCount-1000000000-listImpl-LongListOffHeap-longListChunkSize-1048576-threadsPerLongList-8-verify-false-workDir-long-list/profile.jfr

Secondary result "com.swirlds.benchmark.LongListSnapshotBenchmark.writeToFile:postReturnForceNanos":
  ≈ 0 #


# JMH version: 1.37
# VM version: JDK 25.0.2, OpenJDK 64-Bit Server VM, 25.0.2+10-LTS
# VM invoker: /home/nikita.lebedev/.local/jdks/jdk-25.0.2+10/bin/java
# VM options: -Xms512m -Xmx16g -XX:MaxDirectMemorySize=16g
# Blackhole mode: compiler (auto-detected, use -Djmh.blackhole.autoDetect=false to disable)
# Warmup: 1 iterations, single-shot each
# Measurement: 5 iterations, single-shot each
# Timeout: 60 min per iteration
# Threads: 1 thread
# Benchmark mode: Single shot invocation time
# Benchmark: com.swirlds.benchmark.LongListSnapshotBenchmark.writeToFile
# Parameters: (diskCacheState = UNCHANGED, forceToDisk = true, leafCount = 1000000000, listImpl = LongListOffHeap, longListChunkSize = 1048576, threadsPerLongList = 1, verify = false, workDir = long-list)

# Run progress: 5.00% complete, ETA 00:28:49
# Fork: 1 of 1
# Preparing profilers: JavaFlightRecorderProfiler 
WARNING: A terminally deprecated method in sun.misc.Unsafe has been called
WARNING: sun.misc.Unsafe::objectFieldOffset has been called by org.openjdk.jmh.util.Utils (file:/home/nikita.lebedev/hiero-consensus-node/platform-sdk/swirlds-merkledb/build/libs/swirlds-merkledb-0.79.0-SNAPSHOT-jmh.jar)
WARNING: Please consider reporting this to the maintainers of class org.openjdk.jmh.util.Utils
WARNING: sun.misc.Unsafe::objectFieldOffset will be removed in a future release
# Warmup Iteration   1: 13751.012 ms/op
Iteration   1: 13750.920 ms/op
                 postReturnForceNanos: ≈ 0 #

Iteration   2: 13893.283 ms/op
                 postReturnForceNanos: ≈ 0 #

Iteration   3: 13623.085 ms/op
                 postReturnForceNanos: ≈ 0 #

Iteration   4: 13916.092 ms/op
                 postReturnForceNanos: ≈ 0 #

Iteration   5: 13806.025 ms/op
                 jfr:                  (text only)
                 postReturnForceNanos: ≈ 0 #

# Processing profiler results: JavaFlightRecorderProfiler 


Result "com.swirlds.benchmark.LongListSnapshotBenchmark.writeToFile":
  N = 5
  mean =  13797.881 ±(99.9%) 455.210 ms/op

  Histogram, ms/op:
    [13600.000, 13625.000) = 1 
    [13625.000, 13650.000) = 0 
    [13650.000, 13675.000) = 0 
    [13675.000, 13700.000) = 0 
    [13700.000, 13725.000) = 0 
    [13725.000, 13750.000) = 0 
    [13750.000, 13775.000) = 1 
    [13775.000, 13800.000) = 0 
    [13800.000, 13825.000) = 1 
    [13825.000, 13850.000) = 0 
    [13850.000, 13875.000) = 0 
    [13875.000, 13900.000) = 1 
    [13900.000, 13925.000) = 1 
    [13925.000, 13950.000) = 0 
    [13950.000, 13975.000) = 0 

  Percentiles, ms/op:
      p(0.0000) =  13623.085 ms/op
     p(50.0000) =  13806.025 ms/op
     p(90.0000) =  13916.092 ms/op
     p(95.0000) =  13916.092 ms/op
     p(99.0000) =  13916.092 ms/op
     p(99.9000) =  13916.092 ms/op
     p(99.9900) =  13916.092 ms/op
     p(99.9990) =  13916.092 ms/op
     p(99.9999) =  13916.092 ms/op
    p(100.0000) =  13916.092 ms/op

Secondary result "com.swirlds.benchmark.LongListSnapshotBenchmark.writeToFile:jfr":
JFR profiler results:
  /home/nikita.lebedev/hiero-consensus-node/platform-sdk/swirlds-merkledb/build/results/jmh/long-list-force-comparison/20260827T075601Z-418584/jfr/long-list-block-C/com.swirlds.benchmark.LongListSnapshotBenchmark.writeToFile-SingleShotTime-diskCacheState-UNCHANGED-forceToDisk-true-leafCount-1000000000-listImpl-LongListOffHeap-longListChunkSize-1048576-threadsPerLongList-1-verify-false-workDir-long-list/profile.jfr

Secondary result "com.swirlds.benchmark.LongListSnapshotBenchmark.writeToFile:postReturnForceNanos":
  ≈ 0 #


# JMH version: 1.37
# VM version: JDK 25.0.2, OpenJDK 64-Bit Server VM, 25.0.2+10-LTS
# VM invoker: /home/nikita.lebedev/.local/jdks/jdk-25.0.2+10/bin/java
# VM options: -Xms512m -Xmx16g -XX:MaxDirectMemorySize=16g
# Blackhole mode: compiler (auto-detected, use -Djmh.blackhole.autoDetect=false to disable)
# Warmup: 1 iterations, single-shot each
# Measurement: 5 iterations, single-shot each
# Timeout: 60 min per iteration
# Threads: 1 thread
# Benchmark mode: Single shot invocation time
# Benchmark: com.swirlds.benchmark.LongListSnapshotBenchmark.writeToFile
# Parameters: (diskCacheState = UNCHANGED, forceToDisk = true, leafCount = 1000000000, listImpl = LongListDiskSegment, longListChunkSize = 1048576, threadsPerLongList = 8, verify = false, workDir = long-list)

# Run progress: 10.00% complete, ETA 00:27:48
# Fork: 1 of 1
# Preparing profilers: JavaFlightRecorderProfiler 
WARNING: A terminally deprecated method in sun.misc.Unsafe has been called
WARNING: sun.misc.Unsafe::objectFieldOffset has been called by org.openjdk.jmh.util.Utils (file:/home/nikita.lebedev/hiero-consensus-node/platform-sdk/swirlds-merkledb/build/libs/swirlds-merkledb-0.79.0-SNAPSHOT-jmh.jar)
WARNING: Please consider reporting this to the maintainers of class org.openjdk.jmh.util.Utils
WARNING: sun.misc.Unsafe::objectFieldOffset will be removed in a future release
# Warmup Iteration   1: 15353.120 ms/op
Iteration   1: 13338.171 ms/op
                 postReturnForceNanos: ≈ 0 #

Iteration   2: 13403.174 ms/op
                 postReturnForceNanos: ≈ 0 #

Iteration   3: 13217.871 ms/op
                 postReturnForceNanos: ≈ 0 #

Iteration   4: 13395.888 ms/op
                 postReturnForceNanos: ≈ 0 #

Iteration   5: 13374.613 ms/op
                 jfr:                  (text only)
                 postReturnForceNanos: ≈ 0 #

# Processing profiler results: JavaFlightRecorderProfiler 


Result "com.swirlds.benchmark.LongListSnapshotBenchmark.writeToFile":
  N = 5
  mean =  13345.943 ±(99.9%) 292.337 ms/op

  Histogram, ms/op:
    [13200.000, 13225.000) = 1 
    [13225.000, 13250.000) = 0 
    [13250.000, 13275.000) = 0 
    [13275.000, 13300.000) = 0 
    [13300.000, 13325.000) = 0 
    [13325.000, 13350.000) = 1 
    [13350.000, 13375.000) = 1 
    [13375.000, 13400.000) = 1 
    [13400.000, 13425.000) = 1 
    [13425.000, 13450.000) = 0 
    [13450.000, 13475.000) = 0 

  Percentiles, ms/op:
      p(0.0000) =  13217.871 ms/op
     p(50.0000) =  13374.613 ms/op
     p(90.0000) =  13403.174 ms/op
     p(95.0000) =  13403.174 ms/op
     p(99.0000) =  13403.174 ms/op
     p(99.9000) =  13403.174 ms/op
     p(99.9900) =  13403.174 ms/op
     p(99.9990) =  13403.174 ms/op
     p(99.9999) =  13403.174 ms/op
    p(100.0000) =  13403.174 ms/op

Secondary result "com.swirlds.benchmark.LongListSnapshotBenchmark.writeToFile:jfr":
JFR profiler results:
  /home/nikita.lebedev/hiero-consensus-node/platform-sdk/swirlds-merkledb/build/results/jmh/long-list-force-comparison/20260827T075601Z-418584/jfr/long-list-block-C/com.swirlds.benchmark.LongListSnapshotBenchmark.writeToFile-SingleShotTime-diskCacheState-UNCHANGED-forceToDisk-true-leafCount-1000000000-listImpl-LongListDiskSegment-longListChunkSize-1048576-threadsPerLongList-8-verify-false-workDir-long-list/profile.jfr

Secondary result "com.swirlds.benchmark.LongListSnapshotBenchmark.writeToFile:postReturnForceNanos":
  ≈ 0 #


# JMH version: 1.37
# VM version: JDK 25.0.2, OpenJDK 64-Bit Server VM, 25.0.2+10-LTS
# VM invoker: /home/nikita.lebedev/.local/jdks/jdk-25.0.2+10/bin/java
# VM options: -Xms512m -Xmx16g -XX:MaxDirectMemorySize=16g
# Blackhole mode: compiler (auto-detected, use -Djmh.blackhole.autoDetect=false to disable)
# Warmup: 1 iterations, single-shot each
# Measurement: 5 iterations, single-shot each
# Timeout: 60 min per iteration
# Threads: 1 thread
# Benchmark mode: Single shot invocation time
# Benchmark: com.swirlds.benchmark.LongListSnapshotBenchmark.writeToFile
# Parameters: (diskCacheState = UNCHANGED, forceToDisk = true, leafCount = 1000000000, listImpl = LongListDiskSegment, longListChunkSize = 1048576, threadsPerLongList = 1, verify = false, workDir = long-list)

# Run progress: 15.00% complete, ETA 00:26:59
# Fork: 1 of 1
# Preparing profilers: JavaFlightRecorderProfiler 
WARNING: A terminally deprecated method in sun.misc.Unsafe has been called
WARNING: sun.misc.Unsafe::objectFieldOffset has been called by org.openjdk.jmh.util.Utils (file:/home/nikita.lebedev/hiero-consensus-node/platform-sdk/swirlds-merkledb/build/libs/swirlds-merkledb-0.79.0-SNAPSHOT-jmh.jar)
WARNING: Please consider reporting this to the maintainers of class org.openjdk.jmh.util.Utils
WARNING: sun.misc.Unsafe::objectFieldOffset will be removed in a future release
# Warmup Iteration   1: 14437.477 ms/op
Iteration   1: 14061.302 ms/op
                 postReturnForceNanos: ≈ 0 #

Iteration   2: 13871.880 ms/op
                 postReturnForceNanos: ≈ 0 #

Iteration   3: 13979.941 ms/op
                 postReturnForceNanos: ≈ 0 #

Iteration   4: 13836.935 ms/op
                 postReturnForceNanos: ≈ 0 #

Iteration   5: 14187.184 ms/op
                 jfr:                  (text only)
                 postReturnForceNanos: ≈ 0 #

# Processing profiler results: JavaFlightRecorderProfiler 


Result "com.swirlds.benchmark.LongListSnapshotBenchmark.writeToFile":
  N = 5
  mean =  13987.449 ±(99.9%) 549.359 ms/op

  Histogram, ms/op:
    [13800.000, 13825.000) = 0 
    [13825.000, 13850.000) = 1 
    [13850.000, 13875.000) = 1 
    [13875.000, 13900.000) = 0 
    [13900.000, 13925.000) = 0 
    [13925.000, 13950.000) = 0 
    [13950.000, 13975.000) = 0 
    [13975.000, 14000.000) = 1 
    [14000.000, 14025.000) = 0 
    [14025.000, 14050.000) = 0 
    [14050.000, 14075.000) = 1 
    [14075.000, 14100.000) = 0 
    [14100.000, 14125.000) = 0 
    [14125.000, 14150.000) = 0 
    [14150.000, 14175.000) = 0 

  Percentiles, ms/op:
      p(0.0000) =  13836.935 ms/op
     p(50.0000) =  13979.941 ms/op
     p(90.0000) =  14187.184 ms/op
     p(95.0000) =  14187.184 ms/op
     p(99.0000) =  14187.184 ms/op
     p(99.9000) =  14187.184 ms/op
     p(99.9900) =  14187.184 ms/op
     p(99.9990) =  14187.184 ms/op
     p(99.9999) =  14187.184 ms/op
    p(100.0000) =  14187.184 ms/op

Secondary result "com.swirlds.benchmark.LongListSnapshotBenchmark.writeToFile:jfr":
JFR profiler results:
  /home/nikita.lebedev/hiero-consensus-node/platform-sdk/swirlds-merkledb/build/results/jmh/long-list-force-comparison/20260827T075601Z-418584/jfr/long-list-block-C/com.swirlds.benchmark.LongListSnapshotBenchmark.writeToFile-SingleShotTime-diskCacheState-UNCHANGED-forceToDisk-true-leafCount-1000000000-listImpl-LongListDiskSegment-longListChunkSize-1048576-threadsPerLongList-1-verify-false-workDir-long-list/profile.jfr

Secondary result "com.swirlds.benchmark.LongListSnapshotBenchmark.writeToFile:postReturnForceNanos":
  ≈ 0 #


# JMH version: 1.37
# VM version: JDK 25.0.2, OpenJDK 64-Bit Server VM, 25.0.2+10-LTS
# VM invoker: /home/nikita.lebedev/.local/jdks/jdk-25.0.2+10/bin/java
# VM options: -Xms512m -Xmx16g -XX:MaxDirectMemorySize=16g
# Blackhole mode: compiler (auto-detected, use -Djmh.blackhole.autoDetect=false to disable)
# Warmup: 1 iterations, single-shot each
# Measurement: 5 iterations, single-shot each
# Timeout: 60 min per iteration
# Threads: 1 thread
# Benchmark mode: Single shot invocation time
# Benchmark: com.swirlds.benchmark.LongListSnapshotBenchmark.writeToFile
# Parameters: (diskCacheState = UNCHANGED, forceToDisk = true, leafCount = 1000000000, listImpl = LongListHeap, longListChunkSize = 1048576, threadsPerLongList = 8, verify = false, workDir = long-list)

# Run progress: 20.00% complete, ETA 00:25:58
# Fork: 1 of 1
# Preparing profilers: JavaFlightRecorderProfiler 
WARNING: A terminally deprecated method in sun.misc.Unsafe has been called
WARNING: sun.misc.Unsafe::objectFieldOffset has been called by org.openjdk.jmh.util.Utils (file:/home/nikita.lebedev/hiero-consensus-node/platform-sdk/swirlds-merkledb/build/libs/swirlds-merkledb-0.79.0-SNAPSHOT-jmh.jar)
WARNING: Please consider reporting this to the maintainers of class org.openjdk.jmh.util.Utils
WARNING: sun.misc.Unsafe::objectFieldOffset will be removed in a future release
# Warmup Iteration   1: 12685.186 ms/op
Iteration   1: 12753.480 ms/op
                 postReturnForceNanos: ≈ 0 #

Iteration   2: 12564.804 ms/op
                 postReturnForceNanos: ≈ 0 #

Iteration   3: 12561.593 ms/op
                 postReturnForceNanos: ≈ 0 #

Iteration   4: 12524.731 ms/op
                 postReturnForceNanos: ≈ 0 #

Iteration   5: 12787.694 ms/op
                 jfr:                  (text only)
                 postReturnForceNanos: ≈ 0 #

# Processing profiler results: JavaFlightRecorderProfiler 


Result "com.swirlds.benchmark.LongListSnapshotBenchmark.writeToFile":
  N = 5
  mean =  12638.460 ±(99.9%) 470.695 ms/op

  Histogram, ms/op:
    [12500.000, 12525.000) = 1 
    [12525.000, 12550.000) = 0 
    [12550.000, 12575.000) = 2 
    [12575.000, 12600.000) = 0 
    [12600.000, 12625.000) = 0 
    [12625.000, 12650.000) = 0 
    [12650.000, 12675.000) = 0 
    [12675.000, 12700.000) = 0 
    [12700.000, 12725.000) = 0 
    [12725.000, 12750.000) = 0 
    [12750.000, 12775.000) = 1 

  Percentiles, ms/op:
      p(0.0000) =  12524.731 ms/op
     p(50.0000) =  12564.804 ms/op
     p(90.0000) =  12787.694 ms/op
     p(95.0000) =  12787.694 ms/op
     p(99.0000) =  12787.694 ms/op
     p(99.9000) =  12787.694 ms/op
     p(99.9900) =  12787.694 ms/op
     p(99.9990) =  12787.694 ms/op
     p(99.9999) =  12787.694 ms/op
    p(100.0000) =  12787.694 ms/op

Secondary result "com.swirlds.benchmark.LongListSnapshotBenchmark.writeToFile:jfr":
JFR profiler results:
  /home/nikita.lebedev/hiero-consensus-node/platform-sdk/swirlds-merkledb/build/results/jmh/long-list-force-comparison/20260827T075601Z-418584/jfr/long-list-block-C/com.swirlds.benchmark.LongListSnapshotBenchmark.writeToFile-SingleShotTime-diskCacheState-UNCHANGED-forceToDisk-true-leafCount-1000000000-listImpl-LongListHeap-longListChunkSize-1048576-threadsPerLongList-8-verify-false-workDir-long-list/profile.jfr

Secondary result "com.swirlds.benchmark.LongListSnapshotBenchmark.writeToFile:postReturnForceNanos":
  ≈ 0 #


# JMH version: 1.37
# VM version: JDK 25.0.2, OpenJDK 64-Bit Server VM, 25.0.2+10-LTS
# VM invoker: /home/nikita.lebedev/.local/jdks/jdk-25.0.2+10/bin/java
# VM options: -Xms512m -Xmx16g -XX:MaxDirectMemorySize=16g
# Blackhole mode: compiler (auto-detected, use -Djmh.blackhole.autoDetect=false to disable)
# Warmup: 1 iterations, single-shot each
# Measurement: 5 iterations, single-shot each
# Timeout: 60 min per iteration
# Threads: 1 thread
# Benchmark mode: Single shot invocation time
# Benchmark: com.swirlds.benchmark.LongListSnapshotBenchmark.writeToFile
# Parameters: (diskCacheState = UNCHANGED, forceToDisk = true, leafCount = 1000000000, listImpl = LongListHeap, longListChunkSize = 1048576, threadsPerLongList = 1, verify = false, workDir = long-list)

# Run progress: 25.00% complete, ETA 00:24:00
# Fork: 1 of 1
# Preparing profilers: JavaFlightRecorderProfiler 
WARNING: A terminally deprecated method in sun.misc.Unsafe has been called
WARNING: sun.misc.Unsafe::objectFieldOffset has been called by org.openjdk.jmh.util.Utils (file:/home/nikita.lebedev/hiero-consensus-node/platform-sdk/swirlds-merkledb/build/libs/swirlds-merkledb-0.79.0-SNAPSHOT-jmh.jar)
WARNING: Please consider reporting this to the maintainers of class org.openjdk.jmh.util.Utils
WARNING: sun.misc.Unsafe::objectFieldOffset will be removed in a future release
# Warmup Iteration   1: 14221.378 ms/op
Iteration   1: 14452.895 ms/op
                 postReturnForceNanos: ≈ 0 #

Iteration   2: 14492.255 ms/op
                 postReturnForceNanos: ≈ 0 #

Iteration   3: 14484.323 ms/op
                 postReturnForceNanos: ≈ 0 #

Iteration   4: 14387.652 ms/op
                 postReturnForceNanos: ≈ 0 #

Iteration   5: 14606.540 ms/op
                 jfr:                  (text only)
                 postReturnForceNanos: ≈ 0 #

# Processing profiler results: JavaFlightRecorderProfiler 


Result "com.swirlds.benchmark.LongListSnapshotBenchmark.writeToFile":
  N = 5
  mean =  14484.733 ±(99.9%) 306.435 ms/op

  Histogram, ms/op:
    [14300.000, 14325.000) = 0 
    [14325.000, 14350.000) = 0 
    [14350.000, 14375.000) = 0 
    [14375.000, 14400.000) = 1 
    [14400.000, 14425.000) = 0 
    [14425.000, 14450.000) = 0 
    [14450.000, 14475.000) = 1 
    [14475.000, 14500.000) = 2 
    [14500.000, 14525.000) = 0 
    [14525.000, 14550.000) = 0 
    [14550.000, 14575.000) = 0 
    [14575.000, 14600.000) = 0 
    [14600.000, 14625.000) = 1 
    [14625.000, 14650.000) = 0 
    [14650.000, 14675.000) = 0 

  Percentiles, ms/op:
      p(0.0000) =  14387.652 ms/op
     p(50.0000) =  14484.323 ms/op
     p(90.0000) =  14606.540 ms/op
     p(95.0000) =  14606.540 ms/op
     p(99.0000) =  14606.540 ms/op
     p(99.9000) =  14606.540 ms/op
     p(99.9900) =  14606.540 ms/op
     p(99.9990) =  14606.540 ms/op
     p(99.9999) =  14606.540 ms/op
    p(100.0000) =  14606.540 ms/op

Secondary result "com.swirlds.benchmark.LongListSnapshotBenchmark.writeToFile:jfr":
JFR profiler results:
  /home/nikita.lebedev/hiero-consensus-node/platform-sdk/swirlds-merkledb/build/results/jmh/long-list-force-comparison/20260827T075601Z-418584/jfr/long-list-block-C/com.swirlds.benchmark.LongListSnapshotBenchmark.writeToFile-SingleShotTime-diskCacheState-UNCHANGED-forceToDisk-true-leafCount-1000000000-listImpl-LongListHeap-longListChunkSize-1048576-threadsPerLongList-1-verify-false-workDir-long-list/profile.jfr

Secondary result "com.swirlds.benchmark.LongListSnapshotBenchmark.writeToFile:postReturnForceNanos":
  ≈ 0 #


# JMH version: 1.37
# VM version: JDK 25.0.2, OpenJDK 64-Bit Server VM, 25.0.2+10-LTS
# VM invoker: /home/nikita.lebedev/.local/jdks/jdk-25.0.2+10/bin/java
# VM options: -Xms512m -Xmx16g -XX:MaxDirectMemorySize=16g
# Blackhole mode: compiler (auto-detected, use -Djmh.blackhole.autoDetect=false to disable)
# Warmup: 1 iterations, single-shot each
# Measurement: 5 iterations, single-shot each
# Timeout: 60 min per iteration
# Threads: 1 thread
# Benchmark mode: Single shot invocation time
# Benchmark: com.swirlds.benchmark.LongListSnapshotBenchmark.writeToFile
# Parameters: (diskCacheState = UNCHANGED, forceToDisk = true, leafCount = 1000000000, listImpl = LongListSegment, longListChunkSize = 1048576, threadsPerLongList = 8, verify = false, workDir = long-list)

# Run progress: 30.00% complete, ETA 00:22:36
# Fork: 1 of 1
# Preparing profilers: JavaFlightRecorderProfiler 
WARNING: A terminally deprecated method in sun.misc.Unsafe has been called
WARNING: sun.misc.Unsafe::objectFieldOffset has been called by org.openjdk.jmh.util.Utils (file:/home/nikita.lebedev/hiero-consensus-node/platform-sdk/swirlds-merkledb/build/libs/swirlds-merkledb-0.79.0-SNAPSHOT-jmh.jar)
WARNING: Please consider reporting this to the maintainers of class org.openjdk.jmh.util.Utils
WARNING: sun.misc.Unsafe::objectFieldOffset will be removed in a future release
# Warmup Iteration   1: 13569.203 ms/op
Iteration   1: 13372.164 ms/op
                 postReturnForceNanos: ≈ 0 #

Iteration   2: 13575.391 ms/op
                 postReturnForceNanos: ≈ 0 #

Iteration   3: 13182.070 ms/op
                 postReturnForceNanos: ≈ 0 #

Iteration   4: 13617.383 ms/op
                 postReturnForceNanos: ≈ 0 #

Iteration   5: 13559.591 ms/op
                 jfr:                  (text only)
                 postReturnForceNanos: ≈ 0 #

# Processing profiler results: JavaFlightRecorderProfiler 


Result "com.swirlds.benchmark.LongListSnapshotBenchmark.writeToFile":
  N = 5
  mean =  13461.320 ±(99.9%) 702.028 ms/op

  Histogram, ms/op:
    [13100.000, 13150.000) = 0 
    [13150.000, 13200.000) = 1 
    [13200.000, 13250.000) = 0 
    [13250.000, 13300.000) = 0 
    [13300.000, 13350.000) = 0 
    [13350.000, 13400.000) = 1 
    [13400.000, 13450.000) = 0 
    [13450.000, 13500.000) = 0 
    [13500.000, 13550.000) = 0 
    [13550.000, 13600.000) = 2 
    [13600.000, 13650.000) = 1 

  Percentiles, ms/op:
      p(0.0000) =  13182.070 ms/op
     p(50.0000) =  13559.591 ms/op
     p(90.0000) =  13617.383 ms/op
     p(95.0000) =  13617.383 ms/op
     p(99.0000) =  13617.383 ms/op
     p(99.9000) =  13617.383 ms/op
     p(99.9900) =  13617.383 ms/op
     p(99.9990) =  13617.383 ms/op
     p(99.9999) =  13617.383 ms/op
    p(100.0000) =  13617.383 ms/op

Secondary result "com.swirlds.benchmark.LongListSnapshotBenchmark.writeToFile:jfr":
JFR profiler results:
  /home/nikita.lebedev/hiero-consensus-node/platform-sdk/swirlds-merkledb/build/results/jmh/long-list-force-comparison/20260827T075601Z-418584/jfr/long-list-block-C/com.swirlds.benchmark.LongListSnapshotBenchmark.writeToFile-SingleShotTime-diskCacheState-UNCHANGED-forceToDisk-true-leafCount-1000000000-listImpl-LongListSegment-longListChunkSize-1048576-threadsPerLongList-8-verify-false-workDir-long-list/profile.jfr

Secondary result "com.swirlds.benchmark.LongListSnapshotBenchmark.writeToFile:postReturnForceNanos":
  ≈ 0 #


# JMH version: 1.37
# VM version: JDK 25.0.2, OpenJDK 64-Bit Server VM, 25.0.2+10-LTS
# VM invoker: /home/nikita.lebedev/.local/jdks/jdk-25.0.2+10/bin/java
# VM options: -Xms512m -Xmx16g -XX:MaxDirectMemorySize=16g
# Blackhole mode: compiler (auto-detected, use -Djmh.blackhole.autoDetect=false to disable)
# Warmup: 1 iterations, single-shot each
# Measurement: 5 iterations, single-shot each
# Timeout: 60 min per iteration
# Threads: 1 thread
# Benchmark mode: Single shot invocation time
# Benchmark: com.swirlds.benchmark.LongListSnapshotBenchmark.writeToFile
# Parameters: (diskCacheState = UNCHANGED, forceToDisk = true, leafCount = 1000000000, listImpl = LongListSegment, longListChunkSize = 1048576, threadsPerLongList = 1, verify = false, workDir = long-list)

# Run progress: 35.00% complete, ETA 00:20:50
# Fork: 1 of 1
# Preparing profilers: JavaFlightRecorderProfiler 
WARNING: A terminally deprecated method in sun.misc.Unsafe has been called
WARNING: sun.misc.Unsafe::objectFieldOffset has been called by org.openjdk.jmh.util.Utils (file:/home/nikita.lebedev/hiero-consensus-node/platform-sdk/swirlds-merkledb/build/libs/swirlds-merkledb-0.79.0-SNAPSHOT-jmh.jar)
WARNING: Please consider reporting this to the maintainers of class org.openjdk.jmh.util.Utils
WARNING: sun.misc.Unsafe::objectFieldOffset will be removed in a future release
# Warmup Iteration   1: 13650.652 ms/op
Iteration   1: 13960.693 ms/op
                 postReturnForceNanos: ≈ 0 #

Iteration   2: 14055.263 ms/op
                 postReturnForceNanos: ≈ 0 #

Iteration   3: 13895.189 ms/op
                 postReturnForceNanos: ≈ 0 #

Iteration   4: 14098.728 ms/op
                 postReturnForceNanos: ≈ 0 #

Iteration   5: 13694.755 ms/op
                 jfr:                  (text only)
                 postReturnForceNanos: ≈ 0 #

# Processing profiler results: JavaFlightRecorderProfiler 


Result "com.swirlds.benchmark.LongListSnapshotBenchmark.writeToFile":
  N = 5
  mean =  13940.926 ±(99.9%) 612.050 ms/op

  Histogram, ms/op:
    [13600.000, 13650.000) = 0 
    [13650.000, 13700.000) = 1 
    [13700.000, 13750.000) = 0 
    [13750.000, 13800.000) = 0 
    [13800.000, 13850.000) = 0 
    [13850.000, 13900.000) = 1 
    [13900.000, 13950.000) = 0 
    [13950.000, 14000.000) = 1 
    [14000.000, 14050.000) = 0 

  Percentiles, ms/op:
      p(0.0000) =  13694.755 ms/op
     p(50.0000) =  13960.693 ms/op
     p(90.0000) =  14098.728 ms/op
     p(95.0000) =  14098.728 ms/op
     p(99.0000) =  14098.728 ms/op
     p(99.9000) =  14098.728 ms/op
     p(99.9900) =  14098.728 ms/op
     p(99.9990) =  14098.728 ms/op
     p(99.9999) =  14098.728 ms/op
    p(100.0000) =  14098.728 ms/op

Secondary result "com.swirlds.benchmark.LongListSnapshotBenchmark.writeToFile:jfr":
JFR profiler results:
  /home/nikita.lebedev/hiero-consensus-node/platform-sdk/swirlds-merkledb/build/results/jmh/long-list-force-comparison/20260827T075601Z-418584/jfr/long-list-block-C/com.swirlds.benchmark.LongListSnapshotBenchmark.writeToFile-SingleShotTime-diskCacheState-UNCHANGED-forceToDisk-true-leafCount-1000000000-listImpl-LongListSegment-longListChunkSize-1048576-threadsPerLongList-1-verify-false-workDir-long-list/profile.jfr

Secondary result "com.swirlds.benchmark.LongListSnapshotBenchmark.writeToFile:postReturnForceNanos":
  ≈ 0 #


# JMH version: 1.37
# VM version: JDK 25.0.2, OpenJDK 64-Bit Server VM, 25.0.2+10-LTS
# VM invoker: /home/nikita.lebedev/.local/jdks/jdk-25.0.2+10/bin/java
# VM options: -Xms512m -Xmx16g -XX:MaxDirectMemorySize=16g
# Blackhole mode: compiler (auto-detected, use -Djmh.blackhole.autoDetect=false to disable)
# Warmup: 1 iterations, single-shot each
# Measurement: 5 iterations, single-shot each
# Timeout: 60 min per iteration
# Threads: 1 thread
# Benchmark mode: Single shot invocation time
# Benchmark: com.swirlds.benchmark.LongListSnapshotBenchmark.writeToFile
# Parameters: (diskCacheState = UNCHANGED, forceToDisk = true, leafCount = 1000000000, listImpl = LongListDisk, longListChunkSize = 1048576, threadsPerLongList = 8, verify = false, workDir = long-list)

# Run progress: 40.00% complete, ETA 00:19:12
# Fork: 1 of 1
# Preparing profilers: JavaFlightRecorderProfiler 
WARNING: A terminally deprecated method in sun.misc.Unsafe has been called
WARNING: sun.misc.Unsafe::objectFieldOffset has been called by org.openjdk.jmh.util.Utils (file:/home/nikita.lebedev/hiero-consensus-node/platform-sdk/swirlds-merkledb/build/libs/swirlds-merkledb-0.79.0-SNAPSHOT-jmh.jar)
WARNING: Please consider reporting this to the maintainers of class org.openjdk.jmh.util.Utils
WARNING: sun.misc.Unsafe::objectFieldOffset will be removed in a future release
# Warmup Iteration   1: 16925.356 ms/op
Iteration   1: 13273.579 ms/op
                 postReturnForceNanos: ≈ 0 #

Iteration   2: 13452.615 ms/op
                 postReturnForceNanos: ≈ 0 #

Iteration   3: 13397.307 ms/op
                 postReturnForceNanos: ≈ 0 #

Iteration   4: 13313.815 ms/op
                 postReturnForceNanos: ≈ 0 #

Iteration   5: 13310.939 ms/op
                 jfr:                  (text only)
                 postReturnForceNanos: ≈ 0 #

# Processing profiler results: JavaFlightRecorderProfiler 


Result "com.swirlds.benchmark.LongListSnapshotBenchmark.writeToFile":
  N = 5
  mean =  13349.651 ±(99.9%) 281.929 ms/op

  Histogram, ms/op:
    [13200.000, 13225.000) = 0 
    [13225.000, 13250.000) = 0 
    [13250.000, 13275.000) = 1 
    [13275.000, 13300.000) = 0 
    [13300.000, 13325.000) = 2 
    [13325.000, 13350.000) = 0 
    [13350.000, 13375.000) = 0 
    [13375.000, 13400.000) = 1 
    [13400.000, 13425.000) = 0 
    [13425.000, 13450.000) = 0 
    [13450.000, 13475.000) = 1 

  Percentiles, ms/op:
      p(0.0000) =  13273.579 ms/op
     p(50.0000) =  13313.815 ms/op
     p(90.0000) =  13452.615 ms/op
     p(95.0000) =  13452.615 ms/op
     p(99.0000) =  13452.615 ms/op
     p(99.9000) =  13452.615 ms/op
     p(99.9900) =  13452.615 ms/op
     p(99.9990) =  13452.615 ms/op
     p(99.9999) =  13452.615 ms/op
    p(100.0000) =  13452.615 ms/op

Secondary result "com.swirlds.benchmark.LongListSnapshotBenchmark.writeToFile:jfr":
JFR profiler results:
  /home/nikita.lebedev/hiero-consensus-node/platform-sdk/swirlds-merkledb/build/results/jmh/long-list-force-comparison/20260827T075601Z-418584/jfr/long-list-block-C/com.swirlds.benchmark.LongListSnapshotBenchmark.writeToFile-SingleShotTime-diskCacheState-UNCHANGED-forceToDisk-true-leafCount-1000000000-listImpl-LongListDisk-longListChunkSize-1048576-threadsPerLongList-8-verify-false-workDir-long-list/profile.jfr

Secondary result "com.swirlds.benchmark.LongListSnapshotBenchmark.writeToFile:postReturnForceNanos":
  ≈ 0 #


# JMH version: 1.37
# VM version: JDK 25.0.2, OpenJDK 64-Bit Server VM, 25.0.2+10-LTS
# VM invoker: /home/nikita.lebedev/.local/jdks/jdk-25.0.2+10/bin/java
# VM options: -Xms512m -Xmx16g -XX:MaxDirectMemorySize=16g
# Blackhole mode: compiler (auto-detected, use -Djmh.blackhole.autoDetect=false to disable)
# Warmup: 1 iterations, single-shot each
# Measurement: 5 iterations, single-shot each
# Timeout: 60 min per iteration
# Threads: 1 thread
# Benchmark mode: Single shot invocation time
# Benchmark: com.swirlds.benchmark.LongListSnapshotBenchmark.writeToFile
# Parameters: (diskCacheState = UNCHANGED, forceToDisk = true, leafCount = 1000000000, listImpl = LongListDisk, longListChunkSize = 1048576, threadsPerLongList = 1, verify = false, workDir = long-list)

# Run progress: 45.00% complete, ETA 00:17:44
# Fork: 1 of 1
# Preparing profilers: JavaFlightRecorderProfiler 
WARNING: A terminally deprecated method in sun.misc.Unsafe has been called
WARNING: sun.misc.Unsafe::objectFieldOffset has been called by org.openjdk.jmh.util.Utils (file:/home/nikita.lebedev/hiero-consensus-node/platform-sdk/swirlds-merkledb/build/libs/swirlds-merkledb-0.79.0-SNAPSHOT-jmh.jar)
WARNING: Please consider reporting this to the maintainers of class org.openjdk.jmh.util.Utils
WARNING: sun.misc.Unsafe::objectFieldOffset will be removed in a future release
# Warmup Iteration   1: 17026.536 ms/op
Iteration   1: 14798.853 ms/op
                 postReturnForceNanos: ≈ 0 #

Iteration   2: 14838.540 ms/op
                 postReturnForceNanos: ≈ 0 #

Iteration   3: 14598.565 ms/op
                 postReturnForceNanos: ≈ 0 #

Iteration   4: 14597.964 ms/op
                 postReturnForceNanos: ≈ 0 #

Iteration   5: 14599.240 ms/op
                 jfr:                  (text only)
                 postReturnForceNanos: ≈ 0 #

# Processing profiler results: JavaFlightRecorderProfiler 


Result "com.swirlds.benchmark.LongListSnapshotBenchmark.writeToFile":
  N = 5
  mean =  14686.632 ±(99.9%) 467.362 ms/op

  Histogram, ms/op:
    [14500.000, 14525.000) = 0 
    [14525.000, 14550.000) = 0 
    [14550.000, 14575.000) = 0 
    [14575.000, 14600.000) = 3 
    [14600.000, 14625.000) = 0 
    [14625.000, 14650.000) = 0 
    [14650.000, 14675.000) = 0 
    [14675.000, 14700.000) = 0 
    [14700.000, 14725.000) = 0 
    [14725.000, 14750.000) = 0 
    [14750.000, 14775.000) = 0 
    [14775.000, 14800.000) = 1 
    [14800.000, 14825.000) = 0 
    [14825.000, 14850.000) = 1 
    [14850.000, 14875.000) = 0 

  Percentiles, ms/op:
      p(0.0000) =  14597.964 ms/op
     p(50.0000) =  14599.240 ms/op
     p(90.0000) =  14838.540 ms/op
     p(95.0000) =  14838.540 ms/op
     p(99.0000) =  14838.540 ms/op
     p(99.9000) =  14838.540 ms/op
     p(99.9900) =  14838.540 ms/op
     p(99.9990) =  14838.540 ms/op
     p(99.9999) =  14838.540 ms/op
    p(100.0000) =  14838.540 ms/op

Secondary result "com.swirlds.benchmark.LongListSnapshotBenchmark.writeToFile:jfr":
JFR profiler results:
  /home/nikita.lebedev/hiero-consensus-node/platform-sdk/swirlds-merkledb/build/results/jmh/long-list-force-comparison/20260827T075601Z-418584/jfr/long-list-block-C/com.swirlds.benchmark.LongListSnapshotBenchmark.writeToFile-SingleShotTime-diskCacheState-UNCHANGED-forceToDisk-true-leafCount-1000000000-listImpl-LongListDisk-longListChunkSize-1048576-threadsPerLongList-1-verify-false-workDir-long-list/profile.jfr

Secondary result "com.swirlds.benchmark.LongListSnapshotBenchmark.writeToFile:postReturnForceNanos":
  ≈ 0 #


# JMH version: 1.37
# VM version: JDK 25.0.2, OpenJDK 64-Bit Server VM, 25.0.2+10-LTS
# VM invoker: /home/nikita.lebedev/.local/jdks/jdk-25.0.2+10/bin/java
# VM options: -Xms512m -Xmx16g -XX:MaxDirectMemorySize=16g
# Blackhole mode: compiler (auto-detected, use -Djmh.blackhole.autoDetect=false to disable)
# Warmup: 1 iterations, single-shot each
# Measurement: 5 iterations, single-shot each
# Timeout: 60 min per iteration
# Threads: 1 thread
# Benchmark mode: Single shot invocation time
# Benchmark: com.swirlds.benchmark.LongListSnapshotBenchmark.writeToFile
# Parameters: (diskCacheState = UNCHANGED, forceToDisk = false, leafCount = 1000000000, listImpl = LongListOffHeap, longListChunkSize = 1048576, threadsPerLongList = 8, verify = false, workDir = long-list)

# Run progress: 50.00% complete, ETA 00:16:20
# Fork: 1 of 1
# Preparing profilers: JavaFlightRecorderProfiler 
WARNING: A terminally deprecated method in sun.misc.Unsafe has been called
WARNING: sun.misc.Unsafe::objectFieldOffset has been called by org.openjdk.jmh.util.Utils (file:/home/nikita.lebedev/hiero-consensus-node/platform-sdk/swirlds-merkledb/build/libs/swirlds-merkledb-0.79.0-SNAPSHOT-jmh.jar)
WARNING: Please consider reporting this to the maintainers of class org.openjdk.jmh.util.Utils
WARNING: sun.misc.Unsafe::objectFieldOffset will be removed in a future release
# Warmup Iteration   1: 7613.827 ms/op
Iteration   1: 7465.079 ms/op
                 postReturnForceNanos: 5882337471.000 #

Iteration   2: 7578.451 ms/op
                 postReturnForceNanos: 5693122495.000 #

Iteration   3: 7658.075 ms/op
                 postReturnForceNanos: 5588108599.000 #

Iteration   4: 7444.636 ms/op
                 postReturnForceNanos: 6035067371.000 #

Iteration   5: 7743.558 ms/op
                 jfr:                  (text only)
                 postReturnForceNanos: 5477987863.000 #

# Processing profiler results: JavaFlightRecorderProfiler 


Result "com.swirlds.benchmark.LongListSnapshotBenchmark.writeToFile":
  N = 5
  mean =   7577.960 ±(99.9%) 488.436 ms/op

  Histogram, ms/op:
    [7400.000, 7425.000) = 0 
    [7425.000, 7450.000) = 1 
    [7450.000, 7475.000) = 1 
    [7475.000, 7500.000) = 0 
    [7500.000, 7525.000) = 0 
    [7525.000, 7550.000) = 0 
    [7550.000, 7575.000) = 0 
    [7575.000, 7600.000) = 1 
    [7600.000, 7625.000) = 0 
    [7625.000, 7650.000) = 0 
    [7650.000, 7675.000) = 1 
    [7675.000, 7700.000) = 0 
    [7700.000, 7725.000) = 0 
    [7725.000, 7750.000) = 1 
    [7750.000, 7775.000) = 0 

  Percentiles, ms/op:
      p(0.0000) =   7444.636 ms/op
     p(50.0000) =   7578.451 ms/op
     p(90.0000) =   7743.558 ms/op
     p(95.0000) =   7743.558 ms/op
     p(99.0000) =   7743.558 ms/op
     p(99.9000) =   7743.558 ms/op
     p(99.9900) =   7743.558 ms/op
     p(99.9990) =   7743.558 ms/op
     p(99.9999) =   7743.558 ms/op
    p(100.0000) =   7743.558 ms/op

Secondary result "com.swirlds.benchmark.LongListSnapshotBenchmark.writeToFile:jfr":
JFR profiler results:
  /home/nikita.lebedev/hiero-consensus-node/platform-sdk/swirlds-merkledb/build/results/jmh/long-list-force-comparison/20260827T075601Z-418584/jfr/long-list-block-C/com.swirlds.benchmark.LongListSnapshotBenchmark.writeToFile-SingleShotTime-diskCacheState-UNCHANGED-forceToDisk-false-leafCount-1000000000-listImpl-LongListOffHeap-longListChunkSize-1048576-threadsPerLongList-8-verify-false-workDir-long-list/profile.jfr

Secondary result "com.swirlds.benchmark.LongListSnapshotBenchmark.writeToFile:postReturnForceNanos":
  28676623799.000 ±(99.9%) 0.001 # [Sum]
  (min, avg, max) = (5477987863.000, 5735324759.800, 6035067371.000), stdev = 224239981.846
  CI (99.9%): [28676623799.000, 28676623799.000] (assumes normal distribution)


# JMH version: 1.37
# VM version: JDK 25.0.2, OpenJDK 64-Bit Server VM, 25.0.2+10-LTS
# VM invoker: /home/nikita.lebedev/.local/jdks/jdk-25.0.2+10/bin/java
# VM options: -Xms512m -Xmx16g -XX:MaxDirectMemorySize=16g
# Blackhole mode: compiler (auto-detected, use -Djmh.blackhole.autoDetect=false to disable)
# Warmup: 1 iterations, single-shot each
# Measurement: 5 iterations, single-shot each
# Timeout: 60 min per iteration
# Threads: 1 thread
# Benchmark mode: Single shot invocation time
# Benchmark: com.swirlds.benchmark.LongListSnapshotBenchmark.writeToFile
# Parameters: (diskCacheState = UNCHANGED, forceToDisk = false, leafCount = 1000000000, listImpl = LongListOffHeap, longListChunkSize = 1048576, threadsPerLongList = 1, verify = false, workDir = long-list)

# Run progress: 55.00% complete, ETA 00:14:37
# Fork: 1 of 1
# Preparing profilers: JavaFlightRecorderProfiler 
WARNING: A terminally deprecated method in sun.misc.Unsafe has been called
WARNING: sun.misc.Unsafe::objectFieldOffset has been called by org.openjdk.jmh.util.Utils (file:/home/nikita.lebedev/hiero-consensus-node/platform-sdk/swirlds-merkledb/build/libs/swirlds-merkledb-0.79.0-SNAPSHOT-jmh.jar)
WARNING: Please consider reporting this to the maintainers of class org.openjdk.jmh.util.Utils
WARNING: sun.misc.Unsafe::objectFieldOffset will be removed in a future release
# Warmup Iteration   1: 9319.377 ms/op
Iteration   1: 9844.818 ms/op
                 postReturnForceNanos: 4145908313.000 #

Iteration   2: 10093.127 ms/op
                 postReturnForceNanos: 4053714136.000 #

Iteration   3: 9909.907 ms/op
                 postReturnForceNanos: 4116254631.000 #

Iteration   4: 9860.512 ms/op
                 postReturnForceNanos: 4017211100.000 #

Iteration   5: 9959.616 ms/op
                 jfr:                  (text only)
                 postReturnForceNanos: 3918914398.000 #

# Processing profiler results: JavaFlightRecorderProfiler 


Result "com.swirlds.benchmark.LongListSnapshotBenchmark.writeToFile":
  N = 5
  mean =   9933.596 ±(99.9%) 384.636 ms/op

  Histogram, ms/op:
    [ 9800.000,  9825.000) = 0 
    [ 9825.000,  9850.000) = 1 
    [ 9850.000,  9875.000) = 1 
    [ 9875.000,  9900.000) = 0 
    [ 9900.000,  9925.000) = 1 
    [ 9925.000,  9950.000) = 0 
    [ 9950.000,  9975.000) = 1 
    [ 9975.000, 10000.000) = 0 
    [10000.000, 10025.000) = 0 
    [10025.000, 10050.000) = 0 
    [10050.000, 10075.000) = 0 

  Percentiles, ms/op:
      p(0.0000) =   9844.818 ms/op
     p(50.0000) =   9909.907 ms/op
     p(90.0000) =  10093.127 ms/op
     p(95.0000) =  10093.127 ms/op
     p(99.0000) =  10093.127 ms/op
     p(99.9000) =  10093.127 ms/op
     p(99.9900) =  10093.127 ms/op
     p(99.9990) =  10093.127 ms/op
     p(99.9999) =  10093.127 ms/op
    p(100.0000) =  10093.127 ms/op

Secondary result "com.swirlds.benchmark.LongListSnapshotBenchmark.writeToFile:jfr":
JFR profiler results:
  /home/nikita.lebedev/hiero-consensus-node/platform-sdk/swirlds-merkledb/build/results/jmh/long-list-force-comparison/20260827T075601Z-418584/jfr/long-list-block-C/com.swirlds.benchmark.LongListSnapshotBenchmark.writeToFile-SingleShotTime-diskCacheState-UNCHANGED-forceToDisk-false-leafCount-1000000000-listImpl-LongListOffHeap-longListChunkSize-1048576-threadsPerLongList-1-verify-false-workDir-long-list/profile.jfr

Secondary result "com.swirlds.benchmark.LongListSnapshotBenchmark.writeToFile:postReturnForceNanos":
  20252002578.000 ±(99.9%) 0.001 # [Sum]
  (min, avg, max) = (3918914398.000, 4050400515.600, 4145908313.000), stdev = 89246316.995
  CI (99.9%): [20252002578.000, 20252002578.000] (assumes normal distribution)


# JMH version: 1.37
# VM version: JDK 25.0.2, OpenJDK 64-Bit Server VM, 25.0.2+10-LTS
# VM invoker: /home/nikita.lebedev/.local/jdks/jdk-25.0.2+10/bin/java
# VM options: -Xms512m -Xmx16g -XX:MaxDirectMemorySize=16g
# Blackhole mode: compiler (auto-detected, use -Djmh.blackhole.autoDetect=false to disable)
# Warmup: 1 iterations, single-shot each
# Measurement: 5 iterations, single-shot each
# Timeout: 60 min per iteration
# Threads: 1 thread
# Benchmark mode: Single shot invocation time
# Benchmark: com.swirlds.benchmark.LongListSnapshotBenchmark.writeToFile
# Parameters: (diskCacheState = UNCHANGED, forceToDisk = false, leafCount = 1000000000, listImpl = LongListDiskSegment, longListChunkSize = 1048576, threadsPerLongList = 8, verify = false, workDir = long-list)

# Run progress: 60.00% complete, ETA 00:12:58
# Fork: 1 of 1
# Preparing profilers: JavaFlightRecorderProfiler 
WARNING: A terminally deprecated method in sun.misc.Unsafe has been called
WARNING: sun.misc.Unsafe::objectFieldOffset has been called by org.openjdk.jmh.util.Utils (file:/home/nikita.lebedev/hiero-consensus-node/platform-sdk/swirlds-merkledb/build/libs/swirlds-merkledb-0.79.0-SNAPSHOT-jmh.jar)
WARNING: Please consider reporting this to the maintainers of class org.openjdk.jmh.util.Utils
WARNING: sun.misc.Unsafe::objectFieldOffset will be removed in a future release
# Warmup Iteration   1: 7894.026 ms/op
Iteration   1: 7350.932 ms/op
                 postReturnForceNanos: 6032337940.000 #

Iteration   2: 7155.015 ms/op
                 postReturnForceNanos: 6387059726.000 #

Iteration   3: 7639.636 ms/op
                 postReturnForceNanos: 5827177443.000 #

Iteration   4: 7419.392 ms/op
                 postReturnForceNanos: 5881901901.000 #

Iteration   5: 7588.170 ms/op
                 jfr:                  (text only)
                 postReturnForceNanos: 5732351810.000 #

# Processing profiler results: JavaFlightRecorderProfiler 


Result "com.swirlds.benchmark.LongListSnapshotBenchmark.writeToFile":
  N = 5
  mean =   7430.629 ±(99.9%) 748.017 ms/op

  Histogram, ms/op:
    [7100.000, 7150.000) = 0 
    [7150.000, 7200.000) = 1 
    [7200.000, 7250.000) = 0 
    [7250.000, 7300.000) = 0 
    [7300.000, 7350.000) = 0 
    [7350.000, 7400.000) = 1 
    [7400.000, 7450.000) = 1 
    [7450.000, 7500.000) = 0 
    [7500.000, 7550.000) = 0 
    [7550.000, 7600.000) = 1 
    [7600.000, 7650.000) = 1 

  Percentiles, ms/op:
      p(0.0000) =   7155.015 ms/op
     p(50.0000) =   7419.392 ms/op
     p(90.0000) =   7639.636 ms/op
     p(95.0000) =   7639.636 ms/op
     p(99.0000) =   7639.636 ms/op
     p(99.9000) =   7639.636 ms/op
     p(99.9900) =   7639.636 ms/op
     p(99.9990) =   7639.636 ms/op
     p(99.9999) =   7639.636 ms/op
    p(100.0000) =   7639.636 ms/op

Secondary result "com.swirlds.benchmark.LongListSnapshotBenchmark.writeToFile:jfr":
JFR profiler results:
  /home/nikita.lebedev/hiero-consensus-node/platform-sdk/swirlds-merkledb/build/results/jmh/long-list-force-comparison/20260827T075601Z-418584/jfr/long-list-block-C/com.swirlds.benchmark.LongListSnapshotBenchmark.writeToFile-SingleShotTime-diskCacheState-UNCHANGED-forceToDisk-false-leafCount-1000000000-listImpl-LongListDiskSegment-longListChunkSize-1048576-threadsPerLongList-8-verify-false-workDir-long-list/profile.jfr

Secondary result "com.swirlds.benchmark.LongListSnapshotBenchmark.writeToFile:postReturnForceNanos":
  29860828820.000 ±(99.9%) 0.001 # [Sum]
  (min, avg, max) = (5732351810.000, 5972165764.000, 6387059726.000), stdev = 256143319.839
  CI (99.9%): [29860828820.000, 29860828820.000] (assumes normal distribution)


# JMH version: 1.37
# VM version: JDK 25.0.2, OpenJDK 64-Bit Server VM, 25.0.2+10-LTS
# VM invoker: /home/nikita.lebedev/.local/jdks/jdk-25.0.2+10/bin/java
# VM options: -Xms512m -Xmx16g -XX:MaxDirectMemorySize=16g
# Blackhole mode: compiler (auto-detected, use -Djmh.blackhole.autoDetect=false to disable)
# Warmup: 1 iterations, single-shot each
# Measurement: 5 iterations, single-shot each
# Timeout: 60 min per iteration
# Threads: 1 thread
# Benchmark mode: Single shot invocation time
# Benchmark: com.swirlds.benchmark.LongListSnapshotBenchmark.writeToFile
# Parameters: (diskCacheState = UNCHANGED, forceToDisk = false, leafCount = 1000000000, listImpl = LongListDiskSegment, longListChunkSize = 1048576, threadsPerLongList = 1, verify = false, workDir = long-list)

# Run progress: 65.00% complete, ETA 00:11:22
# Fork: 1 of 1
# Preparing profilers: JavaFlightRecorderProfiler 
WARNING: A terminally deprecated method in sun.misc.Unsafe has been called
WARNING: sun.misc.Unsafe::objectFieldOffset has been called by org.openjdk.jmh.util.Utils (file:/home/nikita.lebedev/hiero-consensus-node/platform-sdk/swirlds-merkledb/build/libs/swirlds-merkledb-0.79.0-SNAPSHOT-jmh.jar)
WARNING: Please consider reporting this to the maintainers of class org.openjdk.jmh.util.Utils
WARNING: sun.misc.Unsafe::objectFieldOffset will be removed in a future release
# Warmup Iteration   1: 10541.925 ms/op
Iteration   1: 9905.155 ms/op
                 postReturnForceNanos: 4362092302.000 #

Iteration   2: 10311.037 ms/op
                 postReturnForceNanos: 3871290223.000 #

Iteration   3: 10043.173 ms/op
                 postReturnForceNanos: 4013585299.000 #

Iteration   4: 8793.604 ms/op
                 postReturnForceNanos: 5071184112.000 #

Iteration   5: 10077.231 ms/op
                 jfr:                  (text only)
                 postReturnForceNanos: 4200739391.000 #

# Processing profiler results: JavaFlightRecorderProfiler 


Result "com.swirlds.benchmark.LongListSnapshotBenchmark.writeToFile":
  N = 5
  mean =   9826.040 ±(99.9%) 2292.386 ms/op

  Histogram, ms/op:
    [ 8000.000,  8250.000) = 0 
    [ 8250.000,  8500.000) = 0 
    [ 8500.000,  8750.000) = 0 
    [ 8750.000,  9000.000) = 1 
    [ 9000.000,  9250.000) = 0 
    [ 9250.000,  9500.000) = 0 
    [ 9500.000,  9750.000) = 0 
    [ 9750.000, 10000.000) = 1 
    [10000.000, 10250.000) = 2 
    [10250.000, 10500.000) = 1 
    [10500.000, 10750.000) = 0 

  Percentiles, ms/op:
      p(0.0000) =   8793.604 ms/op
     p(50.0000) =  10043.173 ms/op
     p(90.0000) =  10311.037 ms/op
     p(95.0000) =  10311.037 ms/op
     p(99.0000) =  10311.037 ms/op
     p(99.9000) =  10311.037 ms/op
     p(99.9900) =  10311.037 ms/op
     p(99.9990) =  10311.037 ms/op
     p(99.9999) =  10311.037 ms/op
    p(100.0000) =  10311.037 ms/op

Secondary result "com.swirlds.benchmark.LongListSnapshotBenchmark.writeToFile:jfr":
JFR profiler results:
  /home/nikita.lebedev/hiero-consensus-node/platform-sdk/swirlds-merkledb/build/results/jmh/long-list-force-comparison/20260827T075601Z-418584/jfr/long-list-block-C/com.swirlds.benchmark.LongListSnapshotBenchmark.writeToFile-SingleShotTime-diskCacheState-UNCHANGED-forceToDisk-false-leafCount-1000000000-listImpl-LongListDiskSegment-longListChunkSize-1048576-threadsPerLongList-1-verify-false-workDir-long-list/profile.jfr

Secondary result "com.swirlds.benchmark.LongListSnapshotBenchmark.writeToFile:postReturnForceNanos":
  21518891327.000 ±(99.9%) 0.001 # [Sum]
  (min, avg, max) = (3871290223.000, 4303778265.400, 5071184112.000), stdev = 467489875.416
  CI (99.9%): [21518891327.000, 21518891327.000] (assumes normal distribution)


# JMH version: 1.37
# VM version: JDK 25.0.2, OpenJDK 64-Bit Server VM, 25.0.2+10-LTS
# VM invoker: /home/nikita.lebedev/.local/jdks/jdk-25.0.2+10/bin/java
# VM options: -Xms512m -Xmx16g -XX:MaxDirectMemorySize=16g
# Blackhole mode: compiler (auto-detected, use -Djmh.blackhole.autoDetect=false to disable)
# Warmup: 1 iterations, single-shot each
# Measurement: 5 iterations, single-shot each
# Timeout: 60 min per iteration
# Threads: 1 thread
# Benchmark mode: Single shot invocation time
# Benchmark: com.swirlds.benchmark.LongListSnapshotBenchmark.writeToFile
# Parameters: (diskCacheState = UNCHANGED, forceToDisk = false, leafCount = 1000000000, listImpl = LongListHeap, longListChunkSize = 1048576, threadsPerLongList = 8, verify = false, workDir = long-list)

# Run progress: 70.00% complete, ETA 00:09:48
# Fork: 1 of 1
# Preparing profilers: JavaFlightRecorderProfiler 
WARNING: A terminally deprecated method in sun.misc.Unsafe has been called
WARNING: sun.misc.Unsafe::objectFieldOffset has been called by org.openjdk.jmh.util.Utils (file:/home/nikita.lebedev/hiero-consensus-node/platform-sdk/swirlds-merkledb/build/libs/swirlds-merkledb-0.79.0-SNAPSHOT-jmh.jar)
WARNING: Please consider reporting this to the maintainers of class org.openjdk.jmh.util.Utils
WARNING: sun.misc.Unsafe::objectFieldOffset will be removed in a future release
# Warmup Iteration   1: 5647.709 ms/op
Iteration   1: 5552.483 ms/op
                 postReturnForceNanos: 7151626067.000 #

Iteration   2: 5195.855 ms/op
                 postReturnForceNanos: 7407939589.000 #

Iteration   3: 4737.009 ms/op
                 postReturnForceNanos: 7830041935.000 #

Iteration   4: 5349.616 ms/op
                 postReturnForceNanos: 7236847825.000 #

Iteration   5: 5352.960 ms/op
                 jfr:                  (text only)
                 postReturnForceNanos: 7241576343.000 #

# Processing profiler results: JavaFlightRecorderProfiler 


Result "com.swirlds.benchmark.LongListSnapshotBenchmark.writeToFile":
  N = 5
  mean =   5237.584 ±(99.9%) 1182.689 ms/op

  Histogram, ms/op:
    [4700.000, 4750.000) = 1 
    [4750.000, 4800.000) = 0 
    [4800.000, 4850.000) = 0 
    [4850.000, 4900.000) = 0 
    [4900.000, 4950.000) = 0 
    [4950.000, 5000.000) = 0 
    [5000.000, 5050.000) = 0 
    [5050.000, 5100.000) = 0 
    [5100.000, 5150.000) = 0 
    [5150.000, 5200.000) = 1 
    [5200.000, 5250.000) = 0 
    [5250.000, 5300.000) = 0 
    [5300.000, 5350.000) = 1 
    [5350.000, 5400.000) = 1 
    [5400.000, 5450.000) = 0 
    [5450.000, 5500.000) = 0 
    [5500.000, 5550.000) = 0 

  Percentiles, ms/op:
      p(0.0000) =   4737.009 ms/op
     p(50.0000) =   5349.616 ms/op
     p(90.0000) =   5552.483 ms/op
     p(95.0000) =   5552.483 ms/op
     p(99.0000) =   5552.483 ms/op
     p(99.9000) =   5552.483 ms/op
     p(99.9900) =   5552.483 ms/op
     p(99.9990) =   5552.483 ms/op
     p(99.9999) =   5552.483 ms/op
    p(100.0000) =   5552.483 ms/op

Secondary result "com.swirlds.benchmark.LongListSnapshotBenchmark.writeToFile:jfr":
JFR profiler results:
  /home/nikita.lebedev/hiero-consensus-node/platform-sdk/swirlds-merkledb/build/results/jmh/long-list-force-comparison/20260827T075601Z-418584/jfr/long-list-block-C/com.swirlds.benchmark.LongListSnapshotBenchmark.writeToFile-SingleShotTime-diskCacheState-UNCHANGED-forceToDisk-false-leafCount-1000000000-listImpl-LongListHeap-longListChunkSize-1048576-threadsPerLongList-8-verify-false-workDir-long-list/profile.jfr

Secondary result "com.swirlds.benchmark.LongListSnapshotBenchmark.writeToFile:postReturnForceNanos":
  36868031759.000 ±(99.9%) 0.001 # [Sum]
  (min, avg, max) = (7151626067.000, 7373606351.800, 7830041935.000), stdev = 271533735.245
  CI (99.9%): [36868031759.000, 36868031759.000] (assumes normal distribution)


# JMH version: 1.37
# VM version: JDK 25.0.2, OpenJDK 64-Bit Server VM, 25.0.2+10-LTS
# VM invoker: /home/nikita.lebedev/.local/jdks/jdk-25.0.2+10/bin/java
# VM options: -Xms512m -Xmx16g -XX:MaxDirectMemorySize=16g
# Blackhole mode: compiler (auto-detected, use -Djmh.blackhole.autoDetect=false to disable)
# Warmup: 1 iterations, single-shot each
# Measurement: 5 iterations, single-shot each
# Timeout: 60 min per iteration
# Threads: 1 thread
# Benchmark mode: Single shot invocation time
# Benchmark: com.swirlds.benchmark.LongListSnapshotBenchmark.writeToFile
# Parameters: (diskCacheState = UNCHANGED, forceToDisk = false, leafCount = 1000000000, listImpl = LongListHeap, longListChunkSize = 1048576, threadsPerLongList = 1, verify = false, workDir = long-list)

# Run progress: 75.00% complete, ETA 00:08:07
# Fork: 1 of 1
# Preparing profilers: JavaFlightRecorderProfiler 
WARNING: A terminally deprecated method in sun.misc.Unsafe has been called
WARNING: sun.misc.Unsafe::objectFieldOffset has been called by org.openjdk.jmh.util.Utils (file:/home/nikita.lebedev/hiero-consensus-node/platform-sdk/swirlds-merkledb/build/libs/swirlds-merkledb-0.79.0-SNAPSHOT-jmh.jar)
WARNING: Please consider reporting this to the maintainers of class org.openjdk.jmh.util.Utils
WARNING: sun.misc.Unsafe::objectFieldOffset will be removed in a future release
# Warmup Iteration   1: 11285.154 ms/op
Iteration   1: 11015.962 ms/op
                 postReturnForceNanos: 3329133124.000 #

Iteration   2: 11263.629 ms/op
                 postReturnForceNanos: 3044001962.000 #

Iteration   3: 11162.489 ms/op
                 postReturnForceNanos: 3153198119.000 #

Iteration   4: 11312.068 ms/op
                 postReturnForceNanos: 3104329192.000 #

Iteration   5: 11197.966 ms/op
                 jfr:                  (text only)
                 postReturnForceNanos: 3202535548.000 #

# Processing profiler results: JavaFlightRecorderProfiler 


Result "com.swirlds.benchmark.LongListSnapshotBenchmark.writeToFile":
  N = 5
  mean =  11190.423 ±(99.9%) 436.631 ms/op

  Histogram, ms/op:
    [11000.000, 11025.000) = 1 
    [11025.000, 11050.000) = 0 
    [11050.000, 11075.000) = 0 
    [11075.000, 11100.000) = 0 
    [11100.000, 11125.000) = 0 
    [11125.000, 11150.000) = 0 
    [11150.000, 11175.000) = 1 
    [11175.000, 11200.000) = 1 
    [11200.000, 11225.000) = 0 
    [11225.000, 11250.000) = 0 
    [11250.000, 11275.000) = 1 
    [11275.000, 11300.000) = 0 
    [11300.000, 11325.000) = 1 
    [11325.000, 11350.000) = 0 
    [11350.000, 11375.000) = 0 

  Percentiles, ms/op:
      p(0.0000) =  11015.962 ms/op
     p(50.0000) =  11197.966 ms/op
     p(90.0000) =  11312.068 ms/op
     p(95.0000) =  11312.068 ms/op
     p(99.0000) =  11312.068 ms/op
     p(99.9000) =  11312.068 ms/op
     p(99.9900) =  11312.068 ms/op
     p(99.9990) =  11312.068 ms/op
     p(99.9999) =  11312.068 ms/op
    p(100.0000) =  11312.068 ms/op

Secondary result "com.swirlds.benchmark.LongListSnapshotBenchmark.writeToFile:jfr":
JFR profiler results:
  /home/nikita.lebedev/hiero-consensus-node/platform-sdk/swirlds-merkledb/build/results/jmh/long-list-force-comparison/20260827T075601Z-418584/jfr/long-list-block-C/com.swirlds.benchmark.LongListSnapshotBenchmark.writeToFile-SingleShotTime-diskCacheState-UNCHANGED-forceToDisk-false-leafCount-1000000000-listImpl-LongListHeap-longListChunkSize-1048576-threadsPerLongList-1-verify-false-workDir-long-list/profile.jfr

Secondary result "com.swirlds.benchmark.LongListSnapshotBenchmark.writeToFile:postReturnForceNanos":
  15833197945.000 ±(99.9%) 0.001 # [Sum]
  (min, avg, max) = (3044001962.000, 3166639589.000, 3329133124.000), stdev = 108161817.472
  CI (99.9%): [15833197945.000, 15833197945.000] (assumes normal distribution)


# JMH version: 1.37
# VM version: JDK 25.0.2, OpenJDK 64-Bit Server VM, 25.0.2+10-LTS
# VM invoker: /home/nikita.lebedev/.local/jdks/jdk-25.0.2+10/bin/java
# VM options: -Xms512m -Xmx16g -XX:MaxDirectMemorySize=16g
# Blackhole mode: compiler (auto-detected, use -Djmh.blackhole.autoDetect=false to disable)
# Warmup: 1 iterations, single-shot each
# Measurement: 5 iterations, single-shot each
# Timeout: 60 min per iteration
# Threads: 1 thread
# Benchmark mode: Single shot invocation time
# Benchmark: com.swirlds.benchmark.LongListSnapshotBenchmark.writeToFile
# Parameters: (diskCacheState = UNCHANGED, forceToDisk = false, leafCount = 1000000000, listImpl = LongListSegment, longListChunkSize = 1048576, threadsPerLongList = 8, verify = false, workDir = long-list)

# Run progress: 80.00% complete, ETA 00:06:31
# Fork: 1 of 1
# Preparing profilers: JavaFlightRecorderProfiler 
WARNING: A terminally deprecated method in sun.misc.Unsafe has been called
WARNING: sun.misc.Unsafe::objectFieldOffset has been called by org.openjdk.jmh.util.Utils (file:/home/nikita.lebedev/hiero-consensus-node/platform-sdk/swirlds-merkledb/build/libs/swirlds-merkledb-0.79.0-SNAPSHOT-jmh.jar)
WARNING: Please consider reporting this to the maintainers of class org.openjdk.jmh.util.Utils
WARNING: sun.misc.Unsafe::objectFieldOffset will be removed in a future release
# Warmup Iteration   1: 7409.984 ms/op
Iteration   1: 7426.398 ms/op
                 postReturnForceNanos: 5741261899.000 #

Iteration   2: 7472.468 ms/op
                 postReturnForceNanos: 5792999441.000 #

Iteration   3: 7237.978 ms/op
                 postReturnForceNanos: 5987698705.000 #

Iteration   4: 7424.459 ms/op
                 postReturnForceNanos: 5696922563.000 #

Iteration   5: 7739.572 ms/op
                 jfr:                  (text only)
                 postReturnForceNanos: 5726241977.000 #

# Processing profiler results: JavaFlightRecorderProfiler 


Result "com.swirlds.benchmark.LongListSnapshotBenchmark.writeToFile":
  N = 5
  mean =   7460.175 ±(99.9%) 694.189 ms/op

  Histogram, ms/op:
    [7200.000, 7250.000) = 1 
    [7250.000, 7300.000) = 0 
    [7300.000, 7350.000) = 0 
    [7350.000, 7400.000) = 0 
    [7400.000, 7450.000) = 2 
    [7450.000, 7500.000) = 1 
    [7500.000, 7550.000) = 0 
    [7550.000, 7600.000) = 0 
    [7600.000, 7650.000) = 0 
    [7650.000, 7700.000) = 0 
    [7700.000, 7750.000) = 1 

  Percentiles, ms/op:
      p(0.0000) =   7237.978 ms/op
     p(50.0000) =   7426.398 ms/op
     p(90.0000) =   7739.572 ms/op
     p(95.0000) =   7739.572 ms/op
     p(99.0000) =   7739.572 ms/op
     p(99.9000) =   7739.572 ms/op
     p(99.9900) =   7739.572 ms/op
     p(99.9990) =   7739.572 ms/op
     p(99.9999) =   7739.572 ms/op
    p(100.0000) =   7739.572 ms/op

Secondary result "com.swirlds.benchmark.LongListSnapshotBenchmark.writeToFile:jfr":
JFR profiler results:
  /home/nikita.lebedev/hiero-consensus-node/platform-sdk/swirlds-merkledb/build/results/jmh/long-list-force-comparison/20260827T075601Z-418584/jfr/long-list-block-C/com.swirlds.benchmark.LongListSnapshotBenchmark.writeToFile-SingleShotTime-diskCacheState-UNCHANGED-forceToDisk-false-leafCount-1000000000-listImpl-LongListSegment-longListChunkSize-1048576-threadsPerLongList-8-verify-false-workDir-long-list/profile.jfr

Secondary result "com.swirlds.benchmark.LongListSnapshotBenchmark.writeToFile:postReturnForceNanos":
  28945124585.000 ±(99.9%) 0.001 # [Sum]
  (min, avg, max) = (5696922563.000, 5789024917.000, 5987698705.000), stdev = 116396862.001
  CI (99.9%): [28945124585.000, 28945124585.000] (assumes normal distribution)


# JMH version: 1.37
# VM version: JDK 25.0.2, OpenJDK 64-Bit Server VM, 25.0.2+10-LTS
# VM invoker: /home/nikita.lebedev/.local/jdks/jdk-25.0.2+10/bin/java
# VM options: -Xms512m -Xmx16g -XX:MaxDirectMemorySize=16g
# Blackhole mode: compiler (auto-detected, use -Djmh.blackhole.autoDetect=false to disable)
# Warmup: 1 iterations, single-shot each
# Measurement: 5 iterations, single-shot each
# Timeout: 60 min per iteration
# Threads: 1 thread
# Benchmark mode: Single shot invocation time
# Benchmark: com.swirlds.benchmark.LongListSnapshotBenchmark.writeToFile
# Parameters: (diskCacheState = UNCHANGED, forceToDisk = false, leafCount = 1000000000, listImpl = LongListSegment, longListChunkSize = 1048576, threadsPerLongList = 1, verify = false, workDir = long-list)

# Run progress: 85.00% complete, ETA 00:04:52
# Fork: 1 of 1
# Preparing profilers: JavaFlightRecorderProfiler 
WARNING: A terminally deprecated method in sun.misc.Unsafe has been called
WARNING: sun.misc.Unsafe::objectFieldOffset has been called by org.openjdk.jmh.util.Utils (file:/home/nikita.lebedev/hiero-consensus-node/platform-sdk/swirlds-merkledb/build/libs/swirlds-merkledb-0.79.0-SNAPSHOT-jmh.jar)
WARNING: Please consider reporting this to the maintainers of class org.openjdk.jmh.util.Utils
WARNING: sun.misc.Unsafe::objectFieldOffset will be removed in a future release
# Warmup Iteration   1: 9344.800 ms/op
Iteration   1: 9782.982 ms/op
                 postReturnForceNanos: 3930221753.000 #

Iteration   2: 9925.005 ms/op
                 postReturnForceNanos: 3953562322.000 #

Iteration   3: 9752.469 ms/op
                 postReturnForceNanos: 3982282500.000 #

Iteration   4: 9978.316 ms/op
                 postReturnForceNanos: 3923310428.000 #

Iteration   5: 9989.605 ms/op
                 jfr:                  (text only)
                 postReturnForceNanos: 3719150398.000 #

# Processing profiler results: JavaFlightRecorderProfiler 


Result "com.swirlds.benchmark.LongListSnapshotBenchmark.writeToFile":
  N = 5
  mean =   9885.675 ±(99.9%) 427.146 ms/op

  Histogram, ms/op:
    [ 9700.000,  9725.000) = 0 
    [ 9725.000,  9750.000) = 0 
    [ 9750.000,  9775.000) = 1 
    [ 9775.000,  9800.000) = 1 
    [ 9800.000,  9825.000) = 0 
    [ 9825.000,  9850.000) = 0 
    [ 9850.000,  9875.000) = 0 
    [ 9875.000,  9900.000) = 0 
    [ 9900.000,  9925.000) = 0 
    [ 9925.000,  9950.000) = 1 
    [ 9950.000,  9975.000) = 0 

  Percentiles, ms/op:
      p(0.0000) =   9752.469 ms/op
     p(50.0000) =   9925.005 ms/op
     p(90.0000) =   9989.605 ms/op
     p(95.0000) =   9989.605 ms/op
     p(99.0000) =   9989.605 ms/op
     p(99.9000) =   9989.605 ms/op
     p(99.9900) =   9989.605 ms/op
     p(99.9990) =   9989.605 ms/op
     p(99.9999) =   9989.605 ms/op
    p(100.0000) =   9989.605 ms/op

Secondary result "com.swirlds.benchmark.LongListSnapshotBenchmark.writeToFile:jfr":
JFR profiler results:
  /home/nikita.lebedev/hiero-consensus-node/platform-sdk/swirlds-merkledb/build/results/jmh/long-list-force-comparison/20260827T075601Z-418584/jfr/long-list-block-C/com.swirlds.benchmark.LongListSnapshotBenchmark.writeToFile-SingleShotTime-diskCacheState-UNCHANGED-forceToDisk-false-leafCount-1000000000-listImpl-LongListSegment-longListChunkSize-1048576-threadsPerLongList-1-verify-false-workDir-long-list/profile.jfr

Secondary result "com.swirlds.benchmark.LongListSnapshotBenchmark.writeToFile:postReturnForceNanos":
  19508527401.000 ±(99.9%) 0.001 # [Sum]
  (min, avg, max) = (3719150398.000, 3901705480.200, 3982282500.000), stdev = 104628028.967
  CI (99.9%): [19508527401.000, 19508527401.000] (assumes normal distribution)


# JMH version: 1.37
# VM version: JDK 25.0.2, OpenJDK 64-Bit Server VM, 25.0.2+10-LTS
# VM invoker: /home/nikita.lebedev/.local/jdks/jdk-25.0.2+10/bin/java
# VM options: -Xms512m -Xmx16g -XX:MaxDirectMemorySize=16g
# Blackhole mode: compiler (auto-detected, use -Djmh.blackhole.autoDetect=false to disable)
# Warmup: 1 iterations, single-shot each
# Measurement: 5 iterations, single-shot each
# Timeout: 60 min per iteration
# Threads: 1 thread
# Benchmark mode: Single shot invocation time
# Benchmark: com.swirlds.benchmark.LongListSnapshotBenchmark.writeToFile
# Parameters: (diskCacheState = UNCHANGED, forceToDisk = false, leafCount = 1000000000, listImpl = LongListDisk, longListChunkSize = 1048576, threadsPerLongList = 8, verify = false, workDir = long-list)

# Run progress: 90.00% complete, ETA 00:03:14
# Fork: 1 of 1
# Preparing profilers: JavaFlightRecorderProfiler 
WARNING: A terminally deprecated method in sun.misc.Unsafe has been called
WARNING: sun.misc.Unsafe::objectFieldOffset has been called by org.openjdk.jmh.util.Utils (file:/home/nikita.lebedev/hiero-consensus-node/platform-sdk/swirlds-merkledb/build/libs/swirlds-merkledb-0.79.0-SNAPSHOT-jmh.jar)
WARNING: Please consider reporting this to the maintainers of class org.openjdk.jmh.util.Utils
WARNING: sun.misc.Unsafe::objectFieldOffset will be removed in a future release
# Warmup Iteration   1: 8277.024 ms/op
Iteration   1: 7435.896 ms/op
                 postReturnForceNanos: 6007613643.000 #

Iteration   2: 7563.489 ms/op
                 postReturnForceNanos: 5803242132.000 #

Iteration   3: 7768.217 ms/op
                 postReturnForceNanos: 5729149432.000 #

Iteration   4: 7553.304 ms/op
                 postReturnForceNanos: 5826352693.000 #

Iteration   5: 7660.181 ms/op
                 jfr:                  (text only)
                 postReturnForceNanos: 5990634319.000 #

# Processing profiler results: JavaFlightRecorderProfiler 


Result "com.swirlds.benchmark.LongListSnapshotBenchmark.writeToFile":
  N = 5
  mean =   7596.217 ±(99.9%) 480.524 ms/op

  Histogram, ms/op:
    [7400.000, 7425.000) = 0 
    [7425.000, 7450.000) = 1 
    [7450.000, 7475.000) = 0 
    [7475.000, 7500.000) = 0 
    [7500.000, 7525.000) = 0 
    [7525.000, 7550.000) = 0 
    [7550.000, 7575.000) = 2 
    [7575.000, 7600.000) = 0 
    [7600.000, 7625.000) = 0 
    [7625.000, 7650.000) = 0 
    [7650.000, 7675.000) = 1 
    [7675.000, 7700.000) = 0 
    [7700.000, 7725.000) = 0 
    [7725.000, 7750.000) = 0 
    [7750.000, 7775.000) = 1 

  Percentiles, ms/op:
      p(0.0000) =   7435.896 ms/op
     p(50.0000) =   7563.489 ms/op
     p(90.0000) =   7768.217 ms/op
     p(95.0000) =   7768.217 ms/op
     p(99.0000) =   7768.217 ms/op
     p(99.9000) =   7768.217 ms/op
     p(99.9900) =   7768.217 ms/op
     p(99.9990) =   7768.217 ms/op
     p(99.9999) =   7768.217 ms/op
    p(100.0000) =   7768.217 ms/op

Secondary result "com.swirlds.benchmark.LongListSnapshotBenchmark.writeToFile:jfr":
JFR profiler results:
  /home/nikita.lebedev/hiero-consensus-node/platform-sdk/swirlds-merkledb/build/results/jmh/long-list-force-comparison/20260827T075601Z-418584/jfr/long-list-block-C/com.swirlds.benchmark.LongListSnapshotBenchmark.writeToFile-SingleShotTime-diskCacheState-UNCHANGED-forceToDisk-false-leafCount-1000000000-listImpl-LongListDisk-longListChunkSize-1048576-threadsPerLongList-8-verify-false-workDir-long-list/profile.jfr

Secondary result "com.swirlds.benchmark.LongListSnapshotBenchmark.writeToFile:postReturnForceNanos":
  29356992219.000 ±(99.9%) 0.001 # [Sum]
  (min, avg, max) = (5729149432.000, 5871398443.800, 6007613643.000), stdev = 122148432.541
  CI (99.9%): [29356992219.000, 29356992219.000] (assumes normal distribution)


# JMH version: 1.37
# VM version: JDK 25.0.2, OpenJDK 64-Bit Server VM, 25.0.2+10-LTS
# VM invoker: /home/nikita.lebedev/.local/jdks/jdk-25.0.2+10/bin/java
# VM options: -Xms512m -Xmx16g -XX:MaxDirectMemorySize=16g
# Blackhole mode: compiler (auto-detected, use -Djmh.blackhole.autoDetect=false to disable)
# Warmup: 1 iterations, single-shot each
# Measurement: 5 iterations, single-shot each
# Timeout: 60 min per iteration
# Threads: 1 thread
# Benchmark mode: Single shot invocation time
# Benchmark: com.swirlds.benchmark.LongListSnapshotBenchmark.writeToFile
# Parameters: (diskCacheState = UNCHANGED, forceToDisk = false, leafCount = 1000000000, listImpl = LongListDisk, longListChunkSize = 1048576, threadsPerLongList = 1, verify = false, workDir = long-list)

# Run progress: 95.00% complete, ETA 00:01:37
# Fork: 1 of 1
# Preparing profilers: JavaFlightRecorderProfiler 
WARNING: A terminally deprecated method in sun.misc.Unsafe has been called
WARNING: sun.misc.Unsafe::objectFieldOffset has been called by org.openjdk.jmh.util.Utils (file:/home/nikita.lebedev/hiero-consensus-node/platform-sdk/swirlds-merkledb/build/libs/swirlds-merkledb-0.79.0-SNAPSHOT-jmh.jar)
WARNING: Please consider reporting this to the maintainers of class org.openjdk.jmh.util.Utils
WARNING: sun.misc.Unsafe::objectFieldOffset will be removed in a future release
# Warmup Iteration   1: 11438.662 ms/op
Iteration   1: 11333.899 ms/op
                 postReturnForceNanos: 3248115917.000 #

Iteration   2: 11182.057 ms/op
                 postReturnForceNanos: 3599726385.000 #

Iteration   3: 11356.566 ms/op
                 postReturnForceNanos: 3242231269.000 #

Iteration   4: 11326.101 ms/op
                 postReturnForceNanos: 3362426129.000 #

Iteration   5: 11159.030 ms/op
                 jfr:                  (text only)
                 postReturnForceNanos: 3458552103.000 #

# Processing profiler results: JavaFlightRecorderProfiler 


Result "com.swirlds.benchmark.LongListSnapshotBenchmark.writeToFile":
  N = 5
  mean =  11271.531 ±(99.9%) 358.961 ms/op

  Histogram, ms/op:
    [11100.000, 11125.000) = 0 
    [11125.000, 11150.000) = 0 
    [11150.000, 11175.000) = 1 
    [11175.000, 11200.000) = 1 
    [11200.000, 11225.000) = 0 
    [11225.000, 11250.000) = 0 
    [11250.000, 11275.000) = 0 
    [11275.000, 11300.000) = 0 
    [11300.000, 11325.000) = 0 
    [11325.000, 11350.000) = 2 
    [11350.000, 11375.000) = 1 

  Percentiles, ms/op:
      p(0.0000) =  11159.030 ms/op
     p(50.0000) =  11326.101 ms/op
     p(90.0000) =  11356.566 ms/op
     p(95.0000) =  11356.566 ms/op
     p(99.0000) =  11356.566 ms/op
     p(99.9000) =  11356.566 ms/op
     p(99.9900) =  11356.566 ms/op
     p(99.9990) =  11356.566 ms/op
     p(99.9999) =  11356.566 ms/op
    p(100.0000) =  11356.566 ms/op

Secondary result "com.swirlds.benchmark.LongListSnapshotBenchmark.writeToFile:jfr":
JFR profiler results:
  /home/nikita.lebedev/hiero-consensus-node/platform-sdk/swirlds-merkledb/build/results/jmh/long-list-force-comparison/20260827T075601Z-418584/jfr/long-list-block-C/com.swirlds.benchmark.LongListSnapshotBenchmark.writeToFile-SingleShotTime-diskCacheState-UNCHANGED-forceToDisk-false-leafCount-1000000000-listImpl-LongListDisk-longListChunkSize-1048576-threadsPerLongList-1-verify-false-workDir-long-list/profile.jfr

Secondary result "com.swirlds.benchmark.LongListSnapshotBenchmark.writeToFile:postReturnForceNanos":
  16911051803.000 ±(99.9%) 0.001 # [Sum]
  (min, avg, max) = (3242231269.000, 3382210360.600, 3599726385.000), stdev = 150920644.887
  CI (99.9%): [16911051803.000, 16911051803.000] (assumes normal distribution)


# Run complete. Total time: 00:32:42

REMEMBER: The numbers below are just data. To gain reusable insights, you need to follow up on
why the numbers are the way they are. Use profilers (see -prof, -lprof), design factorial
experiments, perform baseline and negative tests that provide experimental control, make sure
the benchmarking environment is safe on JVM/OS/HW level, ask for reviews from the domain experts.
Do not assume the numbers tell you what you want them to tell.

NOTE: Current JVM experimentally supports Compiler Blackholes, and they are in use. Please exercise
extra caution when trusting the results, look into the generated code to check the benchmark still
works, and factor in a small probability of new VM bugs. Additionally, while comparisons between
different JVMs are already problematic, the performance difference caused by different Blackhole
modes can be very significant. Please make sure you use the consistent Blackhole mode for comparisons.

Benchmark                                                   (diskCacheState)  (forceToDisk)  (leafCount)           (listImpl)  (longListChunkSize)  (threadsPerLongList)  (verify)  (workDir)  Mode  Cnt            Score      Error  Units
LongListSnapshotBenchmark.writeToFile                              UNCHANGED           true   1000000000      LongListOffHeap              1048576                     8     false  long-list    ss    5        13217.282 ±  328.605  ms/op
LongListSnapshotBenchmark.writeToFile:jfr                          UNCHANGED           true   1000000000      LongListOffHeap              1048576                     8     false  long-list    ss                   NaN               ---
LongListSnapshotBenchmark.writeToFile:postReturnForceNanos         UNCHANGED           true   1000000000      LongListOffHeap              1048576                     8     false  long-list    ss    5              ≈ 0                 #
LongListSnapshotBenchmark.writeToFile                              UNCHANGED           true   1000000000      LongListOffHeap              1048576                     1     false  long-list    ss    5        13797.881 ±  455.210  ms/op
LongListSnapshotBenchmark.writeToFile:jfr                          UNCHANGED           true   1000000000      LongListOffHeap              1048576                     1     false  long-list    ss                   NaN               ---
LongListSnapshotBenchmark.writeToFile:postReturnForceNanos         UNCHANGED           true   1000000000      LongListOffHeap              1048576                     1     false  long-list    ss    5              ≈ 0                 #
LongListSnapshotBenchmark.writeToFile                              UNCHANGED           true   1000000000  LongListDiskSegment              1048576                     8     false  long-list    ss    5        13345.943 ±  292.337  ms/op
LongListSnapshotBenchmark.writeToFile:jfr                          UNCHANGED           true   1000000000  LongListDiskSegment              1048576                     8     false  long-list    ss                   NaN               ---
LongListSnapshotBenchmark.writeToFile:postReturnForceNanos         UNCHANGED           true   1000000000  LongListDiskSegment              1048576                     8     false  long-list    ss    5              ≈ 0                 #
LongListSnapshotBenchmark.writeToFile                              UNCHANGED           true   1000000000  LongListDiskSegment              1048576                     1     false  long-list    ss    5        13987.449 ±  549.359  ms/op
LongListSnapshotBenchmark.writeToFile:jfr                          UNCHANGED           true   1000000000  LongListDiskSegment              1048576                     1     false  long-list    ss                   NaN               ---
LongListSnapshotBenchmark.writeToFile:postReturnForceNanos         UNCHANGED           true   1000000000  LongListDiskSegment              1048576                     1     false  long-list    ss    5              ≈ 0                 #
LongListSnapshotBenchmark.writeToFile                              UNCHANGED           true   1000000000         LongListHeap              1048576                     8     false  long-list    ss    5        12638.460 ±  470.695  ms/op
LongListSnapshotBenchmark.writeToFile:jfr                          UNCHANGED           true   1000000000         LongListHeap              1048576                     8     false  long-list    ss                   NaN               ---
LongListSnapshotBenchmark.writeToFile:postReturnForceNanos         UNCHANGED           true   1000000000         LongListHeap              1048576                     8     false  long-list    ss    5              ≈ 0                 #
LongListSnapshotBenchmark.writeToFile                              UNCHANGED           true   1000000000         LongListHeap              1048576                     1     false  long-list    ss    5        14484.733 ±  306.435  ms/op
LongListSnapshotBenchmark.writeToFile:jfr                          UNCHANGED           true   1000000000         LongListHeap              1048576                     1     false  long-list    ss                   NaN               ---
LongListSnapshotBenchmark.writeToFile:postReturnForceNanos         UNCHANGED           true   1000000000         LongListHeap              1048576                     1     false  long-list    ss    5              ≈ 0                 #
LongListSnapshotBenchmark.writeToFile                              UNCHANGED           true   1000000000      LongListSegment              1048576                     8     false  long-list    ss    5        13461.320 ±  702.028  ms/op
LongListSnapshotBenchmark.writeToFile:jfr                          UNCHANGED           true   1000000000      LongListSegment              1048576                     8     false  long-list    ss                   NaN               ---
LongListSnapshotBenchmark.writeToFile:postReturnForceNanos         UNCHANGED           true   1000000000      LongListSegment              1048576                     8     false  long-list    ss    5              ≈ 0                 #
LongListSnapshotBenchmark.writeToFile                              UNCHANGED           true   1000000000      LongListSegment              1048576                     1     false  long-list    ss    5        13940.926 ±  612.050  ms/op
LongListSnapshotBenchmark.writeToFile:jfr                          UNCHANGED           true   1000000000      LongListSegment              1048576                     1     false  long-list    ss                   NaN               ---
LongListSnapshotBenchmark.writeToFile:postReturnForceNanos         UNCHANGED           true   1000000000      LongListSegment              1048576                     1     false  long-list    ss    5              ≈ 0                 #
LongListSnapshotBenchmark.writeToFile                              UNCHANGED           true   1000000000         LongListDisk              1048576                     8     false  long-list    ss    5        13349.651 ±  281.929  ms/op
LongListSnapshotBenchmark.writeToFile:jfr                          UNCHANGED           true   1000000000         LongListDisk              1048576                     8     false  long-list    ss                   NaN               ---
LongListSnapshotBenchmark.writeToFile:postReturnForceNanos         UNCHANGED           true   1000000000         LongListDisk              1048576                     8     false  long-list    ss    5              ≈ 0                 #
LongListSnapshotBenchmark.writeToFile                              UNCHANGED           true   1000000000         LongListDisk              1048576                     1     false  long-list    ss    5        14686.632 ±  467.362  ms/op
LongListSnapshotBenchmark.writeToFile:jfr                          UNCHANGED           true   1000000000         LongListDisk              1048576                     1     false  long-list    ss                   NaN               ---
LongListSnapshotBenchmark.writeToFile:postReturnForceNanos         UNCHANGED           true   1000000000         LongListDisk              1048576                     1     false  long-list    ss    5              ≈ 0                 #
LongListSnapshotBenchmark.writeToFile                              UNCHANGED          false   1000000000      LongListOffHeap              1048576                     8     false  long-list    ss    5         7577.960 ±  488.436  ms/op
LongListSnapshotBenchmark.writeToFile:jfr                          UNCHANGED          false   1000000000      LongListOffHeap              1048576                     8     false  long-list    ss                   NaN               ---
LongListSnapshotBenchmark.writeToFile:postReturnForceNanos         UNCHANGED          false   1000000000      LongListOffHeap              1048576                     8     false  long-list    ss    5  28676623799.000                 #
LongListSnapshotBenchmark.writeToFile                              UNCHANGED          false   1000000000      LongListOffHeap              1048576                     1     false  long-list    ss    5         9933.596 ±  384.636  ms/op
LongListSnapshotBenchmark.writeToFile:jfr                          UNCHANGED          false   1000000000      LongListOffHeap              1048576                     1     false  long-list    ss                   NaN               ---
LongListSnapshotBenchmark.writeToFile:postReturnForceNanos         UNCHANGED          false   1000000000      LongListOffHeap              1048576                     1     false  long-list    ss    5  20252002578.000                 #
LongListSnapshotBenchmark.writeToFile                              UNCHANGED          false   1000000000  LongListDiskSegment              1048576                     8     false  long-list    ss    5         7430.629 ±  748.017  ms/op
LongListSnapshotBenchmark.writeToFile:jfr                          UNCHANGED          false   1000000000  LongListDiskSegment              1048576                     8     false  long-list    ss                   NaN               ---
LongListSnapshotBenchmark.writeToFile:postReturnForceNanos         UNCHANGED          false   1000000000  LongListDiskSegment              1048576                     8     false  long-list    ss    5  29860828820.000                 #
LongListSnapshotBenchmark.writeToFile                              UNCHANGED          false   1000000000  LongListDiskSegment              1048576                     1     false  long-list    ss    5         9826.040 ± 2292.386  ms/op
LongListSnapshotBenchmark.writeToFile:jfr                          UNCHANGED          false   1000000000  LongListDiskSegment              1048576                     1     false  long-list    ss                   NaN               ---
LongListSnapshotBenchmark.writeToFile:postReturnForceNanos         UNCHANGED          false   1000000000  LongListDiskSegment              1048576                     1     false  long-list    ss    5  21518891327.000                 #
LongListSnapshotBenchmark.writeToFile                              UNCHANGED          false   1000000000         LongListHeap              1048576                     8     false  long-list    ss    5         5237.584 ± 1182.689  ms/op
LongListSnapshotBenchmark.writeToFile:jfr                          UNCHANGED          false   1000000000         LongListHeap              1048576                     8     false  long-list    ss                   NaN               ---
LongListSnapshotBenchmark.writeToFile:postReturnForceNanos         UNCHANGED          false   1000000000         LongListHeap              1048576                     8     false  long-list    ss    5  36868031759.000                 #
LongListSnapshotBenchmark.writeToFile                              UNCHANGED          false   1000000000         LongListHeap              1048576                     1     false  long-list    ss    5        11190.423 ±  436.631  ms/op
LongListSnapshotBenchmark.writeToFile:jfr                          UNCHANGED          false   1000000000         LongListHeap              1048576                     1     false  long-list    ss                   NaN               ---
LongListSnapshotBenchmark.writeToFile:postReturnForceNanos         UNCHANGED          false   1000000000         LongListHeap              1048576                     1     false  long-list    ss    5  15833197945.000                 #
LongListSnapshotBenchmark.writeToFile                              UNCHANGED          false   1000000000      LongListSegment              1048576                     8     false  long-list    ss    5         7460.175 ±  694.189  ms/op
LongListSnapshotBenchmark.writeToFile:jfr                          UNCHANGED          false   1000000000      LongListSegment              1048576                     8     false  long-list    ss                   NaN               ---
LongListSnapshotBenchmark.writeToFile:postReturnForceNanos         UNCHANGED          false   1000000000      LongListSegment              1048576                     8     false  long-list    ss    5  28945124585.000                 #
LongListSnapshotBenchmark.writeToFile                              UNCHANGED          false   1000000000      LongListSegment              1048576                     1     false  long-list    ss    5         9885.675 ±  427.146  ms/op
LongListSnapshotBenchmark.writeToFile:jfr                          UNCHANGED          false   1000000000      LongListSegment              1048576                     1     false  long-list    ss                   NaN               ---
LongListSnapshotBenchmark.writeToFile:postReturnForceNanos         UNCHANGED          false   1000000000      LongListSegment              1048576                     1     false  long-list    ss    5  19508527401.000                 #
LongListSnapshotBenchmark.writeToFile                              UNCHANGED          false   1000000000         LongListDisk              1048576                     8     false  long-list    ss    5         7596.217 ±  480.524  ms/op
LongListSnapshotBenchmark.writeToFile:jfr                          UNCHANGED          false   1000000000         LongListDisk              1048576                     8     false  long-list    ss                   NaN               ---
LongListSnapshotBenchmark.writeToFile:postReturnForceNanos         UNCHANGED          false   1000000000         LongListDisk              1048576                     8     false  long-list    ss    5  29356992219.000                 #
LongListSnapshotBenchmark.writeToFile                              UNCHANGED          false   1000000000         LongListDisk              1048576                     1     false  long-list    ss    5        11271.531 ±  358.961  ms/op
LongListSnapshotBenchmark.writeToFile:jfr                          UNCHANGED          false   1000000000         LongListDisk              1048576                     1     false  long-list    ss                   NaN               ---
LongListSnapshotBenchmark.writeToFile:postReturnForceNanos         UNCHANGED          false   1000000000         LongListDisk              1048576                     1     false  long-list    ss    5  16911051803.000                 #

Benchmark result is saved to /home/nikita.lebedev/hiero-consensus-node/platform-sdk/swirlds-merkledb/build/results/jmh/long-list-force-comparison/20260827T075601Z-418584/long-list-block-C.json

Results archive: /home/nikita.lebedev/hiero-consensus-node/platform-sdk/swirlds-merkledb/build/results/jmh/long-list-force-comparison/20260827T075601Z-418584.tar.gz
